id,gtfs_route_id,journey_ref,start_time,end_time,gtfs_route__date,gtfs_route__line_ref,gtfs_route__operator_ref,gtfs_route__route_short_name,gtfs_route__route_long_name,gtfs_route__route_mkt,gtfs_route__route_direction,gtfs_route__route_alternative,gtfs_route__agency_name,gtfs_route__route_type,makat_input
144586565,8941495,53400021_170526,2026-05-18T02:40:00+00:00,2026-05-18T03:29:54+00:00,2026-05-18,5214,15,524,לב הפארק/וייצמן-רעננה<->ת.רכבת בני ברק-בני ברק-1#,10524,1,#,מטרופולין,3,10524
144586618,8941495,41657184_170526,2026-05-18T03:40:00+00:00,2026-05-18T04:29:54+00:00,2026-05-18,5214,15,524,לב הפארק/וייצמן-רעננה<->ת.רכבת בני ברק-בני ברק-1#,10524,1,#,מטרופולין,3,10524
144586617,8941495,1347508_170526,2026-05-18T04:10:00+00:00,2026-05-18T04:59:54+00:00,2026-05-18,5214,15,524,לב הפארק/וייצמן-רעננה<->ת.רכבת בני ברק-בני ברק-1#,10524,1,#,מטרופולין,3,10524
144586031,8941496,53400099_170526,2026-05-18T04:15:00+00:00,2026-05-18T05:02:46+00:00,2026-05-18,5216,15,524,ת.רכבת בני ברק-בני ברק<->קרית הספורט/וייצמן-רעננה-2#,10524,2,#,מטרופולין,3,10524
144586563,8941495,41657189_170526,2026-05-18T04:40:00+00:00,2026-05-18T05:29:54+00:00,2026-05-18,5214,15,524,לב הפארק/וייצמן-רעננה<->ת.רכבת בני ברק-בני ברק-1#,10524,1,#,מטרופולין,3,10524
144552707,8941495,585243400_170526,2026-05-18T05:10:00+00:00,2026-05-18T05:59:54+00:00,2026-05-18,5214,15,524,לב הפארק/וייצמן-רעננה<->ת.רכבת בני ברק-בני ברק-1#,10524,1,#,מטרופולין,3,10524
144582557,8941496,50252393_170526,2026-05-18T05:20:00+00:00,2026-05-18T06:07:46+00:00,2026-05-18,5216,15,524,ת.רכבת בני ברק-בני ברק<->קרית הספורט/וייצמן-רעננה-2#,10524,2,#,מטרופולין,3,10524
144552705,8941495,41657194_170526,2026-05-18T05:40:00+00:00,2026-05-18T06:29:54+00:00,2026-05-18,5214,15,524,לב הפארק/וייצמן-רעננה<->ת.רכבת בני ברק-בני ברק-1#,10524,1,#,מטרופולין,3,10524
144586030,8941496,41657266_170526,2026-05-18T06:15:00+00:00,2026-05-18T07:02:46+00:00,2026-05-18,5216,15,524,ת.רכבת בני ברק-בני ברק<->קרית הספורט/וייצמן-רעננה-2#,10524,2,#,מטרופולין,3,10524
144582463,8941495,25801312_170526,2026-05-18T06:40:00+00:00,2026-05-18T07:29:54+00:00,2026-05-18,5214,15,524,לב הפארק/וייצמן-רעננה<->ת.רכבת בני ברק-בני ברק-1#,10524,1,#,מטרופולין,3,10524
144552708,8941496,41657271_170526,2026-05-18T07:15:00+00:00,2026-05-18T08:02:46+00:00,2026-05-18,5216,15,524,ת.רכבת בני ברק-בני ברק<->קרית הספורט/וייצמן-רעננה-2#,10524,2,#,מטרופולין,3,10524
144552706,8941495,41657204_170526,2026-05-18T07:40:00+00:00,2026-05-18T08:29:54+00:00,2026-05-18,5214,15,524,לב הפארק/וייצמן-רעננה<->ת.רכבת בני ברק-בני ברק-1#,10524,1,#,מטרופולין,3,10524
144582556,8941496,41657276_170526,2026-05-18T08:15:00+00:00,2026-05-18T09:02:46+00:00,2026-05-18,5216,15,524,ת.רכבת בני ברק-בני ברק<->קרית הספורט/וייצמן-רעננה-2#,10524,2,#,מטרופולין,3,10524
144582831,8941495,25801314_170526,2026-05-18T08:40:00+00:00,2026-05-18T09:29:54+00:00,2026-05-18,5214,15,524,לב הפארק/וייצמן-רעננה<->ת.רכבת בני ברק-בני ברק-1#,10524,1,#,מטרופולין,3,10524
144582473,8941496,41657281_170526,2026-05-18T09:15:00+00:00,2026-05-18T10:02:46+00:00,2026-05-18,5216,15,524,ת.רכבת בני ברק-בני ברק<->קרית הספורט/וייצמן-רעננה-2#,10524,2,#,מטרופולין,3,10524
144582832,8941495,41657214_170526,2026-05-18T09:40:00+00:00,2026-05-18T10:29:54+00:00,2026-05-18,5214,15,524,לב הפארק/וייצמן-רעננה<->ת.רכבת בני ברק-בני ברק-1#,10524,1,#,מטרופולין,3,10524
144584588,8941496,41657286_170526,2026-05-18T10:15:00+00:00,2026-05-18T11:02:46+00:00,2026-05-18,5216,15,524,ת.רכבת בני ברק-בני ברק<->קרית הספורט/וייצמן-רעננה-2#,10524,2,#,מטרופולין,3,10524
144582833,8941495,41657219_170526,2026-05-18T10:40:00+00:00,2026-05-18T11:29:54+00:00,2026-05-18,5214,15,524,לב הפארק/וייצמן-רעננה<->ת.רכבת בני ברק-בני ברק-1#,10524,1,#,מטרופולין,3,10524
144584589,8941496,41657291_170526,2026-05-18T11:15:00+00:00,2026-05-18T12:02:46+00:00,2026-05-18,5216,15,524,ת.רכבת בני ברק-בני ברק<->קרית הספורט/וייצמן-רעננה-2#,10524,2,#,מטרופולין,3,10524
144586564,8941495,41657224_170526,2026-05-18T11:40:00+00:00,2026-05-18T12:29:54+00:00,2026-05-18,5214,15,524,לב הפארק/וייצמן-רעננה<->ת.רכבת בני ברק-בני ברק-1#,10524,1,#,מטרופולין,3,10524
144586567,8941496,41657296_170526,2026-05-18T12:15:00+00:00,2026-05-18T13:02:46+00:00,2026-05-18,5216,15,524,ת.רכבת בני ברק-בני ברק<->קרית הספורט/וייצמן-רעננה-2#,10524,2,#,מטרופולין,3,10524
144586619,8941495,41657229_170526,2026-05-18T12:40:00+00:00,2026-05-18T13:29:54+00:00,2026-05-18,5214,15,524,לב הפארק/וייצמן-רעננה<->ת.רכבת בני ברק-בני ברק-1#,10524,1,#,מטרופולין,3,10524
144582835,8941496,585243490_170526,2026-05-18T12:45:00+00:00,2026-05-18T13:32:46+00:00,2026-05-18,5216,15,524,ת.רכבת בני ברק-בני ברק<->קרית הספורט/וייצמן-רעננה-2#,10524,2,#,מטרופולין,3,10524
144584600,8941496,41657301_170526,2026-05-18T13:15:00+00:00,2026-05-18T14:02:46+00:00,2026-05-18,5216,15,524,ת.רכבת בני ברק-בני ברק<->קרית הספורט/וייצמן-רעננה-2#,10524,2,#,מטרופולין,3,10524
144586620,8941495,41657234_170526,2026-05-18T13:40:00+00:00,2026-05-18T14:29:54+00:00,2026-05-18,5214,15,524,לב הפארק/וייצמן-רעננה<->ת.רכבת בני ברק-בני ברק-1#,10524,1,#,מטרופולין,3,10524
144582474,8941496,585243491_170526,2026-05-18T13:45:00+00:00,2026-05-18T14:32:46+00:00,2026-05-18,5216,15,524,ת.רכבת בני ברק-בני ברק<->קרית הספורט/וייצמן-רעננה-2#,10524,2,#,מטרופולין,3,10524
144586568,8941496,41657306_170526,2026-05-18T14:15:00+00:00,2026-05-18T15:02:46+00:00,2026-05-18,5216,15,524,ת.רכבת בני ברק-בני ברק<->קרית הספורט/וייצמן-רעננה-2#,10524,2,#,מטרופולין,3,10524
144586621,8941495,41657239_170526,2026-05-18T14:40:00+00:00,2026-05-18T15:29:54+00:00,2026-05-18,5214,15,524,לב הפארק/וייצמן-רעננה<->ת.רכבת בני ברק-בני ברק-1#,10524,1,#,מטרופולין,3,10524
144582558,8941496,584662126_170526,2026-05-18T15:20:00+00:00,2026-05-18T16:07:46+00:00,2026-05-18,5216,15,524,ת.רכבת בני ברק-בני ברק<->קרית הספורט/וייצמן-רעננה-2#,10524,2,#,מטרופולין,3,10524
144586566,8941495,53400034_170526,2026-05-18T15:40:00+00:00,2026-05-18T16:29:54+00:00,2026-05-18,5214,15,524,לב הפארק/וייצמן-רעננה<->ת.רכבת בני ברק-בני ברק-1#,10524,1,#,מטרופולין,3,10524
144582834,8941496,41657316_170526,2026-05-18T16:15:00+00:00,2026-05-18T17:02:46+00:00,2026-05-18,5216,15,524,ת.רכבת בני ברק-בני ברק<->קרית הספורט/וייצמן-רעננה-2#,10524,2,#,מטרופולין,3,10524
144610377,8947910,53400021_180526,2026-05-19T02:40:00+00:00,2026-05-19T03:29:54+00:00,2026-05-19,5214,15,524,לב הפארק/וייצמן-רעננה<->ת.רכבת בני ברק-בני ברק-1#,10524,1,#,מטרופולין,3,10524
144610478,8947910,41657184_180526,2026-05-19T03:40:00+00:00,2026-05-19T04:29:54+00:00,2026-05-19,5214,15,524,לב הפארק/וייצמן-רעננה<->ת.רכבת בני ברק-בני ברק-1#,10524,1,#,מטרופולין,3,10524
144610477,8947910,1347508_180526,2026-05-19T04:10:00+00:00,2026-05-19T04:59:54+00:00,2026-05-19,5214,15,524,לב הפארק/וייצמן-רעננה<->ת.רכבת בני ברק-בני ברק-1#,10524,1,#,מטרופולין,3,10524
144728182,8947911,53400099_180526,2026-05-19T04:15:00+00:00,2026-05-19T05:02:46+00:00,2026-05-19,5216,15,524,ת.רכבת בני ברק-בני ברק<->קרית הספורט/וייצמן-רעננה-2#,10524,2,#,מטרופולין,3,10524
144725221,8947910,41657189_180526,2026-05-19T04:40:00+00:00,2026-05-19T05:29:54+00:00,2026-05-19,5214,15,524,לב הפארק/וייצמן-רעננה<->ת.רכבת בני ברק-בני ברק-1#,10524,1,#,מטרופולין,3,10524
144610481,8947910,585243400_180526,2026-05-19T05:10:00+00:00,2026-05-19T05:59:54+00:00,2026-05-19,5214,15,524,לב הפארק/וייצמן-רעננה<->ת.רכבת בני ברק-בני ברק-1#,10524,1,#,מטרופולין,3,10524
144696545,8947911,50252393_180526,2026-05-19T05:20:00+00:00,2026-05-19T06:07:46+00:00,2026-05-19,5216,15,524,ת.רכבת בני ברק-בני ברק<->קרית הספורט/וייצמן-רעננה-2#,10524,2,#,מטרופולין,3,10524
144725297,8947910,41657194_180526,2026-05-19T05:40:00+00:00,2026-05-19T06:29:54+00:00,2026-05-19,5214,15,524,לב הפארק/וייצמן-רעננה<->ת.רכבת בני ברק-בני ברק-1#,10524,1,#,מטרופולין,3,10524
144728179,8947911,41657266_180526,2026-05-19T06:15:00+00:00,2026-05-19T07:02:46+00:00,2026-05-19,5216,15,524,ת.רכבת בני ברק-בני ברק<->קרית הספורט/וייצמן-רעננה-2#,10524,2,#,מטרופולין,3,10524
144610374,8947910,25801312_180526,2026-05-19T06:40:00+00:00,2026-05-19T07:29:54+00:00,2026-05-19,5214,15,524,לב הפארק/וייצמן-רעננה<->ת.רכבת בני ברק-בני ברק-1#,10524,1,#,מטרופולין,3,10524
144724625,8947911,41657271_180526,2026-05-19T07:15:00+00:00,2026-05-19T08:02:46+00:00,2026-05-19,5216,15,524,ת.רכבת בני ברק-בני ברק<->קרית הספורט/וייצמן-רעננה-2#,10524,2,#,מטרופולין,3,10524
144610375,8947910,41657204_180526,2026-05-19T07:40:00+00:00,2026-05-19T08:29:54+00:00,2026-05-19,5214,15,524,לב הפארק/וייצמן-רעננה<->ת.רכבת בני ברק-בני ברק-1#,10524,1,#,מטרופולין,3,10524
144728180,8947911,41657276_180526,2026-05-19T08:15:00+00:00,2026-05-19T09:02:46+00:00,2026-05-19,5216,15,524,ת.רכבת בני ברק-בני ברק<->קרית הספורט/וייצמן-רעננה-2#,10524,2,#,מטרופולין,3,10524
144696543,8947910,25801314_180526,2026-05-19T08:40:00+00:00,2026-05-19T09:29:54+00:00,2026-05-19,5214,15,524,לב הפארק/וייצמן-רעננה<->ת.רכבת בני ברק-בני ברק-1#,10524,1,#,מטרופולין,3,10524
144725355,8947911,41657281_180526,2026-05-19T09:15:00+00:00,2026-05-19T10:02:46+00:00,2026-05-19,5216,15,524,ת.רכבת בני ברק-בני ברק<->קרית הספורט/וייצמן-רעננה-2#,10524,2,#,מטרופולין,3,10524
144610479,8947910,41657214_180526,2026-05-19T09:40:00+00:00,2026-05-19T10:29:54+00:00,2026-05-19,5214,15,524,לב הפארק/וייצמן-רעננה<->ת.רכבת בני ברק-בני ברק-1#,10524,1,#,מטרופולין,3,10524
144728181,8947911,41657286_180526,2026-05-19T10:15:00+00:00,2026-05-19T11:02:46+00:00,2026-05-19,5216,15,524,ת.רכבת בני ברק-בני ברק<->קרית הספורט/וייצמן-רעננה-2#,10524,2,#,מטרופולין,3,10524
144610376,8947910,41657219_180526,2026-05-19T10:40:00+00:00,2026-05-19T11:29:54+00:00,2026-05-19,5214,15,524,לב הפארק/וייצמן-רעננה<->ת.רכבת בני ברק-בני ברק-1#,10524,1,#,מטרופולין,3,10524
144610378,8947911,41657291_180526,2026-05-19T11:15:00+00:00,2026-05-19T12:02:46+00:00,2026-05-19,5216,15,524,ת.רכבת בני ברק-בני ברק<->קרית הספורט/וייצמן-רעננה-2#,10524,2,#,מטרופולין,3,10524
144725298,8947910,41657224_180526,2026-05-19T11:40:00+00:00,2026-05-19T12:29:54+00:00,2026-05-19,5214,15,524,לב הפארק/וייצמן-רעננה<->ת.רכבת בני ברק-בני ברק-1#,10524,1,#,מטרופולין,3,10524
144610482,8947911,41657296_180526,2026-05-19T12:15:00+00:00,2026-05-19T13:02:46+00:00,2026-05-19,5216,15,524,ת.רכבת בני ברק-בני ברק<->קרית הספורט/וייצמן-רעננה-2#,10524,2,#,מטרופולין,3,10524
144696544,8947910,41657229_180526,2026-05-19T12:40:00+00:00,2026-05-19T13:29:54+00:00,2026-05-19,5214,15,524,לב הפארק/וייצמן-רעננה<->ת.רכבת בני ברק-בני ברק-1#,10524,1,#,מטרופולין,3,10524
144730820,8947911,585243490_180526,2026-05-19T12:45:00+00:00,2026-05-19T13:32:46+00:00,2026-05-19,5216,15,524,ת.רכבת בני ברק-בני ברק<->קרית הספורט/וייצמן-רעננה-2#,10524,2,#,מטרופולין,3,10524
144725356,8947911,41657301_180526,2026-05-19T13:15:00+00:00,2026-05-19T14:02:46+00:00,2026-05-19,5216,15,524,ת.רכבת בני ברק-בני ברק<->קרית הספורט/וייצמן-רעננה-2#,10524,2,#,מטרופולין,3,10524
144610480,8947910,41657234_180526,2026-05-19T13:40:00+00:00,2026-05-19T14:29:54+00:00,2026-05-19,5214,15,524,לב הפארק/וייצמן-רעננה<->ת.רכבת בני ברק-בני ברק-1#,10524,1,#,מטרופולין,3,10524
144728184,8947911,585243491_180526,2026-05-19T13:45:00+00:00,2026-05-19T14:32:46+00:00,2026-05-19,5216,15,524,ת.רכבת בני ברק-בני ברק<->קרית הספורט/וייצמן-רעננה-2#,10524,2,#,מטרופולין,3,10524
144730819,8947911,41657306_180526,2026-05-19T14:15:00+00:00,2026-05-19T15:02:46+00:00,2026-05-19,5216,15,524,ת.רכבת בני ברק-בני ברק<->קרית הספורט/וייצמן-רעננה-2#,10524,2,#,מטרופולין,3,10524
144728091,8947910,41657239_180526,2026-05-19T14:40:00+00:00,2026-05-19T15:29:54+00:00,2026-05-19,5214,15,524,לב הפארק/וייצמן-רעננה<->ת.רכבת בני ברק-בני ברק-1#,10524,1,#,מטרופולין,3,10524
144728183,8947911,584662126_180526,2026-05-19T15:20:00+00:00,2026-05-19T16:07:46+00:00,2026-05-19,5216,15,524,ת.רכבת בני ברק-בני ברק<->קרית הספורט/וייצמן-רעננה-2#,10524,2,#,מטרופולין,3,10524
144728092,8947910,53400034_180526,2026-05-19T15:40:00+00:00,2026-05-19T16:29:54+00:00,2026-05-19,5214,15,524,לב הפארק/וייצמן-רעננה<->ת.רכבת בני ברק-בני ברק-1#,10524,1,#,מטרופולין,3,10524
144725357,8947911,41657316_180526,2026-05-19T16:15:00+00:00,2026-05-19T17:02:46+00:00,2026-05-19,5216,15,524,ת.רכבת בני ברק-בני ברק<->קרית הספורט/וייצמן-רעננה-2#,10524,2,#,מטרופולין,3,10524
144750880,8954321,53400021_190526,2026-05-20T02:40:00+00:00,2026-05-20T03:29:54+00:00,2026-05-20,5214,15,524,לב הפארק/וייצמן-רעננה<->ת.רכבת בני ברק-בני ברק-1#,10524,1,#,מטרופולין,3,10524
144841350,8954321,41657184_190526,2026-05-20T03:40:00+00:00,2026-05-20T04:29:54+00:00,2026-05-20,5214,15,524,לב הפארק/וייצמן-רעננה<->ת.רכבת בני ברק-בני ברק-1#,10524,1,#,מטרופולין,3,10524
144752527,8954321,1347508_190526,2026-05-20T04:10:00+00:00,2026-05-20T04:59:54+00:00,2026-05-20,5214,15,524,לב הפארק/וייצמן-רעננה<->ת.רכבת בני ברק-בני ברק-1#,10524,1,#,מטרופולין,3,10524
144749875,8954322,53400099_190526,2026-05-20T04:15:00+00:00,2026-05-20T05:02:46+00:00,2026-05-20,5216,15,524,ת.רכבת בני ברק-בני ברק<->קרית הספורט/וייצמן-רעננה-2#,10524,2,#,מטרופולין,3,10524
144750727,8954321,41657189_190526,2026-05-20T04:40:00+00:00,2026-05-20T05:29:54+00:00,2026-05-20,5214,15,524,לב הפארק/וייצמן-רעננה<->ת.רכבת בני ברק-בני ברק-1#,10524,1,#,מטרופולין,3,10524
144747480,8954321,585243400_190526,2026-05-20T05:10:00+00:00,2026-05-20T05:59:54+00:00,2026-05-20,5214,15,524,לב הפארק/וייצמן-רעננה<->ת.רכבת בני ברק-בני ברק-1#,10524,1,#,מטרופולין,3,10524
144750882,8954322,50252393_190526,2026-05-20T05:20:00+00:00,2026-05-20T06:07:46+00:00,2026-05-20,5216,15,524,ת.רכבת בני ברק-בני ברק<->קרית הספורט/וייצמן-רעננה-2#,10524,2,#,מטרופולין,3,10524
144750877,8954321,41657194_190526,2026-05-20T05:40:00+00:00,2026-05-20T06:29:54+00:00,2026-05-20,5214,15,524,לב הפארק/וייצמן-רעננה<->ת.רכבת בני ברק-בני ברק-1#,10524,1,#,מטרופולין,3,10524
144750856,8954322,41657266_190526,2026-05-20T06:15:00+00:00,2026-05-20T07:02:46+00:00,2026-05-20,5216,15,524,ת.רכבת בני ברק-בני ברק<->קרית הספורט/וייצמן-רעננה-2#,10524,2,#,מטרופולין,3,10524
144749872,8954321,25801312_190526,2026-05-20T06:40:00+00:00,2026-05-20T07:29:54+00:00,2026-05-20,5214,15,524,לב הפארק/וייצמן-רעננה<->ת.רכבת בני ברק-בני ברק-1#,10524,1,#,מטרופולין,3,10524
144841353,8954322,41657271_190526,2026-05-20T07:15:00+00:00,2026-05-20T08:02:46+00:00,2026-05-20,5216,15,524,ת.רכבת בני ברק-בני ברק<->קרית הספורט/וייצמן-רעננה-2#,10524,2,#,מטרופולין,3,10524
144841351,8954321,41657204_190526,2026-05-20T07:40:00+00:00,2026-05-20T08:29:54+00:00,2026-05-20,5214,15,524,לב הפארק/וייצמן-רעננה<->ת.רכבת בני ברק-בני ברק-1#,10524,1,#,מטרופולין,3,10524
144750732,8954322,41657276_190526,2026-05-20T08:15:00+00:00,2026-05-20T09:02:46+00:00,2026-05-20,5216,15,524,ת.רכבת בני ברק-בני ברק<->קרית הספורט/וייצמן-רעננה-2#,10524,2,#,מטרופולין,3,10524
144750832,8954321,25801314_190526,2026-05-20T08:40:00+00:00,2026-05-20T09:29:54+00:00,2026-05-20,5214,15,524,לב הפארק/וייצמן-רעננה<->ת.רכבת בני ברק-בני ברק-1#,10524,1,#,מטרופולין,3,10524
144749873,8954322,41657281_190526,2026-05-20T09:15:00+00:00,2026-05-20T10:02:46+00:00,2026-05-20,5216,15,524,ת.רכבת בני ברק-בני ברק<->קרית הספורט/וייצמן-רעננה-2#,10524,2,#,מטרופולין,3,10524
144750728,8954321,41657214_190526,2026-05-20T09:40:00+00:00,2026-05-20T10:29:54+00:00,2026-05-20,5214,15,524,לב הפארק/וייצמן-רעננה<->ת.רכבת בני ברק-בני ברק-1#,10524,1,#,מטרופולין,3,10524
144749874,8954322,41657286_190526,2026-05-20T10:15:00+00:00,2026-05-20T11:02:46+00:00,2026-05-20,5216,15,524,ת.רכבת בני ברק-בני ברק<->קרית הספורט/וייצמן-רעננה-2#,10524,2,#,מטרופולין,3,10524
144841352,8954321,41657219_190526,2026-05-20T10:40:00+00:00,2026-05-20T11:29:54+00:00,2026-05-20,5214,15,524,לב הפארק/וייצמן-רעננה<->ת.רכבת בני ברק-בני ברק-1#,10524,1,#,מטרופולין,3,10524
144750881,8954322,41657291_190526,2026-05-20T11:15:00+00:00,2026-05-20T12:02:46+00:00,2026-05-20,5216,15,524,ת.רכבת בני ברק-בני ברק<->קרית הספורט/וייצמן-רעננה-2#,10524,2,#,מטרופולין,3,10524
144750878,8954321,41657224_190526,2026-05-20T11:40:00+00:00,2026-05-20T12:29:54+00:00,2026-05-20,5214,15,524,לב הפארק/וייצמן-רעננה<->ת.רכבת בני ברק-בני ברק-1#,10524,1,#,מטרופולין,3,10524
144753200,8954322,41657296_190526,2026-05-20T12:15:00+00:00,2026-05-20T13:02:46+00:00,2026-05-20,5216,15,524,ת.רכבת בני ברק-בני ברק<->קרית הספורט/וייצמן-רעננה-2#,10524,2,#,מטרופולין,3,10524
144750879,8954321,41657229_190526,2026-05-20T12:40:00+00:00,2026-05-20T13:29:54+00:00,2026-05-20,5214,15,524,לב הפארק/וייצמן-רעננה<->ת.רכבת בני ברק-בני ברק-1#,10524,1,#,מטרופולין,3,10524
144752549,8954322,585243490_190526,2026-05-20T12:45:00+00:00,2026-05-20T13:32:46+00:00,2026-05-20,5216,15,524,ת.רכבת בני ברק-בני ברק<->קרית הספורט/וייצמן-רעננה-2#,10524,2,#,מטרופולין,3,10524
144753201,8954322,41657301_190526,2026-05-20T13:15:00+00:00,2026-05-20T14:02:46+00:00,2026-05-20,5216,15,524,ת.רכבת בני ברק-בני ברק<->קרית הספורט/וייצמן-רעננה-2#,10524,2,#,מטרופולין,3,10524
144752528,8954321,41657234_190526,2026-05-20T13:40:00+00:00,2026-05-20T14:29:54+00:00,2026-05-20,5214,15,524,לב הפארק/וייצמן-רעננה<->ת.רכבת בני ברק-בני ברק-1#,10524,1,#,מטרופולין,3,10524
144841354,8954322,585243491_190526,2026-05-20T13:45:00+00:00,2026-05-20T14:32:46+00:00,2026-05-20,5216,15,524,ת.רכבת בני ברק-בני ברק<->קרית הספורט/וייצמן-רעננה-2#,10524,2,#,מטרופולין,3,10524
144752546,8954322,41657306_190526,2026-05-20T14:15:00+00:00,2026-05-20T15:02:46+00:00,2026-05-20,5216,15,524,ת.רכבת בני ברק-בני ברק<->קרית הספורט/וייצמן-רעננה-2#,10524,2,#,מטרופולין,3,10524
144747479,8954321,41657239_190526,2026-05-20T14:40:00+00:00,2026-05-20T15:29:54+00:00,2026-05-20,5214,15,524,לב הפארק/וייצמן-רעננה<->ת.רכבת בני ברק-בני ברק-1#,10524,1,#,מטרופולין,3,10524
144752547,8954322,584662126_190526,2026-05-20T15:20:00+00:00,2026-05-20T16:07:46+00:00,2026-05-20,5216,15,524,ת.רכבת בני ברק-בני ברק<->קרית הספורט/וייצמן-רעננה-2#,10524,2,#,מטרופולין,3,10524
144750729,8954321,53400034_190526,2026-05-20T15:40:00+00:00,2026-05-20T16:29:54+00:00,2026-05-20,5214,15,524,לב הפארק/וייצמן-רעננה<->ת.רכבת בני ברק-בני ברק-1#,10524,1,#,מטרופולין,3,10524
144753202,8954322,41657316_190526,2026-05-20T16:15:00+00:00,2026-05-20T17:02:46+00:00,2026-05-20,5216,15,524,ת.רכבת בני ברק-בני ברק<->קרית הספורט/וייצמן-רעננה-2#,10524,2,#,מטרופולין,3,10524
144866112,8960450,41657183_210526,2026-05-21T02:35:00+00:00,2026-05-21T03:24:54+00:00,2026-05-21,5214,15,524,לב הפארק/וייצמן-רעננה<->ת.רכבת בני ברק-בני ברק-1#,10524,1,#,מטרופולין,3,10524
144866153,8960450,3962025_210526,2026-05-21T03:55:00+00:00,2026-05-21T04:44:54+00:00,2026-05-21,5214,15,524,לב הפארק/וייצמן-רעננה<->ת.רכבת בני ברק-בני ברק-1#,10524,1,#,מטרופולין,3,10524
144912599,8960451,41657260_210526,2026-05-21T04:10:00+00:00,2026-05-21T04:57:46+00:00,2026-05-21,5216,15,524,ת.רכבת בני ברק-בני ברק<->קרית הספורט/וייצמן-רעננה-2#,10524,2,#,מטרופולין,3,10524
144912598,8960450,47086801_210526,2026-05-21T04:35:00+00:00,2026-05-21T05:24:54+00:00,2026-05-21,5214,15,524,לב הפארק/וייצמן-רעננה<->ת.רכבת בני ברק-בני ברק-1#,10524,1,#,מטרופולין,3,10524
144866154,8960451,47086772_210526,2026-05-21T05:20:00+00:00,2026-05-21T06:07:46+00:00,2026-05-21,5216,15,524,ת.רכבת בני ברק-בני ברק<->קרית הספורט/וייצמן-רעננה-2#,10524,2,#,מטרופולין,3,10524
144863813,8960450,47086802_210526,2026-05-21T06:35:00+00:00,2026-05-21T07:24:54+00:00,2026-05-21,5214,15,524,לב הפארק/וייצמן-רעננה<->ת.רכבת בני ברק-בני ברק-1#,10524,1,#,מטרופולין,3,10524
144864160,8960451,36212307_210526,2026-05-21T06:40:00+00:00,2026-05-21T07:27:46+00:00,2026-05-21,5216,15,524,ת.רכבת בני ברק-בני ברק<->קרית הספורט/וייצמן-רעננה-2#,10524,2,#,מטרופולין,3,10524
144866114,8960451,47086774_210526,2026-05-21T07:20:00+00:00,2026-05-21T08:07:46+00:00,2026-05-21,5216,15,524,ת.רכבת בני ברק-בני ברק<->קרית הספורט/וייצמן-רעננה-2#,10524,2,#,מטרופולין,3,10524
144866111,8960450,3962029_210526,2026-05-21T07:55:00+00:00,2026-05-21T08:44:54+00:00,2026-05-21,5214,15,524,לב הפארק/וייצמן-רעננה<->ת.רכבת בני ברק-בני ברק-1#,10524,1,#,מטרופולין,3,10524
144865554,8960451,584770686_210526,2026-05-21T08:10:00+00:00,2026-05-21T08:57:46+00:00,2026-05-21,5216,15,524,ת.רכבת בני ברק-בני ברק<->קרית הספורט/וייצמן-רעננה-2#,10524,2,#,מטרופולין,3,10524
144866113,8960451,41657285_210526,2026-05-21T09:15:00+00:00,2026-05-21T10:02:46+00:00,2026-05-21,5216,15,524,ת.רכבת בני ברק-בני ברק<->קרית הספורט/וייצמן-רעננה-2#,10524,2,#,מטרופולין,3,10524
144863812,8960450,3962031_210526,2026-05-21T09:55:00+00:00,2026-05-21T10:44:54+00:00,2026-05-21,5214,15,524,לב הפארק/וייצמן-רעננה<->ת.רכבת בני ברק-בני ברק-1#,10524,1,#,מטרופולין,3,10524
144865788,8960451,41657290_210526,2026-05-21T10:15:00+00:00,2026-05-21T11:02:46+00:00,2026-05-21,5216,15,524,ת.רכבת בני ברק-בני ברק<->קרית הספורט/וייצמן-רעננה-2#,10524,2,#,מטרופולין,3,10524
144865553,8960450,47086805_210526,2026-05-21T10:35:00+00:00,2026-05-21T11:24:54+00:00,2026-05-21,5214,15,524,לב הפארק/וייצמן-רעננה<->ת.רכבת בני ברק-בני ברק-1#,10524,1,#,מטרופולין,3,10524
144863815,8960451,41657295_210526,2026-05-21T11:15:00+00:00,2026-05-21T12:02:46+00:00,2026-05-21,5216,15,524,ת.רכבת בני ברק-בני ברק<->קרית הספורט/וייצמן-רעננה-2#,10524,2,#,מטרופולין,3,10524
144863814,8960450,47086806_210526,2026-05-21T11:35:00+00:00,2026-05-21T12:24:54+00:00,2026-05-21,5214,15,524,לב הפארק/וייצמן-רעננה<->ת.רכבת בני ברק-בני ברק-1#,10524,1,#,מטרופולין,3,10524
144912600,8960451,41657300_210526,2026-05-21T12:15:00+00:00,2026-05-21T13:02:46+00:00,2026-05-21,5216,15,524,ת.רכבת בני ברק-בני ברק<->קרית הספורט/וייצמן-רעננה-2#,10524,2,#,מטרופולין,3,10524
144582585,8941499,41657574_170526,2026-05-18T02:05:00+00:00,2026-05-18T03:00:36+00:00,2026-05-18,5224,15,531,לב הפארק/וייצמן-רעננה<->בית המשפט/שד' שאול המלך-תל אביב יפו-1#,10531,1,#,מטרופולין,3,10531
144582640,8941499,586152152_170526,2026-05-18T02:25:00+00:00,2026-05-18T03:20:36+00:00,2026-05-18,5224,15,531,לב הפארק/וייצמן-רעננה<->בית המשפט/שד' שאול המלך-תל אביב יפו-1#,10531,1,#,מטרופולין,3,10531
144583072,8941500,41657761_170526,2026-05-18T02:30:00+00:00,2026-05-18T03:26:59+00:00,2026-05-18,5226,15,531,תחנה תפעולית/מסוף גולדה-תל אביב יפו<->קרית הספורט/וייצמן-רעננה-2#,10531,2,#,מטרופולין,3,10531
144586044,8941499,41657579_170526,2026-05-18T02:45:00+00:00,2026-05-18T03:40:36+00:00,2026-05-18,5224,15,531,לב הפארק/וייצמן-רעננה<->בית המשפט/שד' שאול המלך-תל אביב יפו-1#,10531,1,#,מטרופולין,3,10531
144586164,8941500,585887921_170526,2026-05-18T03:00:00+00:00,2026-05-18T03:56:59+00:00,2026-05-18,5226,15,531,תחנה תפעולית/מסוף גולדה-תל אביב יפו<->קרית הספורט/וייצמן-רעננה-2#,10531,2,#,מטרופולין,3,10531
144586635,8941499,3835718_170526,2026-05-18T03:10:00+00:00,2026-05-18T04:05:36+00:00,2026-05-18,5224,15,531,לב הפארק/וייצמן-רעננה<->בית המשפט/שד' שאול המלך-תל אביב יפו-1#,10531,1,#,מטרופולין,3,10531
144582642,8941500,3835844_170526,2026-05-18T03:30:00+00:00,2026-05-18T04:26:59+00:00,2026-05-18,5226,15,531,תחנה תפעולית/מסוף גולדה-תל אביב יפו<->קרית הספורט/וייצמן-רעננה-2#,10531,2,#,מטרופולין,3,10531
144586718,8941499,41657589_170526,2026-05-18T03:35:00+00:00,2026-05-18T04:30:36+00:00,2026-05-18,5224,15,531,לב הפארק/וייצמן-רעננה<->בית המשפט/שד' שאול המלך-תל אביב יפו-1#,10531,1,#,מטרופולין,3,10531
144586815,8941500,1589196_170526,2026-05-18T04:00:00+00:00,2026-05-18T04:56:59+00:00,2026-05-18,5226,15,531,תחנה תפעולית/מסוף גולדה-תל אביב יפו<->קרית הספורט/וייצמן-רעננה-2#,10531,2,#,מטרופולין,3,10531
144583068,8941499,3962434_170526,2026-05-18T04:10:00+00:00,2026-05-18T05:05:36+00:00,2026-05-18,5224,15,531,לב הפארק/וייצמן-רעננה<->בית המשפט/שד' שאול המלך-תל אביב יפו-1#,10531,1,#,מטרופולין,3,10531
144583071,8941500,1348100_170526,2026-05-18T04:20:00+00:00,2026-05-18T05:16:59+00:00,2026-05-18,5226,15,531,תחנה תפעולית/מסוף גולדה-תל אביב יפו<->קרית הספורט/וייצמן-רעננה-2#,10531,2,#,מטרופולין,3,10531
144582638,8941499,1347908_170526,2026-05-18T04:40:00+00:00,2026-05-18T05:35:36+00:00,2026-05-18,5224,15,531,לב הפארק/וייצמן-רעננה<->בית המשפט/שד' שאול המלך-תל אביב יפו-1#,10531,1,#,מטרופולין,3,10531
144582602,8941500,1348101_170526,2026-05-18T04:40:00+00:00,2026-05-18T05:36:59+00:00,2026-05-18,5226,15,531,תחנה תפעולית/מסוף גולדה-תל אביב יפו<->קרית הספורט/וייצמן-רעננה-2#,10531,2,#,מטרופולין,3,10531
144582641,8941500,1348102_170526,2026-05-18T05:00:00+00:00,2026-05-18T05:56:59+00:00,2026-05-18,5226,15,531,תחנה תפעולית/מסוף גולדה-תל אביב יפו<->קרית הספורט/וייצמן-רעננה-2#,10531,2,#,מטרופולין,3,10531
144586948,8941499,585238607_170526,2026-05-18T05:10:00+00:00,2026-05-18T06:05:36+00:00,2026-05-18,5224,15,531,לב הפארק/וייצמן-רעננה<->בית המשפט/שד' שאול המלך-תל אביב יפו-1#,10531,1,#,מטרופולין,3,10531
144552715,8941500,585887922_170526,2026-05-18T05:20:00+00:00,2026-05-18T06:16:59+00:00,2026-05-18,5226,15,531,תחנה תפעולית/מסוף גולדה-תל אביב יפו<->קרית הספורט/וייצמן-רעננה-2#,10531,2,#,מטרופולין,3,10531
144582604,8941500,585271602_170526,2026-05-18T05:40:00+00:00,2026-05-18T06:36:59+00:00,2026-05-18,5226,15,531,תחנה תפעולית/מסוף גולדה-תל אביב יפו<->קרית הספורט/וייצמן-רעננה-2#,10531,2,#,מטרופולין,3,10531
144586721,8941499,585887453_170526,2026-05-18T05:50:00+00:00,2026-05-18T06:45:36+00:00,2026-05-18,5224,15,531,לב הפארק/וייצמן-רעננה<->בית המשפט/שד' שאול המלך-תל אביב יפו-1#,10531,1,#,מטרופולין,3,10531
144586154,8941500,1348104_170526,2026-05-18T06:00:00+00:00,2026-05-18T06:56:59+00:00,2026-05-18,5226,15,531,תחנה תפעולית/מסוף גולדה-תל אביב יפו<->קרית הספורט/וייצמן-רעננה-2#,10531,2,#,מטרופולין,3,10531
144586939,8941499,3962356_170526,2026-05-18T06:30:00+00:00,2026-05-18T07:25:36+00:00,2026-05-18,5224,15,531,לב הפארק/וייצמן-רעננה<->בית המשפט/שד' שאול המלך-תל אביב יפו-1#,10531,1,#,מטרופולין,3,10531
144586817,8941500,585887923_170526,2026-05-18T06:40:00+00:00,2026-05-18T07:36:59+00:00,2026-05-18,5226,15,531,תחנה תפעולית/מסוף גולדה-תל אביב יפו<->קרית הספורט/וייצמן-רעננה-2#,10531,2,#,מטרופולין,3,10531
144584860,8941499,3962486_170526,2026-05-18T07:10:00+00:00,2026-05-18T08:05:36+00:00,2026-05-18,5224,15,531,לב הפארק/וייצמן-רעננה<->בית המשפט/שד' שאול המלך-תל אביב יפו-1#,10531,1,#,מטרופולין,3,10531
144582644,8941500,585887924_170526,2026-05-18T07:20:00+00:00,2026-05-18T08:16:59+00:00,2026-05-18,5226,15,531,תחנה תפעולית/מסוף גולדה-תל אביב יפו<->קרית הספורט/וייצמן-רעננה-2#,10531,2,#,מטרופולין,3,10531
144582598,8941499,585887454_170526,2026-05-18T07:50:00+00:00,2026-05-18T08:45:36+00:00,2026-05-18,5224,15,531,לב הפארק/וייצמן-רעננה<->בית המשפט/שד' שאול המלך-תל אביב יפו-1#,10531,1,#,מטרופולין,3,10531
144584865,8941500,45806988_170526,2026-05-18T08:00:00+00:00,2026-05-18T08:56:59+00:00,2026-05-18,5226,15,531,תחנה תפעולית/מסוף גולדה-תל אביב יפו<->קרית הספורט/וייצמן-רעננה-2#,10531,2,#,מטרופולין,3,10531
144587095,8941500,50252464_170526,2026-05-18T08:20:00+00:00,2026-05-18T09:16:59+00:00,2026-05-18,5226,15,531,תחנה תפעולית/מסוף גולדה-תל אביב יפו<->קרית הספורט/וייצמן-רעננה-2#,10531,2,#,מטרופולין,3,10531
144586717,8941499,3962360_170526,2026-05-18T08:30:00+00:00,2026-05-18T09:25:36+00:00,2026-05-18,5224,15,531,לב הפארק/וייצמן-רעננה<->בית המשפט/שד' שאול המלך-תל אביב יפו-1#,10531,1,#,מטרופולין,3,10531
144586165,8941500,585887925_170526,2026-05-18T08:40:00+00:00,2026-05-18T09:36:59+00:00,2026-05-18,5226,15,531,תחנה תפעולית/מסוף גולדה-תל אביב יפו<->קרית הספורט/וייצמן-רעננה-2#,10531,2,#,מטרופולין,3,10531
144584861,8941499,3962490_170526,2026-05-18T09:10:00+00:00,2026-05-18T10:05:36+00:00,2026-05-18,5224,15,531,לב הפארק/וייצמן-רעננה<->בית המשפט/שד' שאול המלך-תל אביב יפו-1#,10531,1,#,מטרופולין,3,10531
144586166,8941500,585887926_170526,2026-05-18T09:20:00+00:00,2026-05-18T10:16:59+00:00,2026-05-18,5226,15,531,תחנה תפעולית/מסוף גולדה-תל אביב יפו<->קרית הספורט/וייצמן-רעננה-2#,10531,2,#,מטרופולין,3,10531
144582599,8941499,585887455_170526,2026-05-18T09:50:00+00:00,2026-05-18T10:45:36+00:00,2026-05-18,5224,15,531,לב הפארק/וייצמן-רעננה<->בית המשפט/שד' שאול המלך-תל אביב יפו-1#,10531,1,#,מטרופולין,3,10531
144582603,8941500,45806992_170526,2026-05-18T10:00:00+00:00,2026-05-18T10:56:59+00:00,2026-05-18,5226,15,531,תחנה תפעולית/מסוף גולדה-תל אביב יפו<->קרית הספורט/וייצמן-רעננה-2#,10531,2,#,מטרופולין,3,10531
144582597,8941499,45806840_170526,2026-05-18T10:30:00+00:00,2026-05-18T11:25:36+00:00,2026-05-18,5224,15,531,לב הפארק/וייצמן-רעננה<->בית המשפט/שד' שאול המלך-תל אביב יפו-1#,10531,1,#,מטרופולין,3,10531
144586818,8941500,585887927_170526,2026-05-18T10:40:00+00:00,2026-05-18T11:36:59+00:00,2026-05-18,5226,15,531,תחנה תפעולית/מסוף גולדה-תל אביב יפו<->קרית הספורט/וייצמן-רעננה-2#,10531,2,#,מטרופולין,3,10531
144586720,8941499,585874162_170526,2026-05-18T10:45:00+00:00,2026-05-18T11:40:36+00:00,2026-05-18,5224,15,531,לב הפארק/וייצמן-רעננה<->בית המשפט/שד' שאול המלך-תל אביב יפו-1#,10531,1,#,מטרופולין,3,10531
144586045,8941499,45806841_170526,2026-05-18T11:00:00+00:00,2026-05-18T11:55:36+00:00,2026-05-18,5224,15,531,לב הפארק/וייצמן-רעננה<->בית המשפט/שד' שאול המלך-תל אביב יפו-1#,10531,1,#,מטרופולין,3,10531
144584866,8941500,585887928_170526,2026-05-18T11:20:00+00:00,2026-05-18T12:16:59+00:00,2026-05-18,5226,15,531,תחנה תפעולית/מסוף גולדה-תל אביב יפו<->קרית הספורט/וייצמן-רעננה-2#,10531,2,#,מטרופולין,3,10531
144586947,8941499,3962365_170526,2026-05-18T11:30:00+00:00,2026-05-18T12:25:36+00:00,2026-05-18,5224,15,531,לב הפארק/וייצמן-רעננה<->בית המשפט/שד' שאול המלך-תל אביב יפו-1#,10531,1,#,מטרופולין,3,10531
144586816,8941500,41657821_170526,2026-05-18T11:50:00+00:00,2026-05-18T12:46:59+00:00,2026-05-18,5226,15,531,תחנה תפעולית/מסוף גולדה-תל אביב יפו<->קרית הספורט/וייצמן-רעננה-2#,10531,2,#,מטרופולין,3,10531
144584862,8941499,45806843_170526,2026-05-18T12:00:00+00:00,2026-05-18T12:55:36+00:00,2026-05-18,5224,15,531,לב הפארק/וייצמן-רעננה<->בית המשפט/שד' שאול המלך-תל אביב יפו-1#,10531,1,#,מטרופולין,3,10531
144552714,8941500,41657826_170526,2026-05-18T12:20:00+00:00,2026-05-18T13:16:59+00:00,2026-05-18,5226,15,531,תחנה תפעולית/מסוף גולדה-תל אביב יפו<->קרית הספורט/וייצמן-רעננה-2#,10531,2,#,מטרופולין,3,10531
144552713,8941499,45806844_170526,2026-05-18T12:30:00+00:00,2026-05-18T13:25:36+00:00,2026-05-18,5224,15,531,לב הפארק/וייצמן-רעננה<->בית המשפט/שד' שאול המלך-תל אביב יפו-1#,10531,1,#,מטרופולין,3,10531
144582645,8941500,585887929_170526,2026-05-18T12:50:00+00:00,2026-05-18T13:46:59+00:00,2026-05-18,5226,15,531,תחנה תפעולית/מסוף גולדה-תל אביב יפו<->קרית הספורט/וייצמן-רעננה-2#,10531,2,#,מטרופולין,3,10531
144583069,8941499,45806845_170526,2026-05-18T13:00:00+00:00,2026-05-18T13:55:36+00:00,2026-05-18,5224,15,531,לב הפארק/וייצמן-רעננה<->בית המשפט/שד' שאול המלך-תל אביב יפו-1#,10531,1,#,מטרופולין,3,10531
144582646,8941500,585887930_170526,2026-05-18T13:20:00+00:00,2026-05-18T14:16:59+00:00,2026-05-18,5226,15,531,תחנה תפעולית/מסוף גולדה-תל אביב יפו<->קרית הספורט/וייצמן-רעננה-2#,10531,2,#,מטרופולין,3,10531
144583070,8941499,45806846_170526,2026-05-18T13:30:00+00:00,2026-05-18T14:25:36+00:00,2026-05-18,5224,15,531,לב הפארק/וייצמן-רעננה<->בית המשפט/שד' שאול המלך-תל אביב יפו-1#,10531,1,#,מטרופולין,3,10531
144582643,8941500,585874178_170526,2026-05-18T13:50:00+00:00,2026-05-18T14:46:59+00:00,2026-05-18,5226,15,531,תחנה תפעולית/מסוף גולדה-תל אביב יפו<->קרית הספורט/וייצמן-רעננה-2#,10531,2,#,מטרופולין,3,10531
144586719,8941499,45806847_170526,2026-05-18T14:00:00+00:00,2026-05-18T14:55:36+00:00,2026-05-18,5224,15,531,לב הפארק/וייצמן-רעננה<->בית המשפט/שד' שאול המלך-תל אביב יפו-1#,10531,1,#,מטרופולין,3,10531
144582647,8941500,585887931_170526,2026-05-18T14:20:00+00:00,2026-05-18T15:16:59+00:00,2026-05-18,5226,15,531,תחנה תפעולית/מסוף גולדה-תל אביב יפו<->קרית הספורט/וייצמן-רעננה-2#,10531,2,#,מטרופולין,3,10531
144586722,8941499,586136349_170526,2026-05-18T14:40:00+00:00,2026-05-18T15:35:36+00:00,2026-05-18,5224,15,531,לב הפארק/וייצמן-רעננה<->בית המשפט/שד' שאול המלך-תל אביב יפו-1#,10531,1,#,מטרופולין,3,10531
144586167,8941500,585887932_170526,2026-05-18T14:50:00+00:00,2026-05-18T15:46:59+00:00,2026-05-18,5226,15,531,תחנה תפעולית/מסוף גולדה-תל אביב יפו<->קרית הספורט/וייצמן-רעננה-2#,10531,2,#,מטרופולין,3,10531
144582605,8941500,585887933_170526,2026-05-18T15:20:00+00:00,2026-05-18T16:16:59+00:00,2026-05-18,5226,15,531,תחנה תפעולית/מסוף גולדה-תל אביב יפו<->קרית הספורט/וייצמן-רעננה-2#,10531,2,#,מטרופולין,3,10531
144584863,8941499,585887456_170526,2026-05-18T15:35:00+00:00,2026-05-18T16:30:36+00:00,2026-05-18,5224,15,531,לב הפארק/וייצמן-רעננה<->בית המשפט/שד' שאול המלך-תל אביב יפו-1#,10531,1,#,מטרופולין,3,10531
144587096,8941500,585874175_170526,2026-05-18T15:50:00+00:00,2026-05-18T16:46:59+00:00,2026-05-18,5226,15,531,תחנה תפעולית/מסוף גולדה-תל אביב יפו<->קרית הספורט/וייצמן-רעננה-2#,10531,2,#,מטרופולין,3,10531
144586168,8941500,585887934_170526,2026-05-18T16:20:00+00:00,2026-05-18T17:16:59+00:00,2026-05-18,5226,15,531,תחנה תפעולית/מסוף גולדה-תל אביב יפו<->קרית הספורט/וייצמן-רעננה-2#,10531,2,#,מטרופולין,3,10531
144584864,8941499,585887457_170526,2026-05-18T16:20:00+00:00,2026-05-18T17:15:36+00:00,2026-05-18,5224,15,531,לב הפארק/וייצמן-רעננה<->בית המשפט/שד' שאול המלך-תל אביב יפו-1#,10531,1,#,מטרופולין,3,10531
144583074,8941500,585887935_170526,2026-05-18T16:55:00+00:00,2026-05-18T17:51:59+00:00,2026-05-18,5226,15,531,תחנה תפעולית/מסוף גולדה-תל אביב יפו<->קרית הספורט/וייצמן-רעננה-2#,10531,2,#,מטרופולין,3,10531
144582639,8941499,41657704_170526,2026-05-18T17:05:00+00:00,2026-05-18T18:00:36+00:00,2026-05-18,5224,15,531,לב הפארק/וייצמן-רעננה<->בית המשפט/שד' שאול המלך-תל אביב יפו-1#,10531,1,#,מטרופולין,3,10531
144586171,8941500,585887936_170526,2026-05-18T17:35:00+00:00,2026-05-18T18:31:59+00:00,2026-05-18,5226,15,531,תחנה תפעולית/מסוף גולדה-תל אביב יפו<->קרית הספורט/וייצמן-רעננה-2#,10531,2,#,מטרופולין,3,10531
144583073,8941500,41657886_170526,2026-05-18T18:15:00+00:00,2026-05-18T19:11:59+00:00,2026-05-18,5226,15,531,תחנה תפעולית/מסוף גולדה-תל אביב יפו<->קרית הספורט/וייצמן-רעננה-2#,10531,2,#,מטרופולין,3,10531
144725440,8947914,41657574_180526,2026-05-19T02:05:00+00:00,2026-05-19T03:00:36+00:00,2026-05-19,5224,15,531,לב הפארק/וייצמן-רעננה<->בית המשפט/שד' שאול המלך-תל אביב יפו-1#,10531,1,#,מטרופולין,3,10531
144728251,8947914,586152152_180526,2026-05-19T02:25:00+00:00,2026-05-19T03:20:36+00:00,2026-05-19,5224,15,531,לב הפארק/וייצמן-רעננה<->בית המשפט/שד' שאול המלך-תל אביב יפו-1#,10531,1,#,מטרופולין,3,10531
144731900,8947915,41657761_180526,2026-05-19T02:30:00+00:00,2026-05-19T03:26:59+00:00,2026-05-19,5226,15,531,תחנה תפעולית/מסוף גולדה-תל אביב יפו<->קרית הספורט/וייצמן-רעננה-2#,10531,2,#,מטרופולין,3,10531
144731896,8947914,41657579_180526,2026-05-19T02:45:00+00:00,2026-05-19T03:40:36+00:00,2026-05-19,5224,15,531,לב הפארק/וייצמן-רעננה<->בית המשפט/שד' שאול המלך-תל אביב יפו-1#,10531,1,#,מטרופולין,3,10531
144730840,8947915,585887921_180526,2026-05-19T03:00:00+00:00,2026-05-19T03:56:59+00:00,2026-05-19,5226,15,531,תחנה תפעולית/מסוף גולדה-תל אביב יפו<->קרית הספורט/וייצמן-רעננה-2#,10531,2,#,מטרופולין,3,10531
144728250,8947914,3835718_180526,2026-05-19T03:10:00+00:00,2026-05-19T04:05:36+00:00,2026-05-19,5224,15,531,לב הפארק/וייצמן-רעננה<->בית המשפט/שד' שאול המלך-תל אביב יפו-1#,10531,1,#,מטרופולין,3,10531
144731898,8947915,3835844_180526,2026-05-19T03:30:00+00:00,2026-05-19T04:26:59+00:00,2026-05-19,5226,15,531,תחנה תפעולית/מסוף גולדה-תל אביב יפו<->קרית הספורט/וייצמן-רעננה-2#,10531,2,#,מטרופולין,3,10531
144725441,8947914,41657589_180526,2026-05-19T03:35:00+00:00,2026-05-19T04:30:36+00:00,2026-05-19,5224,15,531,לב הפארק/וייצמן-רעננה<->בית המשפט/שד' שאול המלך-תל אביב יפו-1#,10531,1,#,מטרופולין,3,10531
144725616,8947915,1589196_180526,2026-05-19T04:00:00+00:00,2026-05-19T04:56:59+00:00,2026-05-19,5226,15,531,תחנה תפעולית/מסוף גולדה-תל אביב יפו<->קרית הספורט/וייצמן-רעננה-2#,10531,2,#,מטרופולין,3,10531
144725438,8947914,3962434_180526,2026-05-19T04:10:00+00:00,2026-05-19T05:05:36+00:00,2026-05-19,5224,15,531,לב הפארק/וייצמן-רעננה<->בית המשפט/שד' שאול המלך-תל אביב יפו-1#,10531,1,#,מטרופולין,3,10531
144610393,8947915,1348100_180526,2026-05-19T04:20:00+00:00,2026-05-19T05:16:59+00:00,2026-05-19,5226,15,531,תחנה תפעולית/מסוף גולדה-תל אביב יפו<->קרית הספורט/וייצמן-רעננה-2#,10531,2,#,מטרופולין,3,10531
144725437,8947914,1347908_180526,2026-05-19T04:40:00+00:00,2026-05-19T05:35:36+00:00,2026-05-19,5224,15,531,לב הפארק/וייצמן-רעננה<->בית המשפט/שד' שאול המלך-תל אביב יפו-1#,10531,1,#,מטרופולין,3,10531
144610614,8947915,1348101_180526,2026-05-19T04:40:00+00:00,2026-05-19T05:36:59+00:00,2026-05-19,5226,15,531,תחנה תפעולית/מסוף גולדה-תל אביב יפו<->קרית הספורט/וייצמן-רעננה-2#,10531,2,#,מטרופולין,3,10531
144725615,8947915,1348102_180526,2026-05-19T05:00:00+00:00,2026-05-19T05:56:59+00:00,2026-05-19,5226,15,531,תחנה תפעולית/מסוף גולדה-תל אביב יפו<->קרית הספורט/וייצמן-רעננה-2#,10531,2,#,מטרופולין,3,10531
144610504,8947914,585238607_180526,2026-05-19T05:10:00+00:00,2026-05-19T06:05:36+00:00,2026-05-19,5224,15,531,לב הפארק/וייצמן-רעננה<->בית המשפט/שד' שאול המלך-תל אביב יפו-1#,10531,1,#,מטרופולין,3,10531
144610395,8947915,585887922_180526,2026-05-19T05:20:00+00:00,2026-05-19T06:16:59+00:00,2026-05-19,5226,15,531,תחנה תפעולית/מסוף גולדה-תל אביב יפו<->קרית הספורט/וייצמן-רעננה-2#,10531,2,#,מטרופולין,3,10531
144610623,8947915,585271602_180526,2026-05-19T05:40:00+00:00,2026-05-19T06:36:59+00:00,2026-05-19,5226,15,531,תחנה תפעולית/מסוף גולדה-תל אביב יפו<->קרית הספורט/וייצמן-רעננה-2#,10531,2,#,מטרופולין,3,10531
144610391,8947914,585887453_180526,2026-05-19T05:50:00+00:00,2026-05-19T06:45:36+00:00,2026-05-19,5224,15,531,לב הפארק/וייצמן-רעננה<->בית המשפט/שד' שאול המלך-תל אביב יפו-1#,10531,1,#,מטרופולין,3,10531
144730838,8947915,1348104_180526,2026-05-19T06:00:00+00:00,2026-05-19T06:56:59+00:00,2026-05-19,5226,15,531,תחנה תפעולית/מסוף גולדה-תל אביב יפו<->קרית הספורט/וייצמן-רעננה-2#,10531,2,#,מטרופולין,3,10531
144724672,8947914,3962356_180526,2026-05-19T06:30:00+00:00,2026-05-19T07:25:36+00:00,2026-05-19,5224,15,531,לב הפארק/וייצמן-רעננה<->בית המשפט/שד' שאול המלך-תל אביב יפו-1#,10531,1,#,מטרופולין,3,10531
144696553,8947915,585887923_180526,2026-05-19T06:40:00+00:00,2026-05-19T07:36:59+00:00,2026-05-19,5226,15,531,תחנה תפעולית/מסוף גולדה-תל אביב יפו<->קרית הספורט/וייצמן-רעננה-2#,10531,2,#,מטרופולין,3,10531
144725439,8947914,3962486_180526,2026-05-19T07:10:00+00:00,2026-05-19T08:05:36+00:00,2026-05-19,5224,15,531,לב הפארק/וייצמן-רעננה<->בית המשפט/שד' שאול המלך-תל אביב יפו-1#,10531,1,#,מטרופולין,3,10531
144731901,8947915,585887924_180526,2026-05-19T07:20:00+00:00,2026-05-19T08:16:59+00:00,2026-05-19,5226,15,531,תחנה תפעולית/מסוף גולדה-תל אביב יפו<->קרית הספורט/וייצמן-רעננה-2#,10531,2,#,מטרופולין,3,10531
144724675,8947914,585887454_180526,2026-05-19T07:50:00+00:00,2026-05-19T08:45:36+00:00,2026-05-19,5224,15,531,לב הפארק/וייצמן-רעננה<->בית המשפט/שד' שאול המלך-תל אביב יפו-1#,10531,1,#,מטרופולין,3,10531
144728252,8947915,45806988_180526,2026-05-19T08:00:00+00:00,2026-05-19T08:56:59+00:00,2026-05-19,5226,15,531,תחנה תפעולית/מסוף גולדה-תל אביב יפו<->קרית הספורט/וייצמן-רעננה-2#,10531,2,#,מטרופולין,3,10531
144724677,8947915,50252464_180526,2026-05-19T08:20:00+00:00,2026-05-19T09:16:59+00:00,2026-05-19,5226,15,531,תחנה תפעולית/מסוף גולדה-תל אביב יפו<->קרית הספורט/וייצמן-רעננה-2#,10531,2,#,מטרופולין,3,10531
144610389,8947914,3962360_180526,2026-05-19T08:30:00+00:00,2026-05-19T09:25:36+00:00,2026-05-19,5224,15,531,לב הפארק/וייצמן-רעננה<->בית המשפט/שד' שאול המלך-תל אביב יפו-1#,10531,1,#,מטרופולין,3,10531
144610396,8947915,585887925_180526,2026-05-19T08:40:00+00:00,2026-05-19T09:36:59+00:00,2026-05-19,5226,15,531,תחנה תפעולית/מסוף גולדה-תל אביב יפו<->קרית הספורט/וייצמן-רעננה-2#,10531,2,#,מטרופולין,3,10531
144610390,8947914,3962490_180526,2026-05-19T09:10:00+00:00,2026-05-19T10:05:36+00:00,2026-05-19,5224,15,531,לב הפארק/וייצמן-רעננה<->בית המשפט/שד' שאול המלך-תל אביב יפו-1#,10531,1,#,מטרופולין,3,10531
144730841,8947915,585887926_180526,2026-05-19T09:20:00+00:00,2026-05-19T10:16:59+00:00,2026-05-19,5226,15,531,תחנה תפעולית/מסוף גולדה-תל אביב יפו<->קרית הספורט/וייצמן-רעננה-2#,10531,2,#,מטרופולין,3,10531
144696552,8947914,585887455_180526,2026-05-19T09:50:00+00:00,2026-05-19T10:45:36+00:00,2026-05-19,5224,15,531,לב הפארק/וייצמן-רעננה<->בית המשפט/שד' שאול המלך-תל אביב יפו-1#,10531,1,#,מטרופולין,3,10531
144725617,8947915,45806992_180526,2026-05-19T10:00:00+00:00,2026-05-19T10:56:59+00:00,2026-05-19,5226,15,531,תחנה תפעולית/מסוף גולדה-תל אביב יפו<->קרית הספורט/וייצמן-רעננה-2#,10531,2,#,מטרופולין,3,10531
144731897,8947914,45806840_180526,2026-05-19T10:30:00+00:00,2026-05-19T11:25:36+00:00,2026-05-19,5224,15,531,לב הפארק/וייצמן-רעננה<->בית המשפט/שד' שאול המלך-תל אביב יפו-1#,10531,1,#,מטרופולין,3,10531
144724678,8947915,585887927_180526,2026-05-19T10:40:00+00:00,2026-05-19T11:36:59+00:00,2026-05-19,5226,15,531,תחנה תפעולית/מסוף גולדה-תל אביב יפו<->קרית הספורט/וייצמן-רעננה-2#,10531,2,#,מטרופולין,3,10531
144730836,8947914,585874162_180526,2026-05-19T10:45:00+00:00,2026-05-19T11:40:36+00:00,2026-05-19,5224,15,531,לב הפארק/וייצמן-רעננה<->בית המשפט/שד' שאול המלך-תל אביב יפו-1#,10531,1,#,מטרופולין,3,10531
144724674,8947914,45806841_180526,2026-05-19T11:00:00+00:00,2026-05-19T11:55:36+00:00,2026-05-19,5224,15,531,לב הפארק/וייצמן-רעננה<->בית המשפט/שד' שאול המלך-תל אביב יפו-1#,10531,1,#,מטרופולין,3,10531
144728254,8947915,585887928_180526,2026-05-19T11:20:00+00:00,2026-05-19T12:16:59+00:00,2026-05-19,5226,15,531,תחנה תפעולית/מסוף גולדה-תל אביב יפו<->קרית הספורט/וייצמן-רעננה-2#,10531,2,#,מטרופולין,3,10531
144724673,8947914,3962365_180526,2026-05-19T11:30:00+00:00,2026-05-19T12:25:36+00:00,2026-05-19,5224,15,531,לב הפארק/וייצמן-רעננה<->בית המשפט/שד' שאול המלך-תל אביב יפו-1#,10531,1,#,מטרופולין,3,10531
144610622,8947915,41657821_180526,2026-05-19T11:50:00+00:00,2026-05-19T12:46:59+00:00,2026-05-19,5226,15,531,תחנה תפעולית/מסוף גולדה-תל אביב יפו<->קרית הספורט/וייצמן-רעננה-2#,10531,2,#,מטרופולין,3,10531
144725442,8947914,45806843_180526,2026-05-19T12:00:00+00:00,2026-05-19T12:55:36+00:00,2026-05-19,5224,15,531,לב הפארק/וייצמן-רעננה<->בית המשפט/שד' שאול המלך-תל אביב יפו-1#,10531,1,#,מטרופולין,3,10531
144610394,8947915,41657826_180526,2026-05-19T12:20:00+00:00,2026-05-19T13:16:59+00:00,2026-05-19,5226,15,531,תחנה תפעולית/מסוף גולדה-תל אביב יפו<->קרית הספורט/וייצמן-רעננה-2#,10531,2,#,מטרופולין,3,10531
144730834,8947914,45806844_180526,2026-05-19T12:30:00+00:00,2026-05-19T13:25:36+00:00,2026-05-19,5224,15,531,לב הפארק/וייצמן-רעננה<->בית המשפט/שד' שאול המלך-תל אביב יפו-1#,10531,1,#,מטרופולין,3,10531
144731902,8947915,585887929_180526,2026-05-19T12:50:00+00:00,2026-05-19T13:46:59+00:00,2026-05-19,5226,15,531,תחנה תפעולית/מסוף גולדה-תל אביב יפו<->קרית הספורט/וייצמן-רעננה-2#,10531,2,#,מטרופולין,3,10531
144725443,8947914,45806845_180526,2026-05-19T13:00:00+00:00,2026-05-19T13:55:36+00:00,2026-05-19,5224,15,531,לב הפארק/וייצמן-רעננה<->בית המשפט/שד' שאול המלך-תל אביב יפו-1#,10531,1,#,מטרופולין,3,10531
144610625,8947915,585887930_180526,2026-05-19T13:20:00+00:00,2026-05-19T14:16:59+00:00,2026-05-19,5226,15,531,תחנה תפעולית/מסוף גולדה-תל אביב יפו<->קרית הספורט/וייצמן-רעננה-2#,10531,2,#,מטרופולין,3,10531
144730835,8947914,45806846_180526,2026-05-19T13:30:00+00:00,2026-05-19T14:25:36+00:00,2026-05-19,5224,15,531,לב הפארק/וייצמן-רעננה<->בית המשפט/שד' שאול המלך-תל אביב יפו-1#,10531,1,#,מטרופולין,3,10531
144610624,8947915,585874178_180526,2026-05-19T13:50:00+00:00,2026-05-19T14:46:59+00:00,2026-05-19,5226,15,531,תחנה תפעולית/מסוף גולדה-תל אביב יפו<->קרית הספורט/וייצמן-רעננה-2#,10531,2,#,מטרופולין,3,10531
144725444,8947914,45806847_180526,2026-05-19T14:00:00+00:00,2026-05-19T14:55:36+00:00,2026-05-19,5224,15,531,לב הפארק/וייצמן-רעננה<->בית המשפט/שד' שאול המלך-תל אביב יפו-1#,10531,1,#,מטרופולין,3,10531
144728255,8947915,585887931_180526,2026-05-19T14:20:00+00:00,2026-05-19T15:16:59+00:00,2026-05-19,5226,15,531,תחנה תפעולית/מסוף גולדה-תל אביב יפו<->קרית הספורט/וייצמן-רעננה-2#,10531,2,#,מטרופולין,3,10531
144724676,8947914,586136349_180526,2026-05-19T14:40:00+00:00,2026-05-19T15:35:36+00:00,2026-05-19,5224,15,531,לב הפארק/וייצמן-רעננה<->בית המשפט/שד' שאול המלך-תל אביב יפו-1#,10531,1,#,מטרופולין,3,10531
144728256,8947915,585887932_180526,2026-05-19T14:50:00+00:00,2026-05-19T15:46:59+00:00,2026-05-19,5226,15,531,תחנה תפעולית/מסוף גולדה-תל אביב יפו<->קרית הספורט/וייצמן-רעננה-2#,10531,2,#,מטרופולין,3,10531
144725618,8947915,585887933_180526,2026-05-19T15:20:00+00:00,2026-05-19T16:16:59+00:00,2026-05-19,5226,15,531,תחנה תפעולית/מסוף גולדה-תל אביב יפו<->קרית הספורט/וייצמן-רעננה-2#,10531,2,#,מטרופולין,3,10531
144730837,8947914,585887456_180526,2026-05-19T15:35:00+00:00,2026-05-19T16:30:36+00:00,2026-05-19,5224,15,531,לב הפארק/וייצמן-רעננה<->בית המשפט/שד' שאול המלך-תל אביב יפו-1#,10531,1,#,מטרופולין,3,10531
144728253,8947915,585874175_180526,2026-05-19T15:50:00+00:00,2026-05-19T16:46:59+00:00,2026-05-19,5226,15,531,תחנה תפעולית/מסוף גולדה-תל אביב יפו<->קרית הספורט/וייצמן-רעננה-2#,10531,2,#,מטרופולין,3,10531
144610626,8947915,585887934_180526,2026-05-19T16:20:00+00:00,2026-05-19T17:16:59+00:00,2026-05-19,5226,15,531,תחנה תפעולית/מסוף גולדה-תל אביב יפו<->קרית הספורט/וייצמן-רעננה-2#,10531,2,#,מטרופולין,3,10531
144610392,8947914,585887457_180526,2026-05-19T16:20:00+00:00,2026-05-19T17:15:36+00:00,2026-05-19,5224,15,531,לב הפארק/וייצמן-רעננה<->בית המשפט/שד' שאול המלך-תל אביב יפו-1#,10531,1,#,מטרופולין,3,10531
144696554,8947915,585887935_180526,2026-05-19T16:55:00+00:00,2026-05-19T17:51:59+00:00,2026-05-19,5226,15,531,תחנה תפעולית/מסוף גולדה-תל אביב יפו<->קרית הספורט/וייצמן-רעננה-2#,10531,2,#,מטרופולין,3,10531
144730833,8947914,41657704_180526,2026-05-19T17:05:00+00:00,2026-05-19T18:00:36+00:00,2026-05-19,5224,15,531,לב הפארק/וייצמן-רעננה<->בית המשפט/שד' שאול המלך-תל אביב יפו-1#,10531,1,#,מטרופולין,3,10531
144696555,8947915,585887936_180526,2026-05-19T17:35:00+00:00,2026-05-19T18:31:59+00:00,2026-05-19,5226,15,531,תחנה תפעולית/מסוף גולדה-תל אביב יפו<->קרית הספורט/וייצמן-רעננה-2#,10531,2,#,מטרופולין,3,10531
144730839,8947915,41657886_180526,2026-05-19T18:15:00+00:00,2026-05-19T19:11:59+00:00,2026-05-19,5226,15,531,תחנה תפעולית/מסוף גולדה-תל אביב יפו<->קרית הספורט/וייצמן-רעננה-2#,10531,2,#,מטרופולין,3,10531
144747488,8954325,41657574_190526,2026-05-20T02:05:00+00:00,2026-05-20T03:00:36+00:00,2026-05-20,5224,15,531,לב הפארק/וייצמן-רעננה<->בית המשפט/שד' שאול המלך-תל אביב יפו-1#,10531,1,#,מטרופולין,3,10531
144750946,8954325,586152152_190526,2026-05-20T02:25:00+00:00,2026-05-20T03:20:36+00:00,2026-05-20,5224,15,531,לב הפארק/וייצמן-רעננה<->בית המשפט/שד' שאול המלך-תל אביב יפו-1#,10531,1,#,מטרופולין,3,10531
144753405,8954326,41657761_190526,2026-05-20T02:30:00+00:00,2026-05-20T03:26:59+00:00,2026-05-20,5226,15,531,תחנה תפעולית/מסוף גולדה-תל אביב יפו<->קרית הספורט/וייצמן-רעננה-2#,10531,2,#,מטרופולין,3,10531
144747491,8954325,41657579_190526,2026-05-20T02:45:00+00:00,2026-05-20T03:40:36+00:00,2026-05-20,5224,15,531,לב הפארק/וייצמן-רעננה<->בית המשפט/שד' שאול המלך-תל אביב יפו-1#,10531,1,#,מטרופולין,3,10531
144750848,8954326,585887921_190526,2026-05-20T03:00:00+00:00,2026-05-20T03:56:59+00:00,2026-05-20,5226,15,531,תחנה תפעולית/מסוף גולדה-תל אביב יפו<->קרית הספורט/וייצמן-רעננה-2#,10531,2,#,מטרופולין,3,10531
144751060,8954325,3835718_190526,2026-05-20T03:10:00+00:00,2026-05-20T04:05:36+00:00,2026-05-20,5224,15,531,לב הפארק/וייצמן-רעננה<->בית המשפט/שד' שאול המלך-תל אביב יפו-1#,10531,1,#,מטרופולין,3,10531
144751062,8954326,3835844_190526,2026-05-20T03:30:00+00:00,2026-05-20T04:26:59+00:00,2026-05-20,5226,15,531,תחנה תפעולית/מסוף גולדה-תל אביב יפו<->קרית הספורט/וייצמן-רעננה-2#,10531,2,#,מטרופולין,3,10531
144750835,8954325,41657589_190526,2026-05-20T03:35:00+00:00,2026-05-20T04:30:36+00:00,2026-05-20,5224,15,531,לב הפארק/וייצמן-רעננה<->בית המשפט/שד' שאול המלך-תל אביב יפו-1#,10531,1,#,מטרופולין,3,10531
144750994,8954326,1589196_190526,2026-05-20T04:00:00+00:00,2026-05-20T04:56:59+00:00,2026-05-20,5226,15,531,תחנה תפעולית/מסוף גולדה-תל אביב יפו<->קרית הספורט/וייצמן-רעננה-2#,10531,2,#,מטרופולין,3,10531
144750943,8954325,3962434_190526,2026-05-20T04:10:00+00:00,2026-05-20T05:05:36+00:00,2026-05-20,5224,15,531,לב הפארק/וייצמן-רעננה<->בית המשפט/שד' שאול המלך-תל אביב יפו-1#,10531,1,#,מטרופולין,3,10531
144750985,8954326,1348100_190526,2026-05-20T04:20:00+00:00,2026-05-20T05:16:59+00:00,2026-05-20,5226,15,531,תחנה תפעולית/מסוף גולדה-תל אביב יפו<->קרית הספורט/וייצמן-רעננה-2#,10531,2,#,מטרופולין,3,10531
144752627,8954326,1348101_190526,2026-05-20T04:40:00+00:00,2026-05-20T05:36:59+00:00,2026-05-20,5226,15,531,תחנה תפעולית/מסוף גולדה-תל אביב יפו<->קרית הספורט/וייצמן-רעננה-2#,10531,2,#,מטרופולין,3,10531
144752623,8954325,1347908_190526,2026-05-20T04:40:00+00:00,2026-05-20T05:35:36+00:00,2026-05-20,5224,15,531,לב הפארק/וייצמן-רעננה<->בית המשפט/שד' שאול המלך-תל אביב יפו-1#,10531,1,#,מטרופולין,3,10531
144750847,8954326,1348102_190526,2026-05-20T05:00:00+00:00,2026-05-20T05:56:59+00:00,2026-05-20,5226,15,531,תחנה תפעולית/מסוף גולדה-תל אביב יפו<->קרית הספורט/וייצמן-רעננה-2#,10531,2,#,מטרופולין,3,10531
144841362,8954325,585238607_190526,2026-05-20T05:10:00+00:00,2026-05-20T06:05:36+00:00,2026-05-20,5224,15,531,לב הפארק/וייצמן-רעננה<->בית המשפט/שד' שאול המלך-תל אביב יפו-1#,10531,1,#,מטרופולין,3,10531
144753406,8954326,585887922_190526,2026-05-20T05:20:00+00:00,2026-05-20T06:16:59+00:00,2026-05-20,5226,15,531,תחנה תפעולית/מסוף גולדה-תל אביב יפו<->קרית הספורט/וייצמן-רעננה-2#,10531,2,#,מטרופולין,3,10531
144750995,8954326,585271602_190526,2026-05-20T05:40:00+00:00,2026-05-20T06:36:59+00:00,2026-05-20,5226,15,531,תחנה תפעולית/מסוף גולדה-תל אביב יפו<->קרית הספורט/וייצמן-רעננה-2#,10531,2,#,מטרופולין,3,10531
144750837,8954325,585887453_190526,2026-05-20T05:50:00+00:00,2026-05-20T06:45:36+00:00,2026-05-20,5224,15,531,לב הפארק/וייצמן-רעננה<->בית המשפט/שד' שאול המלך-תל אביב יפו-1#,10531,1,#,מטרופולין,3,10531
144750986,8954326,1348104_190526,2026-05-20T06:00:00+00:00,2026-05-20T06:56:59+00:00,2026-05-20,5226,15,531,תחנה תפעולית/מסוף גולדה-תל אביב יפו<->קרית הספורט/וייצמן-רעננה-2#,10531,2,#,מטרופולין,3,10531
144753404,8954325,3962356_190526,2026-05-20T06:30:00+00:00,2026-05-20T07:25:36+00:00,2026-05-20,5224,15,531,לב הפארק/וייצמן-רעננה<->בית המשפט/שד' שאול המלך-תל אביב יפו-1#,10531,1,#,מטרופולין,3,10531
144747516,8954326,585887923_190526,2026-05-20T06:40:00+00:00,2026-05-20T07:36:59+00:00,2026-05-20,5226,15,531,תחנה תפעולית/מסוף גולדה-תל אביב יפו<->קרית הספורט/וייצמן-רעננה-2#,10531,2,#,מטרופולין,3,10531
144841358,8954325,3962486_190526,2026-05-20T07:10:00+00:00,2026-05-20T08:05:36+00:00,2026-05-20,5224,15,531,לב הפארק/וייצמן-רעננה<->בית המשפט/שד' שאול המלך-תל אביב יפו-1#,10531,1,#,מטרופולין,3,10531
144841364,8954326,585887924_190526,2026-05-20T07:20:00+00:00,2026-05-20T08:16:59+00:00,2026-05-20,5226,15,531,תחנה תפעולית/מסוף גולדה-תל אביב יפו<->קרית הספורט/וייצמן-רעננה-2#,10531,2,#,מטרופולין,3,10531
144750838,8954325,585887454_190526,2026-05-20T07:50:00+00:00,2026-05-20T08:45:36+00:00,2026-05-20,5224,15,531,לב הפארק/וייצמן-רעננה<->בית המשפט/שד' שאול המלך-תל אביב יפו-1#,10531,1,#,מטרופולין,3,10531
144750102,8954326,45806988_190526,2026-05-20T08:00:00+00:00,2026-05-20T08:56:59+00:00,2026-05-20,5226,15,531,תחנה תפעולית/מסוף גולדה-תל אביב יפו<->קרית הספורט/וייצמן-רעננה-2#,10531,2,#,מטרופולין,3,10531
144747515,8954326,50252464_190526,2026-05-20T08:20:00+00:00,2026-05-20T09:16:59+00:00,2026-05-20,5226,15,531,תחנה תפעולית/מסוף גולדה-תל אביב יפו<->קרית הספורט/וייצמן-רעננה-2#,10531,2,#,מטרופולין,3,10531
144751061,8954325,3962360_190526,2026-05-20T08:30:00+00:00,2026-05-20T09:25:36+00:00,2026-05-20,5224,15,531,לב הפארק/וייצמן-רעננה<->בית המשפט/שד' שאול המלך-תל אביב יפו-1#,10531,1,#,מטרופולין,3,10531
144747517,8954326,585887925_190526,2026-05-20T08:40:00+00:00,2026-05-20T09:36:59+00:00,2026-05-20,5226,15,531,תחנה תפעולית/מסוף גולדה-תל אביב יפו<->קרית הספורט/וייצמן-רעננה-2#,10531,2,#,מטרופולין,3,10531
144750068,8954325,3962490_190526,2026-05-20T09:10:00+00:00,2026-05-20T10:05:36+00:00,2026-05-20,5224,15,531,לב הפארק/וייצמן-רעננה<->בית המשפט/שד' שאול המלך-תל אביב יפו-1#,10531,1,#,מטרופולין,3,10531
144750106,8954326,585887926_190526,2026-05-20T09:20:00+00:00,2026-05-20T10:16:59+00:00,2026-05-20,5226,15,531,תחנה תפעולית/מסוף גולדה-תל אביב יפו<->קרית הספורט/וייצמן-רעננה-2#,10531,2,#,מטרופולין,3,10531
144750839,8954325,585887455_190526,2026-05-20T09:50:00+00:00,2026-05-20T10:45:36+00:00,2026-05-20,5224,15,531,לב הפארק/וייצמן-רעננה<->בית המשפט/שד' שאול המלך-תל אביב יפו-1#,10531,1,#,מטרופולין,3,10531
144752629,8954326,45806992_190526,2026-05-20T10:00:00+00:00,2026-05-20T10:56:59+00:00,2026-05-20,5226,15,531,תחנה תפעולית/מסוף גולדה-תל אביב יפו<->קרית הספורט/וייצמן-רעננה-2#,10531,2,#,מטרופולין,3,10531
144750836,8954325,45806840_190526,2026-05-20T10:30:00+00:00,2026-05-20T11:25:36+00:00,2026-05-20,5224,15,531,לב הפארק/וייצמן-רעננה<->בית המשפט/שד' שאול המלך-תל אביב יפו-1#,10531,1,#,מטרופולין,3,10531
144751064,8954326,585887927_190526,2026-05-20T10:40:00+00:00,2026-05-20T11:36:59+00:00,2026-05-20,5226,15,531,תחנה תפעולית/מסוף גולדה-תל אביב יפו<->קרית הספורט/וייצמן-רעננה-2#,10531,2,#,מטרופולין,3,10531
144750069,8954325,585874162_190526,2026-05-20T10:45:00+00:00,2026-05-20T11:40:36+00:00,2026-05-20,5224,15,531,לב הפארק/וייצמן-רעננה<->בית המשפט/שד' שאול המלך-תל אביב יפו-1#,10531,1,#,מטרופולין,3,10531
144750944,8954325,45806841_190526,2026-05-20T11:00:00+00:00,2026-05-20T11:55:36+00:00,2026-05-20,5224,15,531,לב הפארק/וייצמן-רעננה<->בית המשפט/שד' שאול המלך-תל אביב יפו-1#,10531,1,#,מטרופולין,3,10531
144750109,8954326,585887928_190526,2026-05-20T11:20:00+00:00,2026-05-20T12:16:59+00:00,2026-05-20,5226,15,531,תחנה תפעולית/מסוף גולדה-תל אביב יפו<->קרית הספורט/וייצמן-רעננה-2#,10531,2,#,מטרופולין,3,10531
144750942,8954325,3962365_190526,2026-05-20T11:30:00+00:00,2026-05-20T12:25:36+00:00,2026-05-20,5224,15,531,לב הפארק/וייצמן-רעננה<->בית המשפט/שד' שאול המלך-תל אביב יפו-1#,10531,1,#,מטרופולין,3,10531
144747514,8954326,41657821_190526,2026-05-20T11:50:00+00:00,2026-05-20T12:46:59+00:00,2026-05-20,5226,15,531,תחנה תפעולית/מסוף גולדה-תל אביב יפו<->קרית הספורט/וייצמן-רעננה-2#,10531,2,#,מטרופולין,3,10531
144747492,8954325,45806843_190526,2026-05-20T12:00:00+00:00,2026-05-20T12:55:36+00:00,2026-05-20,5224,15,531,לב הפארק/וייצמן-רעננה<->בית המשפט/שד' שאול המלך-תל אביב יפו-1#,10531,1,#,מטרופולין,3,10531
144751063,8954326,41657826_190526,2026-05-20T12:20:00+00:00,2026-05-20T13:16:59+00:00,2026-05-20,5226,15,531,תחנה תפעולית/מסוף גולדה-תל אביב יפו<->קרית הספורט/וייצמן-רעננה-2#,10531,2,#,מטרופולין,3,10531
144841359,8954325,45806844_190526,2026-05-20T12:30:00+00:00,2026-05-20T13:25:36+00:00,2026-05-20,5224,15,531,לב הפארק/וייצמן-רעננה<->בית המשפט/שד' שאול המלך-תל אביב יפו-1#,10531,1,#,מטרופולין,3,10531
144750998,8954326,585887929_190526,2026-05-20T12:50:00+00:00,2026-05-20T13:46:59+00:00,2026-05-20,5226,15,531,תחנה תפעולית/מסוף גולדה-תל אביב יפו<->קרית הספורט/וייצמן-רעננה-2#,10531,2,#,מטרופולין,3,10531
144841360,8954325,45806845_190526,2026-05-20T13:00:00+00:00,2026-05-20T13:55:36+00:00,2026-05-20,5224,15,531,לב הפארק/וייצמן-רעננה<->בית המשפט/שד' שאול המלך-תל אביב יפו-1#,10531,1,#,מטרופולין,3,10531
144750999,8954326,585887930_190526,2026-05-20T13:20:00+00:00,2026-05-20T14:16:59+00:00,2026-05-20,5226,15,531,תחנה תפעולית/מסוף גולדה-תל אביב יפו<->קרית הספורט/וייצמן-רעננה-2#,10531,2,#,מטרופולין,3,10531
144841361,8954325,45806846_190526,2026-05-20T13:30:00+00:00,2026-05-20T14:25:36+00:00,2026-05-20,5224,15,531,לב הפארק/וייצמן-רעננה<->בית המשפט/שד' שאול המלך-תל אביב יפו-1#,10531,1,#,מטרופולין,3,10531
144750997,8954326,585874178_190526,2026-05-20T13:50:00+00:00,2026-05-20T14:46:59+00:00,2026-05-20,5226,15,531,תחנה תפעולית/מסוף גולדה-תל אביב יפו<->קרית הספורט/וייצמן-רעננה-2#,10531,2,#,מטרופולין,3,10531
144750945,8954325,45806847_190526,2026-05-20T14:00:00+00:00,2026-05-20T14:55:36+00:00,2026-05-20,5224,15,531,לב הפארק/וייצמן-רעננה<->בית המשפט/שד' שאול המלך-תל אביב יפו-1#,10531,1,#,מטרופולין,3,10531
144753407,8954326,585887931_190526,2026-05-20T14:20:00+00:00,2026-05-20T15:16:59+00:00,2026-05-20,5226,15,531,תחנה תפעולית/מסוף גולדה-תל אביב יפו<->קרית הספורט/וייצמן-רעננה-2#,10531,2,#,מטרופולין,3,10531
144747494,8954325,586136349_190526,2026-05-20T14:40:00+00:00,2026-05-20T15:35:36+00:00,2026-05-20,5224,15,531,לב הפארק/וייצמן-רעננה<->בית המשפט/שד' שאול המלך-תל אביב יפו-1#,10531,1,#,מטרופולין,3,10531
144753408,8954326,585887932_190526,2026-05-20T14:50:00+00:00,2026-05-20T15:46:59+00:00,2026-05-20,5226,15,531,תחנה תפעולית/מסוף גולדה-תל אביב יפו<->קרית הספורט/וייצמן-רעננה-2#,10531,2,#,מטרופולין,3,10531
144751000,8954326,585887933_190526,2026-05-20T15:20:00+00:00,2026-05-20T16:16:59+00:00,2026-05-20,5226,15,531,תחנה תפעולית/מסוף גולדה-תל אביב יפו<->קרית הספורט/וייצמן-רעננה-2#,10531,2,#,מטרופולין,3,10531
144841363,8954325,585887456_190526,2026-05-20T15:35:00+00:00,2026-05-20T16:30:36+00:00,2026-05-20,5224,15,531,לב הפארק/וייצמן-רעננה<->בית המשפט/שד' שאול המלך-תל אביב יפו-1#,10531,1,#,מטרופולין,3,10531
144750996,8954326,585874175_190526,2026-05-20T15:50:00+00:00,2026-05-20T16:46:59+00:00,2026-05-20,5226,15,531,תחנה תפעולית/מסוף גולדה-תל אביב יפו<->קרית הספורט/וייצמן-רעננה-2#,10531,2,#,מטרופולין,3,10531
144750849,8954326,585887934_190526,2026-05-20T16:20:00+00:00,2026-05-20T17:16:59+00:00,2026-05-20,5226,15,531,תחנה תפעולית/מסוף גולדה-תל אביב יפו<->קרית הספורט/וייצמן-רעננה-2#,10531,2,#,מטרופולין,3,10531
144747493,8954325,585887457_190526,2026-05-20T16:20:00+00:00,2026-05-20T17:15:36+00:00,2026-05-20,5224,15,531,לב הפארק/וייצמן-רעננה<->בית המשפט/שד' שאול המלך-תל אביב יפו-1#,10531,1,#,מטרופולין,3,10531
144751065,8954326,585887935_190526,2026-05-20T16:55:00+00:00,2026-05-20T17:51:59+00:00,2026-05-20,5226,15,531,תחנה תפעולית/מסוף גולדה-תל אביב יפו<->קרית הספורט/וייצמן-רעננה-2#,10531,2,#,מטרופולין,3,10531
144752624,8954325,41657704_190526,2026-05-20T17:05:00+00:00,2026-05-20T18:00:36+00:00,2026-05-20,5224,15,531,לב הפארק/וייצמן-רעננה<->בית המשפט/שד' שאול המלך-תל אביב יפו-1#,10531,1,#,מטרופולין,3,10531
144751001,8954326,585887936_190526,2026-05-20T17:35:00+00:00,2026-05-20T18:31:59+00:00,2026-05-20,5226,15,531,תחנה תפעולית/מסוף גולדה-תל אביב יפו<->קרית הספורט/וייצמן-רעננה-2#,10531,2,#,מטרופולין,3,10531
144752628,8954326,41657886_190526,2026-05-20T18:15:00+00:00,2026-05-20T19:11:59+00:00,2026-05-20,5226,15,531,תחנה תפעולית/מסוף גולדה-תל אביב יפו<->קרית הספורט/וייצמן-רעננה-2#,10531,2,#,מטרופולין,3,10531
144912606,8960454,47086807_210526,2026-05-21T02:10:00+00:00,2026-05-21T03:05:36+00:00,2026-05-21,5224,15,531,לב הפארק/וייצמן-רעננה<->בית המשפט/שד' שאול המלך-תל אביב יפו-1#,10531,1,#,מטרופולין,3,10531
144866229,8960455,41657765_210526,2026-05-21T02:30:00+00:00,2026-05-21T03:26:59+00:00,2026-05-21,5226,15,531,תחנה תפעולית/מסוף גולדה-תל אביב יפו<->קרית הספורט/וייצמן-רעננה-2#,10531,2,#,מטרופולין,3,10531
144865846,8960454,47086808_210526,2026-05-21T02:50:00+00:00,2026-05-21T03:45:36+00:00,2026-05-21,5224,15,531,לב הפארק/וייצמן-רעננה<->בית המשפט/שד' שאול המלך-תל אביב יפו-1#,10531,1,#,מטרופולין,3,10531
144912605,8960454,41657588_210526,2026-05-21T03:05:00+00:00,2026-05-21T04:00:36+00:00,2026-05-21,5224,15,531,לב הפארק/וייצמן-רעננה<->בית המשפט/שד' שאול המלך-תל אביב יפו-1#,10531,1,#,מטרופולין,3,10531
144865847,8960455,1348129_210526,2026-05-21T03:10:00+00:00,2026-05-21T04:06:59+00:00,2026-05-21,5226,15,531,תחנה תפעולית/מסוף גולדה-תל אביב יפו<->קרית הספורט/וייצמן-רעננה-2#,10531,2,#,מטרופולין,3,10531
144864188,8960454,1347937_210526,2026-05-21T03:30:00+00:00,2026-05-21T04:25:36+00:00,2026-05-21,5224,15,531,לב הפארק/וייצמן-רעננה<->בית המשפט/שד' שאול המלך-תל אביב יפו-1#,10531,1,#,מטרופולין,3,10531
144912610,8960455,585884078_210526,2026-05-21T03:50:00+00:00,2026-05-21T04:46:59+00:00,2026-05-21,5226,15,531,תחנה תפעולית/מסוף גולדה-תל אביב יפו<->קרית הספורט/וייצמן-רעננה-2#,10531,2,#,מטרופולין,3,10531
144864204,8960454,586152402_210526,2026-05-21T04:15:00+00:00,2026-05-21T05:10:36+00:00,2026-05-21,5224,15,531,לב הפארק/וייצמן-רעננה<->בית המשפט/שד' שאול המלך-תל אביב יפו-1#,10531,1,#,מטרופולין,3,10531
144866232,8960455,586152404_210526,2026-05-21T04:28:00+00:00,2026-05-21T05:24:59+00:00,2026-05-21,5226,15,531,תחנה תפעולית/מסוף גולדה-תל אביב יפו<->קרית הספורט/וייצמן-רעננה-2#,10531,2,#,מטרופולין,3,10531
144912607,8960454,586152403_210526,2026-05-21T04:50:00+00:00,2026-05-21T05:45:36+00:00,2026-05-21,5224,15,531,לב הפארק/וייצמן-רעננה<->בית המשפט/שד' שאול המלך-תל אביב יפו-1#,10531,1,#,מטרופולין,3,10531
144865849,8960455,586152405_210526,2026-05-21T04:58:00+00:00,2026-05-21T05:54:59+00:00,2026-05-21,5226,15,531,תחנה תפעולית/מסוף גולדה-תל אביב יפו<->קרית הספורט/וייצמן-רעננה-2#,10531,2,#,מטרופולין,3,10531
144863841,8960454,47086811_210526,2026-05-21T05:35:00+00:00,2026-05-21T06:30:36+00:00,2026-05-21,5224,15,531,לב הפארק/וייצמן-רעננה<->בית המשפט/שד' שאול המלך-תל אביב יפו-1#,10531,1,#,מטרופולין,3,10531
144912611,8960455,9352462_210526,2026-05-21T05:40:00+00:00,2026-05-21T06:36:59+00:00,2026-05-21,5226,15,531,תחנה תפעולית/מסוף גולדה-תל אביב יפו<->קרית הספורט/וייצמן-רעננה-2#,10531,2,#,מטרופולין,3,10531
144865616,8960454,47086812_210526,2026-05-21T06:15:00+00:00,2026-05-21T07:10:36+00:00,2026-05-21,5224,15,531,לב הפארק/וייצמן-רעננה<->בית המשפט/שד' שאול המלך-תל אביב יפו-1#,10531,1,#,מטרופולין,3,10531
144865848,8960455,47086826_210526,2026-05-21T06:20:00+00:00,2026-05-21T07:16:59+00:00,2026-05-21,5226,15,531,תחנה תפעולית/מסוף גולדה-תל אביב יפו<->קרית הספורט/וייצמן-רעננה-2#,10531,2,#,מטרופולין,3,10531
144863870,8960454,41657603_210526,2026-05-21T06:55:00+00:00,2026-05-21T07:50:36+00:00,2026-05-21,5224,15,531,לב הפארק/וייצמן-רעננה<->בית המשפט/שד' שאול המלך-תל אביב יפו-1#,10531,1,#,מטרופולין,3,10531
144866230,8960455,41657775_210526,2026-05-21T06:58:00+00:00,2026-05-21T07:54:59+00:00,2026-05-21,5226,15,531,תחנה תפעולית/מסוף גולדה-תל אביב יפו<->קרית הספורט/וייצמן-רעננה-2#,10531,2,#,מטרופולין,3,10531
144865645,8960454,47086814_210526,2026-05-21T07:35:00+00:00,2026-05-21T08:30:36+00:00,2026-05-21,5224,15,531,לב הפארק/וייצמן-רעננה<->בית המשפט/שד' שאול המלך-תל אביב יפו-1#,10531,1,#,מטרופולין,3,10531
144912608,8960455,47086828_210526,2026-05-21T07:40:00+00:00,2026-05-21T08:36:59+00:00,2026-05-21,5226,15,531,תחנה תפעולית/מסוף גולדה-תל אביב יפו<->קרית הספורט/וייצמן-רעננה-2#,10531,2,#,מטרופולין,3,10531
144866181,8960454,47086815_210526,2026-05-21T08:15:00+00:00,2026-05-21T09:10:36+00:00,2026-05-21,5224,15,531,לב הפארק/וייצמן-רעננה<->בית המשפט/שד' שאול המלך-תל אביב יפו-1#,10531,1,#,מטרופולין,3,10531
144912609,8960455,47086829_210526,2026-05-21T08:20:00+00:00,2026-05-21T09:16:59+00:00,2026-05-21,5226,15,531,תחנה תפעולית/מסוף גולדה-תל אביב יפו<->קרית הספורט/וייצמן-רעננה-2#,10531,2,#,מטרופולין,3,10531
144866175,8960454,41657623_210526,2026-05-21T08:55:00+00:00,2026-05-21T09:50:36+00:00,2026-05-21,5224,15,531,לב הפארק/וייצמן-רעננה<->בית המשפט/שד' שאול המלך-תל אביב יפו-1#,10531,1,#,מטרופולין,3,10531
144863875,8960455,41657795_210526,2026-05-21T08:58:00+00:00,2026-05-21T09:54:59+00:00,2026-05-21,5226,15,531,תחנה תפעולית/מסוף גולדה-תל אביב יפו<->קרית הספורט/וייצמן-רעננה-2#,10531,2,#,מטרופולין,3,10531
144863876,8960455,41657800_210526,2026-05-21T09:28:00+00:00,2026-05-21T10:24:59+00:00,2026-05-21,5226,15,531,תחנה תפעולית/מסוף גולדה-תל אביב יפו<->קרית הספורט/וייצמן-רעננה-2#,10531,2,#,מטרופולין,3,10531
144863871,8960454,47086817_210526,2026-05-21T09:35:00+00:00,2026-05-21T10:30:36+00:00,2026-05-21,5224,15,531,לב הפארק/וייצמן-רעננה<->בית המשפט/שד' שאול המלך-תל אביב יפו-1#,10531,1,#,מטרופולין,3,10531
144865646,8960455,41657805_210526,2026-05-21T09:58:00+00:00,2026-05-21T10:54:59+00:00,2026-05-21,5226,15,531,תחנה תפעולית/מסוף גולדה-תל אביב יפו<->קרית הספורט/וייצמן-רעננה-2#,10531,2,#,מטרופולין,3,10531
144866180,8960454,3962552_210526,2026-05-21T10:15:00+00:00,2026-05-21T11:10:36+00:00,2026-05-21,5224,15,531,לב הפארק/וייצמן-רעננה<->בית המשפט/שד' שאול המלך-תל אביב יפו-1#,10531,1,#,מטרופולין,3,10531
144863877,8960455,41657810_210526,2026-05-21T10:28:00+00:00,2026-05-21T11:24:59+00:00,2026-05-21,5226,15,531,תחנה תפעולית/מסוף גולדה-תל אביב יפו<->קרית הספורט/וייצמן-רעננה-2#,10531,2,#,מטרופולין,3,10531
144864205,8960455,41657815_210526,2026-05-21T10:58:00+00:00,2026-05-21T11:54:59+00:00,2026-05-21,5226,15,531,תחנה תפעולית/מסוף גולדה-תל אביב יפו<->קרית הספורט/וייצמן-רעננה-2#,10531,2,#,מטרופולין,3,10531
144863842,8960454,47086819_210526,2026-05-21T11:05:00+00:00,2026-05-21T12:00:36+00:00,2026-05-21,5224,15,531,לב הפארק/וייצמן-רעננה<->בית המשפט/שד' שאול המלך-תל אביב יפו-1#,10531,1,#,מטרופולין,3,10531
144866182,8960455,47086835_210526,2026-05-21T11:28:00+00:00,2026-05-21T12:24:59+00:00,2026-05-21,5226,15,531,תחנה תפעולית/מסוף גולדה-תל אביב יפו<->קרית הספורט/וייצמן-רעננה-2#,10531,2,#,מטרופולין,3,10531
144863840,8960454,41657658_210526,2026-05-21T11:35:00+00:00,2026-05-21T12:30:36+00:00,2026-05-21,5224,15,531,לב הפארק/וייצמן-רעננה<->בית המשפט/שד' שאול המלך-תל אביב יפו-1#,10531,1,#,מטרופולין,3,10531
144866176,8960454,41657663_210526,2026-05-21T11:55:00+00:00,2026-05-21T12:50:36+00:00,2026-05-21,5224,15,531,לב הפארק/וייצמן-רעננה<->בית המשפט/שד' שאול המלך-תל אביב יפו-1#,10531,1,#,מטרופולין,3,10531
144863874,8960455,47086836_210526,2026-05-21T11:58:00+00:00,2026-05-21T12:54:59+00:00,2026-05-21,5226,15,531,תחנה תפעולית/מסוף גולדה-תל אביב יפו<->קרית הספורט/וייצמן-רעננה-2#,10531,2,#,מטרופולין,3,10531
144866231,8960455,45091159_210526,2026-05-21T12:30:00+00:00,2026-05-21T13:26:59+00:00,2026-05-21,5226,15,531,תחנה תפעולית/מסוף גולדה-תל אביב יפו<->קרית הספורט/וייצמן-רעננה-2#,10531,2,#,מטרופולין,3,10531
144506120,8944385,41658050_170526,2026-05-18T02:55:00+00:00,2026-05-18T03:57:11+00:00,2026-05-18,19691,15,572,תחנה מרכזית כפ''ס/ויצמן-כפר סבא<->מסוף אוניברסיטת ת''א/הורדה-תל אביב יפו-1#,10572,1,#,מטרופולין,3,10572
144506135,8944385,41658055_170526,2026-05-18T03:25:00+00:00,2026-05-18T04:27:11+00:00,2026-05-18,19691,15,572,תחנה מרכזית כפ''ס/ויצמן-כפר סבא<->מסוף אוניברסיטת ת''א/הורדה-תל אביב יפו-1#,10572,1,#,מטרופולין,3,10572
144503023,8944385,41658060_170526,2026-05-18T03:45:00+00:00,2026-05-18T04:47:11+00:00,2026-05-18,19691,15,572,תחנה מרכזית כפ''ס/ויצמן-כפר סבא<->מסוף אוניברסיטת ת''א/הורדה-תל אביב יפו-1#,10572,1,#,מטרופולין,3,10572
144508233,8944385,41658065_170526,2026-05-18T04:30:00+00:00,2026-05-18T05:32:11+00:00,2026-05-18,19691,15,572,תחנה מרכזית כפ''ס/ויצמן-כפר סבא<->מסוף אוניברסיטת ת''א/הורדה-תל אביב יפו-1#,10572,1,#,מטרופולין,3,10572
144508234,8944385,41658070_170526,2026-05-18T05:25:00+00:00,2026-05-18T06:27:11+00:00,2026-05-18,19691,15,572,תחנה מרכזית כפ''ס/ויצמן-כפר סבא<->מסוף אוניברסיטת ת''א/הורדה-תל אביב יפו-1#,10572,1,#,מטרופולין,3,10572
144504968,8944385,41658075_170526,2026-05-18T05:45:00+00:00,2026-05-18T06:47:11+00:00,2026-05-18,19691,15,572,תחנה מרכזית כפ''ס/ויצמן-כפר סבא<->מסוף אוניברסיטת ת''א/הורדה-תל אביב יפו-1#,10572,1,#,מטרופולין,3,10572
144506136,8944385,41658080_170526,2026-05-18T06:45:00+00:00,2026-05-18T07:47:11+00:00,2026-05-18,19691,15,572,תחנה מרכזית כפ''ס/ויצמן-כפר סבא<->מסוף אוניברסיטת ת''א/הורדה-תל אביב יפו-1#,10572,1,#,מטרופולין,3,10572
144504969,8944385,41658085_170526,2026-05-18T07:45:00+00:00,2026-05-18T08:47:11+00:00,2026-05-18,19691,15,572,תחנה מרכזית כפ''ס/ויצמן-כפר סבא<->מסוף אוניברסיטת ת''א/הורדה-תל אביב יפו-1#,10572,1,#,מטרופולין,3,10572
144514520,8944385,41658090_170526,2026-05-18T08:45:00+00:00,2026-05-18T09:47:11+00:00,2026-05-18,19691,15,572,תחנה מרכזית כפ''ס/ויצמן-כפר סבא<->מסוף אוניברסיטת ת''א/הורדה-תל אביב יפו-1#,10572,1,#,מטרופולין,3,10572
144504970,8944386,41658116_170526,2026-05-18T09:05:00+00:00,2026-05-18T10:08:59+00:00,2026-05-18,19692,15,572,מסוף אוניברסיטת ת''א -תל אביב יפו<->תחנה מרכזית כפ''ס/הורדה-כפר סבא-2#,10572,2,#,מטרופולין,3,10572
144508914,8944385,41658095_170526,2026-05-18T09:30:00+00:00,2026-05-18T10:32:11+00:00,2026-05-18,19691,15,572,תחנה מרכזית כפ''ס/ויצמן-כפר סבא<->מסוף אוניברסיטת ת''א/הורדה-תל אביב יפו-1#,10572,1,#,מטרופולין,3,10572
144559057,8944386,41658121_170526,2026-05-18T10:10:00+00:00,2026-05-18T11:13:59+00:00,2026-05-18,19692,15,572,מסוף אוניברסיטת ת''א -תל אביב יפו<->תחנה מרכזית כפ''ס/הורדה-כפר סבא-2#,10572,2,#,מטרופולין,3,10572
144506370,8944385,41658100_170526,2026-05-18T10:30:00+00:00,2026-05-18T11:32:11+00:00,2026-05-18,19691,15,572,תחנה מרכזית כפ''ס/ויצמן-כפר סבא<->מסוף אוניברסיטת ת''א/הורדה-תל אביב יפו-1#,10572,1,#,מטרופולין,3,10572
144506372,8944386,41658126_170526,2026-05-18T11:10:00+00:00,2026-05-18T12:13:59+00:00,2026-05-18,19692,15,572,מסוף אוניברסיטת ת''א -תל אביב יפו<->תחנה מרכזית כפ''ס/הורדה-כפר סבא-2#,10572,2,#,מטרופולין,3,10572
144506371,8944385,41658105_170526,2026-05-18T11:30:00+00:00,2026-05-18T12:32:11+00:00,2026-05-18,19691,15,572,תחנה מרכזית כפ''ס/ויצמן-כפר סבא<->מסוף אוניברסיטת ת''א/הורדה-תל אביב יפו-1#,10572,1,#,מטרופולין,3,10572
144508915,8944386,41658131_170526,2026-05-18T12:10:00+00:00,2026-05-18T13:13:59+00:00,2026-05-18,19692,15,572,מסוף אוניברסיטת ת''א -תל אביב יפו<->תחנה מרכזית כפ''ס/הורדה-כפר סבא-2#,10572,2,#,מטרופולין,3,10572
144506137,8944385,41658110_170526,2026-05-18T12:30:00+00:00,2026-05-18T13:32:11+00:00,2026-05-18,19691,15,572,תחנה מרכזית כפ''ס/ויצמן-כפר סבא<->מסוף אוניברסיטת ת''א/הורדה-תל אביב יפו-1#,10572,1,#,מטרופולין,3,10572
144508916,8944386,41658136_170526,2026-05-18T13:10:00+00:00,2026-05-18T14:13:59+00:00,2026-05-18,19692,15,572,מסוף אוניברסיטת ת''א -תל אביב יפו<->תחנה מרכזית כפ''ס/הורדה-כפר סבא-2#,10572,2,#,מטרופולין,3,10572
144514521,8944386,41658141_170526,2026-05-18T14:10:00+00:00,2026-05-18T15:13:59+00:00,2026-05-18,19692,15,572,מסוף אוניברסיטת ת''א -תל אביב יפו<->תחנה מרכזית כפ''ס/הורדה-כפר סבא-2#,10572,2,#,מטרופולין,3,10572
144506172,8944386,41658146_170526,2026-05-18T15:10:00+00:00,2026-05-18T16:13:59+00:00,2026-05-18,19692,15,572,מסוף אוניברסיטת ת''א -תל אביב יפו<->תחנה מרכזית כפ''ס/הורדה-כפר סבא-2#,10572,2,#,מטרופולין,3,10572
144504971,8944386,41658151_170526,2026-05-18T16:05:00+00:00,2026-05-18T17:08:59+00:00,2026-05-18,19692,15,572,מסוף אוניברסיטת ת''א -תל אביב יפו<->תחנה מרכזית כפ''ס/הורדה-כפר סבא-2#,10572,2,#,מטרופולין,3,10572
144506173,8944386,41658156_170526,2026-05-18T17:05:00+00:00,2026-05-18T18:08:59+00:00,2026-05-18,19692,15,572,מסוף אוניברסיטת ת''א -תל אביב יפו<->תחנה מרכזית כפ''ס/הורדה-כפר סבא-2#,10572,2,#,מטרופולין,3,10572
144649404,8950800,41658050_180526,2026-05-19T02:55:00+00:00,2026-05-19T03:57:11+00:00,2026-05-19,19691,15,572,תחנה מרכזית כפ''ס/ויצמן-כפר סבא<->מסוף אוניברסיטת ת''א/הורדה-תל אביב יפו-1#,10572,1,#,מטרופולין,3,10572
144654765,8950800,41658055_180526,2026-05-19T03:25:00+00:00,2026-05-19T04:27:11+00:00,2026-05-19,19691,15,572,תחנה מרכזית כפ''ס/ויצמן-כפר סבא<->מסוף אוניברסיטת ת''א/הורדה-תל אביב יפו-1#,10572,1,#,מטרופולין,3,10572
144654771,8950800,41658060_180526,2026-05-19T03:45:00+00:00,2026-05-19T04:47:11+00:00,2026-05-19,19691,15,572,תחנה מרכזית כפ''ס/ויצמן-כפר סבא<->מסוף אוניברסיטת ת''א/הורדה-תל אביב יפו-1#,10572,1,#,מטרופולין,3,10572
144702994,8950800,41658065_180526,2026-05-19T04:30:00+00:00,2026-05-19T05:32:11+00:00,2026-05-19,19691,15,572,תחנה מרכזית כפ''ס/ויצמן-כפר סבא<->מסוף אוניברסיטת ת''א/הורדה-תל אביב יפו-1#,10572,1,#,מטרופולין,3,10572
144658799,8950800,41658070_180526,2026-05-19T05:25:00+00:00,2026-05-19T06:27:11+00:00,2026-05-19,19691,15,572,תחנה מרכזית כפ''ס/ויצמן-כפר סבא<->מסוף אוניברסיטת ת''א/הורדה-תל אביב יפו-1#,10572,1,#,מטרופולין,3,10572
144648551,8950800,41658075_180526,2026-05-19T05:45:00+00:00,2026-05-19T06:47:11+00:00,2026-05-19,19691,15,572,תחנה מרכזית כפ''ס/ויצמן-כפר סבא<->מסוף אוניברסיטת ת''א/הורדה-תל אביב יפו-1#,10572,1,#,מטרופולין,3,10572
144649408,8950800,41658080_180526,2026-05-19T06:45:00+00:00,2026-05-19T07:47:11+00:00,2026-05-19,19691,15,572,תחנה מרכזית כפ''ס/ויצמן-כפר סבא<->מסוף אוניברסיטת ת''א/הורדה-תל אביב יפו-1#,10572,1,#,מטרופולין,3,10572
144648561,8950800,41658085_180526,2026-05-19T07:45:00+00:00,2026-05-19T08:47:11+00:00,2026-05-19,19691,15,572,תחנה מרכזית כפ''ס/ויצמן-כפר סבא<->מסוף אוניברסיטת ת''א/הורדה-תל אביב יפו-1#,10572,1,#,מטרופולין,3,10572
144656601,8950800,41658090_180526,2026-05-19T08:45:00+00:00,2026-05-19T09:47:11+00:00,2026-05-19,19691,15,572,תחנה מרכזית כפ''ס/ויצמן-כפר סבא<->מסוף אוניברסיטת ת''א/הורדה-תל אביב יפו-1#,10572,1,#,מטרופולין,3,10572
144650850,8950801,41658116_180526,2026-05-19T09:05:00+00:00,2026-05-19T10:08:59+00:00,2026-05-19,19692,15,572,מסוף אוניברסיטת ת''א -תל אביב יפו<->תחנה מרכזית כפ''ס/הורדה-כפר סבא-2#,10572,2,#,מטרופולין,3,10572
144702995,8950800,41658095_180526,2026-05-19T09:30:00+00:00,2026-05-19T10:32:11+00:00,2026-05-19,19691,15,572,תחנה מרכזית כפ''ס/ויצמן-כפר סבא<->מסוף אוניברסיטת ת''א/הורדה-תל אביב יפו-1#,10572,1,#,מטרופולין,3,10572
144650851,8950801,41658121_180526,2026-05-19T10:10:00+00:00,2026-05-19T11:13:59+00:00,2026-05-19,19692,15,572,מסוף אוניברסיטת ת''א -תל אביב יפו<->תחנה מרכזית כפ''ס/הורדה-כפר סבא-2#,10572,2,#,מטרופולין,3,10572
144648562,8950800,41658100_180526,2026-05-19T10:30:00+00:00,2026-05-19T11:32:11+00:00,2026-05-19,19691,15,572,תחנה מרכזית כפ''ס/ויצמן-כפר סבא<->מסוף אוניברסיטת ת''א/הורדה-תל אביב יפו-1#,10572,1,#,מטרופולין,3,10572
144702996,8950801,41658126_180526,2026-05-19T11:10:00+00:00,2026-05-19T12:13:59+00:00,2026-05-19,19692,15,572,מסוף אוניברסיטת ת''א -תל אביב יפו<->תחנה מרכזית כפ''ס/הורדה-כפר סבא-2#,10572,2,#,מטרופולין,3,10572
144654772,8950800,41658105_180526,2026-05-19T11:30:00+00:00,2026-05-19T12:32:11+00:00,2026-05-19,19691,15,572,תחנה מרכזית כפ''ס/ויצמן-כפר סבא<->מסוף אוניברסיטת ת''א/הורדה-תל אביב יפו-1#,10572,1,#,מטרופולין,3,10572
144654779,8950801,41658131_180526,2026-05-19T12:10:00+00:00,2026-05-19T13:13:59+00:00,2026-05-19,19692,15,572,מסוף אוניברסיטת ת''א -תל אביב יפו<->תחנה מרכזית כפ''ס/הורדה-כפר סבא-2#,10572,2,#,מטרופולין,3,10572
144650849,8950800,41658110_180526,2026-05-19T12:30:00+00:00,2026-05-19T13:32:11+00:00,2026-05-19,19691,15,572,תחנה מרכזית כפ''ס/ויצמן-כפר סבא<->מסוף אוניברסיטת ת''א/הורדה-תל אביב יפו-1#,10572,1,#,מטרופולין,3,10572
144654781,8950801,41658136_180526,2026-05-19T13:10:00+00:00,2026-05-19T14:13:59+00:00,2026-05-19,19692,15,572,מסוף אוניברסיטת ת''א -תל אביב יפו<->תחנה מרכזית כפ''ס/הורדה-כפר סבא-2#,10572,2,#,מטרופולין,3,10572
144648609,8950801,41658141_180526,2026-05-19T14:10:00+00:00,2026-05-19T15:13:59+00:00,2026-05-19,19692,15,572,מסוף אוניברסיטת ת''א -תל אביב יפו<->תחנה מרכזית כפ''ס/הורדה-כפר סבא-2#,10572,2,#,מטרופולין,3,10572
144658802,8950801,41658146_180526,2026-05-19T15:10:00+00:00,2026-05-19T16:13:59+00:00,2026-05-19,19692,15,572,מסוף אוניברסיטת ת''א -תל אביב יפו<->תחנה מרכזית כפ''ס/הורדה-כפר סבא-2#,10572,2,#,מטרופולין,3,10572
144649416,8950801,41658151_180526,2026-05-19T16:05:00+00:00,2026-05-19T17:08:59+00:00,2026-05-19,19692,15,572,מסוף אוניברסיטת ת''א -תל אביב יפו<->תחנה מרכזית כפ''ס/הורדה-כפר סבא-2#,10572,2,#,מטרופולין,3,10572
144648610,8950801,41658156_180526,2026-05-19T17:05:00+00:00,2026-05-19T18:08:59+00:00,2026-05-19,19692,15,572,מסוף אוניברסיטת ת''א -תל אביב יפו<->תחנה מרכזית כפ''ס/הורדה-כפר סבא-2#,10572,2,#,מטרופולין,3,10572
144798656,8957210,41658050_190526,2026-05-20T02:55:00+00:00,2026-05-20T03:57:11+00:00,2026-05-20,19691,15,572,תחנה מרכזית כפ''ס/ויצמן-כפר סבא<->מסוף אוניברסיטת ת''א/הורדה-תל אביב יפו-1#,10572,1,#,מטרופולין,3,10572
144792027,8957210,41658055_190526,2026-05-20T03:25:00+00:00,2026-05-20T04:27:11+00:00,2026-05-20,19691,15,572,תחנה מרכזית כפ''ס/ויצמן-כפר סבא<->מסוף אוניברסיטת ת''א/הורדה-תל אביב יפו-1#,10572,1,#,מטרופולין,3,10572
144792028,8957210,41658060_190526,2026-05-20T03:45:00+00:00,2026-05-20T04:47:11+00:00,2026-05-20,19691,15,572,תחנה מרכזית כפ''ס/ויצמן-כפר סבא<->מסוף אוניברסיטת ת''א/הורדה-תל אביב יפו-1#,10572,1,#,מטרופולין,3,10572
144792029,8957210,41658065_190526,2026-05-20T04:30:00+00:00,2026-05-20T05:32:11+00:00,2026-05-20,19691,15,572,תחנה מרכזית כפ''ס/ויצמן-כפר סבא<->מסוף אוניברסיטת ת''א/הורדה-תל אביב יפו-1#,10572,1,#,מטרופולין,3,10572
144798398,8957210,41658070_190526,2026-05-20T05:25:00+00:00,2026-05-20T06:27:11+00:00,2026-05-20,19691,15,572,תחנה מרכזית כפ''ס/ויצמן-כפר סבא<->מסוף אוניברסיטת ת''א/הורדה-תל אביב יפו-1#,10572,1,#,מטרופולין,3,10572
144792030,8957210,41658075_190526,2026-05-20T05:45:00+00:00,2026-05-20T06:47:11+00:00,2026-05-20,19691,15,572,תחנה מרכזית כפ''ס/ויצמן-כפר סבא<->מסוף אוניברסיטת ת''א/הורדה-תל אביב יפו-1#,10572,1,#,מטרופולין,3,10572
144799841,8957210,41658080_190526,2026-05-20T06:45:00+00:00,2026-05-20T07:47:11+00:00,2026-05-20,19691,15,572,תחנה מרכזית כפ''ס/ויצמן-כפר סבא<->מסוף אוניברסיטת ת''א/הורדה-תל אביב יפו-1#,10572,1,#,מטרופולין,3,10572
144792031,8957210,41658085_190526,2026-05-20T07:45:00+00:00,2026-05-20T08:47:11+00:00,2026-05-20,19691,15,572,תחנה מרכזית כפ''ס/ויצמן-כפר סבא<->מסוף אוניברסיטת ת''א/הורדה-תל אביב יפו-1#,10572,1,#,מטרופולין,3,10572
144798657,8957210,41658090_190526,2026-05-20T08:45:00+00:00,2026-05-20T09:47:11+00:00,2026-05-20,19691,15,572,תחנה מרכזית כפ''ס/ויצמן-כפר סבא<->מסוף אוניברסיטת ת''א/הורדה-תל אביב יפו-1#,10572,1,#,מטרופולין,3,10572
144793884,8957211,41658116_190526,2026-05-20T09:05:00+00:00,2026-05-20T10:08:59+00:00,2026-05-20,19692,15,572,מסוף אוניברסיטת ת''א -תל אביב יפו<->תחנה מרכזית כפ''ס/הורדה-כפר סבא-2#,10572,2,#,מטרופולין,3,10572
144792032,8957210,41658095_190526,2026-05-20T09:30:00+00:00,2026-05-20T10:32:11+00:00,2026-05-20,19691,15,572,תחנה מרכזית כפ''ס/ויצמן-כפר סבא<->מסוף אוניברסיטת ת''א/הורדה-תל אביב יפו-1#,10572,1,#,מטרופולין,3,10572
144798658,8957211,41658121_190526,2026-05-20T10:10:00+00:00,2026-05-20T11:13:59+00:00,2026-05-20,19692,15,572,מסוף אוניברסיטת ת''א -תל אביב יפו<->תחנה מרכזית כפ''ס/הורדה-כפר סבא-2#,10572,2,#,מטרופולין,3,10572
144799842,8957210,41658100_190526,2026-05-20T10:30:00+00:00,2026-05-20T11:32:11+00:00,2026-05-20,19691,15,572,תחנה מרכזית כפ''ס/ויצמן-כפר סבא<->מסוף אוניברסיטת ת''א/הורדה-תל אביב יפו-1#,10572,1,#,מטרופולין,3,10572
144798659,8957211,41658126_190526,2026-05-20T11:10:00+00:00,2026-05-20T12:13:59+00:00,2026-05-20,19692,15,572,מסוף אוניברסיטת ת''א -תל אביב יפו<->תחנה מרכזית כפ''ס/הורדה-כפר סבא-2#,10572,2,#,מטרופולין,3,10572
144792033,8957210,41658105_190526,2026-05-20T11:30:00+00:00,2026-05-20T12:32:11+00:00,2026-05-20,19691,15,572,תחנה מרכזית כפ''ס/ויצמן-כפר סבא<->מסוף אוניברסיטת ת''א/הורדה-תל אביב יפו-1#,10572,1,#,מטרופולין,3,10572
144847784,8957211,41658131_190526,2026-05-20T12:10:00+00:00,2026-05-20T13:13:59+00:00,2026-05-20,19692,15,572,מסוף אוניברסיטת ת''א -תל אביב יפו<->תחנה מרכזית כפ''ס/הורדה-כפר סבא-2#,10572,2,#,מטרופולין,3,10572
144792034,8957210,41658110_190526,2026-05-20T12:30:00+00:00,2026-05-20T13:32:11+00:00,2026-05-20,19691,15,572,תחנה מרכזית כפ''ס/ויצמן-כפר סבא<->מסוף אוניברסיטת ת''א/הורדה-תל אביב יפו-1#,10572,1,#,מטרופולין,3,10572
144792035,8957211,41658136_190526,2026-05-20T13:10:00+00:00,2026-05-20T14:13:59+00:00,2026-05-20,19692,15,572,מסוף אוניברסיטת ת''א -תל אביב יפו<->תחנה מרכזית כפ''ס/הורדה-כפר סבא-2#,10572,2,#,מטרופולין,3,10572
144796064,8957211,41658141_190526,2026-05-20T14:10:00+00:00,2026-05-20T15:13:59+00:00,2026-05-20,19692,15,572,מסוף אוניברסיטת ת''א -תל אביב יפו<->תחנה מרכזית כפ''ס/הורדה-כפר סבא-2#,10572,2,#,מטרופולין,3,10572
144793885,8957211,41658146_190526,2026-05-20T15:10:00+00:00,2026-05-20T16:13:59+00:00,2026-05-20,19692,15,572,מסוף אוניברסיטת ת''א -תל אביב יפו<->תחנה מרכזית כפ''ס/הורדה-כפר סבא-2#,10572,2,#,מטרופולין,3,10572
144793886,8957211,41658151_190526,2026-05-20T16:05:00+00:00,2026-05-20T17:08:59+00:00,2026-05-20,19692,15,572,מסוף אוניברסיטת ת''א -תל אביב יפו<->תחנה מרכזית כפ''ס/הורדה-כפר סבא-2#,10572,2,#,מטרופולין,3,10572
144793887,8957211,41658156_190526,2026-05-20T17:05:00+00:00,2026-05-20T18:08:59+00:00,2026-05-20,19692,15,572,מסוף אוניברסיטת ת''א -תל אביב יפו<->תחנה מרכזית כפ''ס/הורדה-כפר סבא-2#,10572,2,#,מטרופולין,3,10572
144915945,8962568,47086900_210526,2026-05-21T04:00:00+00:00,2026-05-21T05:02:11+00:00,2026-05-21,19691,15,572,תחנה מרכזית כפ''ס/ויצמן-כפר סבא<->מסוף אוניברסיטת ת''א/הורדה-תל אביב יפו-1#,10572,1,#,מטרופולין,3,10572
144510704,8944906,36464729_170526,2026-05-18T04:40:00+00:00,2026-05-18T04:51:59+00:00,2026-05-18,25270,15,909,יצחק אלחנן/הנץ-רמת השרון<->הזית/שבטי ישראל-רמת השרון-1#,11909,1,#,מטרופולין,3,11909
144514347,8944906,40992955_170526,2026-05-18T04:50:00+00:00,2026-05-18T05:01:59+00:00,2026-05-18,25270,15,909,יצחק אלחנן/הנץ-רמת השרון<->הזית/שבטי ישראל-רמת השרון-1#,11909,1,#,מטרופולין,3,11909
144560330,8944907,36624957_170526,2026-05-18T10:50:00+00:00,2026-05-18T11:02:35+00:00,2026-05-18,25271,15,909,הזית/נווה רעים-רמת השרון<->הבנים/לוחמי הגטאות-רמת השרון-2#,11909,2,#,מטרופולין,3,11909
144517682,8944907,40524198_170526,2026-05-18T11:50:00+00:00,2026-05-18T12:02:35+00:00,2026-05-18,25271,15,909,הזית/נווה רעים-רמת השרון<->הבנים/לוחמי הגטאות-רמת השרון-2#,11909,2,#,מטרופולין,3,11909
144704256,8951321,36464729_180526,2026-05-19T04:40:00+00:00,2026-05-19T04:51:59+00:00,2026-05-19,25270,15,909,יצחק אלחנן/הנץ-רמת השרון<->הזית/שבטי ישראל-רמת השרון-1#,11909,1,#,מטרופולין,3,11909
144659760,8951321,40992955_180526,2026-05-19T04:50:00+00:00,2026-05-19T05:01:59+00:00,2026-05-19,25270,15,909,יצחק אלחנן/הנץ-רמת השרון<->הזית/שבטי ישראל-רמת השרון-1#,11909,1,#,מטרופולין,3,11909
144659763,8951322,36624957_180526,2026-05-19T10:50:00+00:00,2026-05-19T11:02:35+00:00,2026-05-19,25271,15,909,הזית/נווה רעים-רמת השרון<->הבנים/לוחמי הגטאות-רמת השרון-2#,11909,2,#,מטרופולין,3,11909
144668886,8951322,40524198_180526,2026-05-19T11:50:00+00:00,2026-05-19T12:02:35+00:00,2026-05-19,25271,15,909,הזית/נווה רעים-רמת השרון<->הבנים/לוחמי הגטאות-רמת השרון-2#,11909,2,#,מטרופולין,3,11909
144807147,8957729,36464729_190526,2026-05-20T04:40:00+00:00,2026-05-20T04:51:59+00:00,2026-05-20,25270,15,909,יצחק אלחנן/הנץ-רמת השרון<->הזית/שבטי ישראל-רמת השרון-1#,11909,1,#,מטרופולין,3,11909
144849033,8957729,40992955_190526,2026-05-20T04:50:00+00:00,2026-05-20T05:01:59+00:00,2026-05-20,25270,15,909,יצחק אלחנן/הנץ-רמת השרון<->הזית/שבטי ישראל-רמת השרון-1#,11909,1,#,מטרופולין,3,11909
144798818,8957730,36624957_190526,2026-05-20T10:50:00+00:00,2026-05-20T11:02:35+00:00,2026-05-20,25271,15,909,הזית/נווה רעים-רמת השרון<->הבנים/לוחמי הגטאות-רמת השרון-2#,11909,2,#,מטרופולין,3,11909
144805794,8957730,40524198_190526,2026-05-20T11:50:00+00:00,2026-05-20T12:02:35+00:00,2026-05-20,25271,15,909,הזית/נווה רעים-רמת השרון<->הבנים/לוחמי הגטאות-רמת השרון-2#,11909,2,#,מטרופולין,3,11909
144515489,8944801,35899113_170526,2026-05-18T02:00:00+00:00,2026-05-18T02:43:28+00:00,2026-05-18,23399,15,6,מסוף עתידים-תל אביב יפו<->ת. רכבת אוניברסיטה/הורדה-תל אביב יפו-1#,22006,1,#,מטרופולין,3,22006
144512597,8944802,35941035_170526,2026-05-18T02:15:00+00:00,2026-05-18T02:58:59+00:00,2026-05-18,23400,15,6,ת. רכבת אוניברסיטה/איסוף-תל אביב יפו<->מסוף עתידים-תל אביב יפו-2#,22006,2,#,מטרופולין,3,22006
144508999,8944801,35899137_170526,2026-05-18T02:30:00+00:00,2026-05-18T03:13:28+00:00,2026-05-18,23399,15,6,מסוף עתידים-תל אביב יפו<->ת. רכבת אוניברסיטה/הורדה-תל אביב יפו-1#,22006,1,#,מטרופולין,3,22006
144560009,8944802,35941044_170526,2026-05-18T02:45:00+00:00,2026-05-18T03:28:59+00:00,2026-05-18,23400,15,6,ת. רכבת אוניברסיטה/איסוף-תל אביב יפו<->מסוף עתידים-תל אביב יפו-2#,22006,2,#,מטרופולין,3,22006
144515490,8944801,35899128_170526,2026-05-18T02:50:00+00:00,2026-05-18T03:33:28+00:00,2026-05-18,23399,15,6,מסוף עתידים-תל אביב יפו<->ת. רכבת אוניברסיטה/הורדה-תל אביב יפו-1#,22006,1,#,מטרופולין,3,22006
144560210,8944858,35899519_170526,2026-05-18T03:05:00+00:00,2026-05-18T03:53:59+00:00,2026-05-18,24047,15,6א,ת. רכבת אוניברסיטה/איסוף-תל אביב יפו<->מסוף עתידים-תל אביב יפו-21,22006,2,1,מטרופולין,3,22006
144573598,8941027,35899279_170526,2026-05-18T03:10:00+00:00,2026-05-18T03:58:23+00:00,2026-05-18,2265,15,6א,מסוף עתידים-תל אביב יפו<->ת. רכבת אוניברסיטה/הורדה-תל אביב יפו-11,22006,1,1,מטרופולין,3,22006
144560010,8944802,35941048_170526,2026-05-18T03:25:00+00:00,2026-05-18T04:08:59+00:00,2026-05-18,23400,15,6,ת. רכבת אוניברסיטה/איסוף-תל אביב יפו<->מסוף עתידים-תל אביב יפו-2#,22006,2,#,מטרופולין,3,22006
144512758,8944801,35899123_170526,2026-05-18T03:30:00+00:00,2026-05-18T04:13:28+00:00,2026-05-18,23399,15,6,מסוף עתידים-תל אביב יפו<->ת. רכבת אוניברסיטה/הורדה-תל אביב יפו-1#,22006,1,#,מטרופולין,3,22006
144515492,8944802,35941053_170526,2026-05-18T03:45:00+00:00,2026-05-18T04:28:59+00:00,2026-05-18,23400,15,6,ת. רכבת אוניברסיטה/איסוף-תל אביב יפו<->מסוף עתידים-תל אביב יפו-2#,22006,2,#,מטרופולין,3,22006
144518367,8944801,35899131_170526,2026-05-18T03:50:00+00:00,2026-05-18T04:33:28+00:00,2026-05-18,23399,15,6,מסוף עתידים-תל אביב יפו<->ת. רכבת אוניברסיטה/הורדה-תל אביב יפו-1#,22006,1,#,מטרופולין,3,22006
144516127,8944858,585173095_170526,2026-05-18T04:15:00+00:00,2026-05-18T05:03:59+00:00,2026-05-18,24047,15,6א,ת. רכבת אוניברסיטה/איסוף-תל אביב יפו<->מסוף עתידים-תל אביב יפו-21,22006,2,1,מטרופולין,3,22006
144551277,8941027,463777_170526,2026-05-18T04:20:00+00:00,2026-05-18T05:08:23+00:00,2026-05-18,2265,15,6א,מסוף עתידים-תל אביב יפו<->ת. רכבת אוניברסיטה/הורדה-תל אביב יפו-11,22006,1,1,מטרופולין,3,22006
144512759,8944802,35941036_170526,2026-05-18T04:45:00+00:00,2026-05-18T05:28:59+00:00,2026-05-18,23400,15,6,ת. רכבת אוניברסיטה/איסוף-תל אביב יפו<->מסוף עתידים-תל אביב יפו-2#,22006,2,#,מטרופולין,3,22006
144560006,8944801,35899121_170526,2026-05-18T04:50:00+00:00,2026-05-18T05:33:28+00:00,2026-05-18,23399,15,6,מסוף עתידים-תל אביב יפו<->ת. רכבת אוניברסיטה/הורדה-תל אביב יפו-1#,22006,1,#,מטרופולין,3,22006
144516128,8944858,585173096_170526,2026-05-18T05:15:00+00:00,2026-05-18T06:03:59+00:00,2026-05-18,24047,15,6א,ת. רכבת אוניברסיטה/איסוף-תל אביב יפו<->מסוף עתידים-תל אביב יפו-21,22006,2,1,מטרופולין,3,22006
144576370,8941027,585173087_170526,2026-05-18T05:20:00+00:00,2026-05-18T06:08:23+00:00,2026-05-18,2265,15,6א,מסוף עתידים-תל אביב יפו<->ת. רכבת אוניברסיטה/הורדה-תל אביב יפו-11,22006,1,1,מטרופולין,3,22006
144509029,8944802,35941054_170526,2026-05-18T05:45:00+00:00,2026-05-18T06:28:59+00:00,2026-05-18,23400,15,6,ת. רכבת אוניברסיטה/איסוף-תל אביב יפו<->מסוף עתידים-תל אביב יפו-2#,22006,2,#,מטרופולין,3,22006
144508996,8944801,35899124_170526,2026-05-18T05:50:00+00:00,2026-05-18T06:33:28+00:00,2026-05-18,23399,15,6,מסוף עתידים-תל אביב יפו<->ת. רכבת אוניברסיטה/הורדה-תל אביב יפו-1#,22006,1,#,מטרופולין,3,22006
144516126,8944858,35899523_170526,2026-05-18T06:15:00+00:00,2026-05-18T07:03:59+00:00,2026-05-18,24047,15,6א,ת. רכבת אוניברסיטה/איסוף-תל אביב יפו<->מסוף עתידים-תל אביב יפו-21,22006,2,1,מטרופולין,3,22006
144573597,8941027,35899275_170526,2026-05-18T06:20:00+00:00,2026-05-18T07:08:23+00:00,2026-05-18,2265,15,6א,מסוף עתידים-תל אביב יפו<->ת. רכבת אוניברסיטה/הורדה-תל אביב יפו-11,22006,1,1,מטרופולין,3,22006
144511640,8944802,35941039_170526,2026-05-18T06:45:00+00:00,2026-05-18T07:28:59+00:00,2026-05-18,23400,15,6,ת. רכבת אוניברסיטה/איסוף-תל אביב יפו<->מסוף עתידים-תל אביב יפו-2#,22006,2,#,מטרופולין,3,22006
144508995,8944801,35899114_170526,2026-05-18T06:50:00+00:00,2026-05-18T07:33:28+00:00,2026-05-18,23399,15,6,מסוף עתידים-תל אביב יפו<->ת. רכבת אוניברסיטה/הורדה-תל אביב יפו-1#,22006,1,#,מטרופולין,3,22006
144513522,8944858,35899526_170526,2026-05-18T07:15:00+00:00,2026-05-18T08:03:59+00:00,2026-05-18,24047,15,6א,ת. רכבת אוניברסיטה/איסוף-תל אביב יפו<->מסוף עתידים-תל אביב יפו-21,22006,2,1,מטרופולין,3,22006
144551276,8941027,35899283_170526,2026-05-18T07:20:00+00:00,2026-05-18T08:08:23+00:00,2026-05-18,2265,15,6א,מסוף עתידים-תל אביב יפו<->ת. רכבת אוניברסיטה/הורדה-תל אביב יפו-11,22006,1,1,מטרופולין,3,22006
144512599,8944802,35941045_170526,2026-05-18T07:45:00+00:00,2026-05-18T08:28:59+00:00,2026-05-18,23400,15,6,ת. רכבת אוניברסיטה/איסוף-תל אביב יפו<->מסוף עתידים-תל אביב יפו-2#,22006,2,#,מטרופולין,3,22006
144560007,8944801,35899133_170526,2026-05-18T07:50:00+00:00,2026-05-18T08:33:28+00:00,2026-05-18,23399,15,6,מסוף עתידים-תל אביב יפו<->ת. רכבת אוניברסיטה/הורדה-תל אביב יפו-1#,22006,1,#,מטרופולין,3,22006
144560211,8944858,35899520_170526,2026-05-18T08:15:00+00:00,2026-05-18T09:03:59+00:00,2026-05-18,24047,15,6א,ת. רכבת אוניברסיטה/איסוף-תל אביב יפו<->מסוף עתידים-תל אביב יפו-21,22006,2,1,מטרופולין,3,22006
144574622,8941027,35899272_170526,2026-05-18T08:20:00+00:00,2026-05-18T09:08:23+00:00,2026-05-18,2265,15,6א,מסוף עתידים-תל אביב יפו<->ת. רכבת אוניברסיטה/הורדה-תל אביב יפו-11,22006,1,1,מטרופולין,3,22006
144509030,8944802,35941055_170526,2026-05-18T08:45:00+00:00,2026-05-18T09:28:59+00:00,2026-05-18,23400,15,6,ת. רכבת אוניברסיטה/איסוף-תל אביב יפו<->מסוף עתידים-תל אביב יפו-2#,22006,2,#,מטרופולין,3,22006
144508997,8944801,35899125_170526,2026-05-18T08:50:00+00:00,2026-05-18T09:33:28+00:00,2026-05-18,23399,15,6,מסוף עתידים-תל אביב יפו<->ת. רכבת אוניברסיטה/הורדה-תל אביב יפו-1#,22006,1,#,מטרופולין,3,22006
144560212,8944858,35899532_170526,2026-05-18T09:15:00+00:00,2026-05-18T10:03:59+00:00,2026-05-18,24047,15,6א,ת. רכבת אוניברסיטה/איסוף-תל אביב יפו<->מסוף עתידים-תל אביב יפו-21,22006,2,1,מטרופולין,3,22006
144573665,8941027,35899280_170526,2026-05-18T09:20:00+00:00,2026-05-18T10:08:23+00:00,2026-05-18,2265,15,6א,מסוף עתידים-תל אביב יפו<->ת. רכבת אוניברסיטה/הורדה-תל אביב יפו-11,22006,1,1,מטרופולין,3,22006
144511641,8944802,35941040_170526,2026-05-18T09:45:00+00:00,2026-05-18T10:28:59+00:00,2026-05-18,23400,15,6,ת. רכבת אוניברסיטה/איסוף-תל אביב יפו<->מסוף עתידים-תל אביב יפו-2#,22006,2,#,מטרופולין,3,22006
144512586,8944801,35899115_170526,2026-05-18T09:50:00+00:00,2026-05-18T10:33:28+00:00,2026-05-18,23399,15,6,מסוף עתידים-תל אביב יפו<->ת. רכבת אוניברסיטה/הורדה-תל אביב יפו-1#,22006,1,#,מטרופולין,3,22006
144575061,8941027,35899278_170526,2026-05-18T10:20:00+00:00,2026-05-18T11:08:23+00:00,2026-05-18,2265,15,6א,מסוף עתידים-תל אביב יפו<->ת. רכבת אוניברסיטה/הורדה-תל אביב יפו-11,22006,1,1,מטרופולין,3,22006
144518370,8944802,35941052_170526,2026-05-18T10:45:00+00:00,2026-05-18T11:28:59+00:00,2026-05-18,23400,15,6,ת. רכבת אוניברסיטה/איסוף-תל אביב יפו<->מסוף עתידים-תל אביב יפו-2#,22006,2,#,מטרופולין,3,22006
144518368,8944801,35899132_170526,2026-05-18T10:50:00+00:00,2026-05-18T11:33:28+00:00,2026-05-18,23399,15,6,מסוף עתידים-תל אביב יפו<->ת. רכבת אוניברסיטה/הורדה-תל אביב יפו-1#,22006,1,#,מטרופולין,3,22006
144514388,8944858,35899524_170526,2026-05-18T11:15:00+00:00,2026-05-18T12:03:59+00:00,2026-05-18,24047,15,6א,ת. רכבת אוניברסיטה/איסוף-תל אביב יפו<->מסוף עתידים-תל אביב יפו-21,22006,2,1,מטרופולין,3,22006
144512760,8944802,35941049_170526,2026-05-18T11:45:00+00:00,2026-05-18T12:28:59+00:00,2026-05-18,23400,15,6,ת. רכבת אוניברסיטה/איסוף-תל אביב יפו<->מסוף עתידים-תל אביב יפו-2#,22006,2,#,מטרופולין,3,22006
144511636,8944801,35899116_170526,2026-05-18T11:50:00+00:00,2026-05-18T12:33:28+00:00,2026-05-18,23399,15,6,מסוף עתידים-תל אביב יפו<->ת. רכבת אוניברסיטה/הורדה-תל אביב יפו-1#,22006,1,#,מטרופולין,3,22006
144575060,8941027,35899277_170526,2026-05-18T12:20:00+00:00,2026-05-18T13:08:23+00:00,2026-05-18,2265,15,6א,מסוף עתידים-תל אביב יפו<->ת. רכבת אוניברסיטה/הורדה-תל אביב יפו-11,22006,1,1,מטרופולין,3,22006
144515770,8944801,585013033_170526,2026-05-18T12:50:00+00:00,2026-05-18T13:33:28+00:00,2026-05-18,23399,15,6,מסוף עתידים-תל אביב יפו<->ת. רכבת אוניברסיטה/הורדה-תל אביב יפו-1#,22006,1,#,מטרופולין,3,22006
144512909,8944858,35899521_170526,2026-05-18T13:05:00+00:00,2026-05-18T13:53:59+00:00,2026-05-18,24047,15,6א,ת. רכבת אוניברסיטה/איסוף-תל אביב יפו<->מסוף עתידים-תל אביב יפו-21,22006,2,1,מטרופולין,3,22006
144511643,8944802,585013063_170526,2026-05-18T13:35:00+00:00,2026-05-18T14:18:59+00:00,2026-05-18,23400,15,6,ת. רכבת אוניברסיטה/איסוף-תל אביב יפו<->מסוף עתידים-תל אביב יפו-2#,22006,2,#,מטרופולין,3,22006
144514389,8944858,35899525_170526,2026-05-18T14:05:00+00:00,2026-05-18T14:53:59+00:00,2026-05-18,24047,15,6א,ת. רכבת אוניברסיטה/איסוף-תל אביב יפו<->מסוף עתידים-תל אביב יפו-21,22006,2,1,מטרופולין,3,22006
144511642,8944802,35941050_170526,2026-05-18T14:25:00+00:00,2026-05-18T15:08:59+00:00,2026-05-18,23400,15,6,ת. רכבת אוניברסיטה/איסוף-תל אביב יפו<->מסוף עתידים-תל אביב יפו-2#,22006,2,#,מטרופולין,3,22006
144515491,8944802,35941046_170526,2026-05-18T14:45:00+00:00,2026-05-18T15:28:59+00:00,2026-05-18,23400,15,6,ת. רכבת אוניברסיטה/איסוף-תל אביב יפו<->מסוף עתידים-תל אביב יפו-2#,22006,2,#,מטרופולין,3,22006
144518369,8944801,585013035_170526,2026-05-18T14:50:00+00:00,2026-05-18T15:33:28+00:00,2026-05-18,23399,15,6,מסוף עתידים-תל אביב יפו<->ת. רכבת אוניברסיטה/הורדה-תל אביב יפו-1#,22006,1,#,מטרופולין,3,22006
144573666,8941027,35899281_170526,2026-05-18T15:20:00+00:00,2026-05-18T16:08:23+00:00,2026-05-18,2265,15,6א,מסוף עתידים-תל אביב יפו<->ת. רכבת אוניברסיטה/הורדה-תל אביב יפו-11,22006,1,1,מטרופולין,3,22006
144512587,8944801,35899139_170526,2026-05-18T15:40:00+00:00,2026-05-18T16:23:28+00:00,2026-05-18,23399,15,6,מסוף עתידים-תל אביב יפו<->ת. רכבת אוניברסיטה/הורדה-תל אביב יפו-1#,22006,1,#,מטרופולין,3,22006
144511638,8944802,35941031_170526,2026-05-18T15:45:00+00:00,2026-05-18T16:28:59+00:00,2026-05-18,23400,15,6,ת. רכבת אוניברסיטה/איסוף-תל אביב יפו<->מסוף עתידים-תל אביב יפו-2#,22006,2,#,מטרופולין,3,22006
144511639,8944802,35941033_170526,2026-05-18T16:25:00+00:00,2026-05-18T17:08:59+00:00,2026-05-18,23400,15,6,ת. רכבת אוניברסיטה/איסוף-תל אביב יפו<->מסוף עתידים-תל אביב יפו-2#,22006,2,#,מטרופולין,3,22006
144511637,8944801,35899130_170526,2026-05-18T16:40:00+00:00,2026-05-18T17:23:28+00:00,2026-05-18,23399,15,6,מסוף עתידים-תל אביב יפו<->ת. רכבת אוניברסיטה/הורדה-תל אביב יפו-1#,22006,1,#,מטרופולין,3,22006
144574624,8941027,35899282_170526,2026-05-18T17:20:00+00:00,2026-05-18T18:08:23+00:00,2026-05-18,2265,15,6א,מסוף עתידים-תל אביב יפו<->ת. רכבת אוניברסיטה/הורדה-תל אביב יפו-11,22006,1,1,מטרופולין,3,22006
144560008,8944802,35941037_170526,2026-05-18T17:25:00+00:00,2026-05-18T18:08:59+00:00,2026-05-18,23400,15,6,ת. רכבת אוניברסיטה/איסוף-תל אביב יפו<->מסוף עתידים-תל אביב יפו-2#,22006,2,#,מטרופולין,3,22006
144512910,8944858,35899522_170526,2026-05-18T18:15:00+00:00,2026-05-18T19:03:59+00:00,2026-05-18,24047,15,6א,ת. רכבת אוניברסיטה/איסוף-תל אביב יפו<->מסוף עתידים-תל אביב יפו-21,22006,2,1,מטרופולין,3,22006
144508998,8944801,35899127_170526,2026-05-18T18:40:00+00:00,2026-05-18T19:23:28+00:00,2026-05-18,23399,15,6,מסוף עתידים-תל אביב יפו<->ת. רכבת אוניברסיטה/הורדה-תל אביב יפו-1#,22006,1,#,מטרופולין,3,22006
144574623,8941027,35899274_170526,2026-05-18T19:10:00+00:00,2026-05-18T19:58:23+00:00,2026-05-18,2265,15,6א,מסוף עתידים-תל אביב יפו<->ת. רכבת אוניברסיטה/הורדה-תל אביב יפו-11,22006,1,1,מטרופולין,3,22006
144516125,8944858,35899518_170526,2026-05-18T19:15:00+00:00,2026-05-18T20:03:59+00:00,2026-05-18,24047,15,6א,ת. רכבת אוניברסיטה/איסוף-תל אביב יפו<->מסוף עתידים-תל אביב יפו-21,22006,2,1,מטרופולין,3,22006
144512598,8944802,35941038_170526,2026-05-18T19:45:00+00:00,2026-05-18T20:28:59+00:00,2026-05-18,23400,15,6,ת. רכבת אוניברסיטה/איסוף-תל אביב יפו<->מסוף עתידים-תל אביב יפו-2#,22006,2,#,מטרופולין,3,22006
144655720,8951216,35899113_180526,2026-05-19T02:00:00+00:00,2026-05-19T02:43:28+00:00,2026-05-19,23399,15,6,מסוף עתידים-תל אביב יפו<->ת. רכבת אוניברסיטה/הורדה-תל אביב יפו-1#,22006,1,#,מטרופולין,3,22006
144661018,8951217,35941035_180526,2026-05-19T02:15:00+00:00,2026-05-19T02:58:59+00:00,2026-05-19,23400,15,6,ת. רכבת אוניברסיטה/איסוף-תל אביב יפו<->מסוף עתידים-תל אביב יפו-2#,22006,2,#,מטרופולין,3,22006
144655651,8951216,35899137_180526,2026-05-19T02:30:00+00:00,2026-05-19T03:13:28+00:00,2026-05-19,23399,15,6,מסוף עתידים-תל אביב יפו<->ת. רכבת אוניברסיטה/הורדה-תל אביב יפו-1#,22006,1,#,מטרופולין,3,22006
144666674,8951217,35941044_180526,2026-05-19T02:45:00+00:00,2026-05-19T03:28:59+00:00,2026-05-19,23400,15,6,ת. רכבת אוניברסיטה/איסוף-תל אביב יפו<->מסוף עתידים-תל אביב יפו-2#,22006,2,#,מטרופולין,3,22006
144655648,8951216,35899128_180526,2026-05-19T02:50:00+00:00,2026-05-19T03:33:28+00:00,2026-05-19,23399,15,6,מסוף עתידים-תל אביב יפו<->ת. רכבת אוניברסיטה/הורדה-תל אביב יפו-1#,22006,1,#,מטרופולין,3,22006
144657239,8951273,35899519_180526,2026-05-19T03:05:00+00:00,2026-05-19T03:53:59+00:00,2026-05-19,24047,15,6א,ת. רכבת אוניברסיטה/איסוף-תל אביב יפו<->מסוף עתידים-תל אביב יפו-21,22006,2,1,מטרופולין,3,22006
144721180,8947447,35899279_180526,2026-05-19T03:10:00+00:00,2026-05-19T03:58:23+00:00,2026-05-19,2265,15,6א,מסוף עתידים-תל אביב יפו<->ת. רכבת אוניברסיטה/הורדה-תל אביב יפו-11,22006,1,1,מטרופולין,3,22006
144703944,8951217,35941048_180526,2026-05-19T03:25:00+00:00,2026-05-19T04:08:59+00:00,2026-05-19,23400,15,6,ת. רכבת אוניברסיטה/איסוף-תל אביב יפו<->מסוף עתידים-תל אביב יפו-2#,22006,2,#,מטרופולין,3,22006
144666673,8951216,35899123_180526,2026-05-19T03:30:00+00:00,2026-05-19T04:13:28+00:00,2026-05-19,23399,15,6,מסוף עתידים-תל אביב יפו<->ת. רכבת אוניברסיטה/הורדה-תל אביב יפו-1#,22006,1,#,מטרופולין,3,22006
144703945,8951217,35941053_180526,2026-05-19T03:45:00+00:00,2026-05-19T04:28:59+00:00,2026-05-19,23400,15,6,ת. רכבת אוניברסיטה/איסוף-תל אביב יפו<->מסוף עתידים-תל אביב יפו-2#,22006,2,#,מטרופולין,3,22006
144703940,8951216,35899131_180526,2026-05-19T03:50:00+00:00,2026-05-19T04:33:28+00:00,2026-05-19,23399,15,6,מסוף עתידים-תל אביב יפו<->ת. רכבת אוניברסיטה/הורדה-תל אביב יפו-1#,22006,1,#,מטרופולין,3,22006
144658737,8951273,585173095_180526,2026-05-19T04:15:00+00:00,2026-05-19T05:03:59+00:00,2026-05-19,24047,15,6א,ת. רכבת אוניברסיטה/איסוף-תל אביב יפו<->מסוף עתידים-תל אביב יפו-21,22006,2,1,מטרופולין,3,22006
144721182,8947447,463777_180526,2026-05-19T04:20:00+00:00,2026-05-19T05:08:23+00:00,2026-05-19,2265,15,6א,מסוף עתידים-תל אביב יפו<->ת. רכבת אוניברסיטה/הורדה-תל אביב יפו-11,22006,1,1,מטרופולין,3,22006
144703942,8951217,35941036_180526,2026-05-19T04:45:00+00:00,2026-05-19T05:28:59+00:00,2026-05-19,23400,15,6,ת. רכבת אוניברסיטה/איסוף-תל אביב יפו<->מסוף עתידים-תל אביב יפו-2#,22006,2,#,מטרופולין,3,22006
144657456,8951216,35899121_180526,2026-05-19T04:50:00+00:00,2026-05-19T05:33:28+00:00,2026-05-19,23399,15,6,מסוף עתידים-תל אביב יפו<->ת. רכבת אוניברסיטה/הורדה-תל אביב יפו-1#,22006,1,#,מטרופולין,3,22006
144658738,8951273,585173096_180526,2026-05-19T05:15:00+00:00,2026-05-19T06:03:59+00:00,2026-05-19,24047,15,6א,ת. רכבת אוניברסיטה/איסוף-תל אביב יפו<->מסוף עתידים-תל אביב יפו-21,22006,2,1,מטרופולין,3,22006
144723389,8947447,585173087_180526,2026-05-19T05:20:00+00:00,2026-05-19T06:08:23+00:00,2026-05-19,2265,15,6א,מסוף עתידים-תל אביב יפו<->ת. רכבת אוניברסיטה/הורדה-תל אביב יפו-11,22006,1,1,מטרופולין,3,22006
144703946,8951217,35941054_180526,2026-05-19T05:45:00+00:00,2026-05-19T06:28:59+00:00,2026-05-19,23400,15,6,ת. רכבת אוניברסיטה/איסוף-תל אביב יפו<->מסוף עתידים-תל אביב יפו-2#,22006,2,#,מטרופולין,3,22006
144660989,8951216,35899124_180526,2026-05-19T05:50:00+00:00,2026-05-19T06:33:28+00:00,2026-05-19,23399,15,6,מסוף עתידים-תל אביב יפו<->ת. רכבת אוניברסיטה/הורדה-תל אביב יפו-1#,22006,1,#,מטרופולין,3,22006
144656846,8951273,35899523_180526,2026-05-19T06:15:00+00:00,2026-05-19T07:03:59+00:00,2026-05-19,24047,15,6א,ת. רכבת אוניברסיטה/איסוף-תל אביב יפו<->מסוף עתידים-תל אביב יפו-21,22006,2,1,מטרופולין,3,22006
144721179,8947447,35899275_180526,2026-05-19T06:20:00+00:00,2026-05-19T07:08:23+00:00,2026-05-19,2265,15,6א,מסוף עתידים-תל אביב יפו<->ת. רכבת אוניברסיטה/הורדה-תל אביב יפו-11,22006,1,1,מטרופולין,3,22006
144657501,8951217,35941039_180526,2026-05-19T06:45:00+00:00,2026-05-19T07:28:59+00:00,2026-05-19,23400,15,6,ת. רכבת אוניברסיטה/איסוף-תל אביב יפו<->מסוף עתידים-תל אביב יפו-2#,22006,2,#,מטרופולין,3,22006
144653669,8951216,35899114_180526,2026-05-19T06:50:00+00:00,2026-05-19T07:33:28+00:00,2026-05-19,23399,15,6,מסוף עתידים-תל אביב יפו<->ת. רכבת אוניברסיטה/הורדה-תל אביב יפו-1#,22006,1,#,מטרופולין,3,22006
144655102,8951273,35899526_180526,2026-05-19T07:15:00+00:00,2026-05-19T08:03:59+00:00,2026-05-19,24047,15,6א,ת. רכבת אוניברסיטה/איסוף-תל אביב יפו<->מסוף עתידים-תל אביב יפו-21,22006,2,1,מטרופולין,3,22006
144715583,8947447,35899283_180526,2026-05-19T07:20:00+00:00,2026-05-19T08:08:23+00:00,2026-05-19,2265,15,6א,מסוף עתידים-תל אביב יפו<->ת. רכבת אוניברסיטה/הורדה-תל אביב יפו-11,22006,1,1,מטרופולין,3,22006
144657502,8951217,35941045_180526,2026-05-19T07:45:00+00:00,2026-05-19T08:28:59+00:00,2026-05-19,23400,15,6,ת. רכבת אוניברסיטה/איסוף-תל אביב יפו<->מסוף עתידים-תל אביב יפו-2#,22006,2,#,מטרופולין,3,22006
144655722,8951216,35899133_180526,2026-05-19T07:50:00+00:00,2026-05-19T08:33:28+00:00,2026-05-19,23399,15,6,מסוף עתידים-תל אביב יפו<->ת. רכבת אוניברסיטה/הורדה-תל אביב יפו-1#,22006,1,#,מטרופולין,3,22006
144655098,8951273,35899520_180526,2026-05-19T08:15:00+00:00,2026-05-19T09:03:59+00:00,2026-05-19,24047,15,6א,ת. רכבת אוניברסיטה/איסוף-תל אביב יפו<->מסוף עתידים-תל אביב יפו-21,22006,2,1,מטרופולין,3,22006
144723387,8947447,35899272_180526,2026-05-19T08:20:00+00:00,2026-05-19T09:08:23+00:00,2026-05-19,2265,15,6א,מסוף עתידים-תל אביב יפו<->ת. רכבת אוניברסיטה/הורדה-תל אביב יפו-11,22006,1,1,מטרופולין,3,22006
144662929,8951217,35941055_180526,2026-05-19T08:45:00+00:00,2026-05-19T09:28:59+00:00,2026-05-19,23400,15,6,ת. רכבת אוניברסיטה/איסוף-תל אביב יפו<->מסוף עתידים-תל אביב יפו-2#,22006,2,#,מטרופולין,3,22006
144657459,8951216,35899125_180526,2026-05-19T08:50:00+00:00,2026-05-19T09:33:28+00:00,2026-05-19,23399,15,6,מסוף עתידים-תל אביב יפו<->ת. רכבת אוניברסיטה/הורדה-תל אביב יפו-1#,22006,1,#,מטרופולין,3,22006
144658734,8951273,35899532_180526,2026-05-19T09:15:00+00:00,2026-05-19T10:03:59+00:00,2026-05-19,24047,15,6א,ת. רכבת אוניברסיטה/איסוף-תל אביב יפו<->מסוף עתידים-תל אביב יפו-21,22006,2,1,מטרופולין,3,22006
144721046,8947447,35899280_180526,2026-05-19T09:20:00+00:00,2026-05-19T10:08:23+00:00,2026-05-19,2265,15,6א,מסוף עתידים-תל אביב יפו<->ת. רכבת אוניברסיטה/הורדה-תל אביב יפו-11,22006,1,1,מטרופולין,3,22006
144653690,8951217,35941040_180526,2026-05-19T09:45:00+00:00,2026-05-19T10:28:59+00:00,2026-05-19,23400,15,6,ת. רכבת אוניברסיטה/איסוף-תל אביב יפו<->מסוף עתידים-תל אביב יפו-2#,22006,2,#,מטרופולין,3,22006
144703938,8951216,35899115_180526,2026-05-19T09:50:00+00:00,2026-05-19T10:33:28+00:00,2026-05-19,23399,15,6,מסוף עתידים-תל אביב יפו<->ת. רכבת אוניברסיטה/הורדה-תל אביב יפו-1#,22006,1,#,מטרופולין,3,22006
144723388,8947447,35899278_180526,2026-05-19T10:20:00+00:00,2026-05-19T11:08:23+00:00,2026-05-19,2265,15,6א,מסוף עתידים-תל אביב יפו<->ת. רכבת אוניברסיטה/הורדה-תל אביב יפו-11,22006,1,1,מטרופולין,3,22006
144661025,8951217,35941052_180526,2026-05-19T10:45:00+00:00,2026-05-19T11:28:59+00:00,2026-05-19,23400,15,6,ת. רכבת אוניברסיטה/איסוף-תל אביב יפו<->מסוף עתידים-תל אביב יפו-2#,22006,2,#,מטרופולין,3,22006
144657460,8951216,35899132_180526,2026-05-19T10:50:00+00:00,2026-05-19T11:33:28+00:00,2026-05-19,23399,15,6,מסוף עתידים-תל אביב יפו<->ת. רכבת אוניברסיטה/הורדה-תל אביב יפו-1#,22006,1,#,מטרופולין,3,22006
144658733,8951273,35899524_180526,2026-05-19T11:15:00+00:00,2026-05-19T12:03:59+00:00,2026-05-19,24047,15,6א,ת. רכבת אוניברסיטה/איסוף-תל אביב יפו<->מסוף עתידים-תל אביב יפו-21,22006,2,1,מטרופולין,3,22006
144661022,8951217,35941049_180526,2026-05-19T11:45:00+00:00,2026-05-19T12:28:59+00:00,2026-05-19,23400,15,6,ת. רכבת אוניברסיטה/איסוף-תל אביב יפו<->מסוף עתידים-תל אביב יפו-2#,22006,2,#,מטרופולין,3,22006
144662907,8951216,35899116_180526,2026-05-19T11:50:00+00:00,2026-05-19T12:33:28+00:00,2026-05-19,23399,15,6,מסוף עתידים-תל אביב יפו<->ת. רכבת אוניברסיטה/הורדה-תל אביב יפו-1#,22006,1,#,מטרופולין,3,22006
144695143,8947447,35899277_180526,2026-05-19T12:20:00+00:00,2026-05-19T13:08:23+00:00,2026-05-19,2265,15,6א,מסוף עתידים-תל אביב יפו<->ת. רכבת אוניברסיטה/הורדה-תל אביב יפו-11,22006,1,1,מטרופולין,3,22006
144660992,8951216,585013033_180526,2026-05-19T12:50:00+00:00,2026-05-19T13:33:28+00:00,2026-05-19,23399,15,6,מסוף עתידים-תל אביב יפו<->ת. רכבת אוניברסיטה/הורדה-תל אביב יפו-1#,22006,1,#,מטרופולין,3,22006
144664013,8951273,35899521_180526,2026-05-19T13:05:00+00:00,2026-05-19T13:53:59+00:00,2026-05-19,24047,15,6א,ת. רכבת אוניברסיטה/איסוף-תל אביב יפו<->מסוף עתידים-תל אביב יפו-21,22006,2,1,מטרופולין,3,22006
144661026,8951217,585013063_180526,2026-05-19T13:35:00+00:00,2026-05-19T14:18:59+00:00,2026-05-19,23400,15,6,ת. רכבת אוניברסיטה/איסוף-תל אביב יפו<->מסוף עתידים-תל אביב יפו-2#,22006,2,#,מטרופולין,3,22006
144667840,8951273,35899525_180526,2026-05-19T14:05:00+00:00,2026-05-19T14:53:59+00:00,2026-05-19,24047,15,6א,ת. רכבת אוניברסיטה/איסוף-תל אביב יפו<->מסוף עתידים-תל אביב יפו-21,22006,2,1,מטרופולין,3,22006
144653692,8951217,35941050_180526,2026-05-19T14:25:00+00:00,2026-05-19T15:08:59+00:00,2026-05-19,23400,15,6,ת. רכבת אוניברסיטה/איסוף-תל אביב יפו<->מסוף עתידים-תל אביב יפו-2#,22006,2,#,מטרופולין,3,22006
144703943,8951217,35941046_180526,2026-05-19T14:45:00+00:00,2026-05-19T15:28:59+00:00,2026-05-19,23400,15,6,ת. רכבת אוניברסיטה/איסוף-תל אביב יפו<->מסוף עתידים-תל אביב יפו-2#,22006,2,#,מטרופולין,3,22006
144703941,8951216,585013035_180526,2026-05-19T14:50:00+00:00,2026-05-19T15:33:28+00:00,2026-05-19,23399,15,6,מסוף עתידים-תל אביב יפו<->ת. רכבת אוניברסיטה/הורדה-תל אביב יפו-1#,22006,1,#,מטרופולין,3,22006
144721181,8947447,35899281_180526,2026-05-19T15:20:00+00:00,2026-05-19T16:08:23+00:00,2026-05-19,2265,15,6א,מסוף עתידים-תל אביב יפו<->ת. רכבת אוניברסיטה/הורדה-תל אביב יפו-11,22006,1,1,מטרופולין,3,22006
144655667,8951216,35899139_180526,2026-05-19T15:40:00+00:00,2026-05-19T16:23:28+00:00,2026-05-19,23399,15,6,מסוף עתידים-תל אביב יפו<->ת. רכבת אוניברסיטה/הורדה-תל אביב יפו-1#,22006,1,#,מטרופולין,3,22006
144655744,8951217,35941031_180526,2026-05-19T15:45:00+00:00,2026-05-19T16:28:59+00:00,2026-05-19,23400,15,6,ת. רכבת אוניברסיטה/איסוף-תל אביב יפו<->מסוף עתידים-תל אביב יפו-2#,22006,2,#,מטרופולין,3,22006
144657500,8951217,35941033_180526,2026-05-19T16:25:00+00:00,2026-05-19T17:08:59+00:00,2026-05-19,23400,15,6,ת. רכבת אוניברסיטה/איסוף-תל אביב יפו<->מסוף עתידים-תל אביב יפו-2#,22006,2,#,מטרופולין,3,22006
144703939,8951216,35899130_180526,2026-05-19T16:40:00+00:00,2026-05-19T17:23:28+00:00,2026-05-19,23399,15,6,מסוף עתידים-תל אביב יפו<->ת. רכבת אוניברסיטה/הורדה-תל אביב יפו-1#,22006,1,#,מטרופולין,3,22006
144717476,8947447,35899282_180526,2026-05-19T17:20:00+00:00,2026-05-19T18:08:23+00:00,2026-05-19,2265,15,6א,מסוף עתידים-תל אביב יפו<->ת. רכבת אוניברסיטה/הורדה-תל אביב יפו-11,22006,1,1,מטרופולין,3,22006
144661021,8951217,35941037_180526,2026-05-19T17:25:00+00:00,2026-05-19T18:08:59+00:00,2026-05-19,23400,15,6,ת. רכבת אוניברסיטה/איסוף-תל אביב יפו<->מסוף עתידים-תל אביב יפו-2#,22006,2,#,מטרופולין,3,22006
144655101,8951273,35899522_180526,2026-05-19T18:15:00+00:00,2026-05-19T19:03:59+00:00,2026-05-19,24047,15,6א,ת. רכבת אוניברסיטה/איסוף-תל אביב יפו<->מסוף עתידים-תל אביב יפו-21,22006,2,1,מטרופולין,3,22006
144655721,8951216,35899127_180526,2026-05-19T18:40:00+00:00,2026-05-19T19:23:28+00:00,2026-05-19,23399,15,6,מסוף עתידים-תל אביב יפו<->ת. רכבת אוניברסיטה/הורדה-תל אביב יפו-1#,22006,1,#,מטרופולין,3,22006
144721045,8947447,35899274_180526,2026-05-19T19:10:00+00:00,2026-05-19T19:58:23+00:00,2026-05-19,2265,15,6א,מסוף עתידים-תל אביב יפו<->ת. רכבת אוניברסיטה/הורדה-תל אביב יפו-11,22006,1,1,מטרופולין,3,22006
144667839,8951273,35899518_180526,2026-05-19T19:15:00+00:00,2026-05-19T20:03:59+00:00,2026-05-19,24047,15,6א,ת. רכבת אוניברסיטה/איסוף-תל אביב יפו<->מסוף עתידים-תל אביב יפו-21,22006,2,1,מטרופולין,3,22006
144655676,8951217,35941038_180526,2026-05-19T19:45:00+00:00,2026-05-19T20:28:59+00:00,2026-05-19,23400,15,6,ת. רכבת אוניברסיטה/איסוף-תל אביב יפו<->מסוף עתידים-תל אביב יפו-2#,22006,2,#,מטרופולין,3,22006
144802151,8957625,35899113_190526,2026-05-20T02:00:00+00:00,2026-05-20T02:43:28+00:00,2026-05-20,23399,15,6,מסוף עתידים-תל אביב יפו<->ת. רכבת אוניברסיטה/הורדה-תל אביב יפו-1#,22006,1,#,מטרופולין,3,22006
144804537,8957626,35941035_190526,2026-05-20T02:15:00+00:00,2026-05-20T02:58:59+00:00,2026-05-20,23400,15,6,ת. רכבת אוניברסיטה/איסוף-תל אביב יפו<->מסוף עתידים-תל אביב יפו-2#,22006,2,#,מטרופולין,3,22006
144806237,8957625,35899137_190526,2026-05-20T02:30:00+00:00,2026-05-20T03:13:28+00:00,2026-05-20,23399,15,6,מסוף עתידים-תל אביב יפו<->ת. רכבת אוניברסיטה/הורדה-תל אביב יפו-1#,22006,1,#,מטרופולין,3,22006
144804772,8957626,35941044_190526,2026-05-20T02:45:00+00:00,2026-05-20T03:28:59+00:00,2026-05-20,23400,15,6,ת. רכבת אוניברסיטה/איסוף-תל אביב יפו<->מסוף עתידים-תל אביב יפו-2#,22006,2,#,מטרופולין,3,22006
144806236,8957625,35899128_190526,2026-05-20T02:50:00+00:00,2026-05-20T03:33:28+00:00,2026-05-20,23399,15,6,מסוף עתידים-תל אביב יפו<->ת. רכבת אוניברסיטה/הורדה-תל אביב יפו-1#,22006,1,#,מטרופולין,3,22006
144806218,8957681,35899519_190526,2026-05-20T03:05:00+00:00,2026-05-20T03:53:59+00:00,2026-05-20,24047,15,6א,ת. רכבת אוניברסיטה/איסוף-תל אביב יפו<->מסוף עתידים-תל אביב יפו-21,22006,2,1,מטרופולין,3,22006
144741218,8953867,35899279_190526,2026-05-20T03:10:00+00:00,2026-05-20T03:58:23+00:00,2026-05-20,2265,15,6א,מסוף עתידים-תל אביב יפו<->ת. רכבת אוניברסיטה/הורדה-תל אביב יפו-11,22006,1,1,מטרופולין,3,22006
144848759,8957626,35941048_190526,2026-05-20T03:25:00+00:00,2026-05-20T04:08:59+00:00,2026-05-20,23400,15,6,ת. רכבת אוניברסיטה/איסוף-תל אביב יפו<->מסוף עתידים-תל אביב יפו-2#,22006,2,#,מטרופולין,3,22006
144804469,8957625,35899123_190526,2026-05-20T03:30:00+00:00,2026-05-20T04:13:28+00:00,2026-05-20,23399,15,6,מסוף עתידים-תל אביב יפו<->ת. רכבת אוניברסיטה/הורדה-תל אביב יפו-1#,22006,1,#,מטרופולין,3,22006
144848760,8957626,35941053_190526,2026-05-20T03:45:00+00:00,2026-05-20T04:28:59+00:00,2026-05-20,23400,15,6,ת. רכבת אוניברסיטה/איסוף-תל אביב יפו<->מסוף עתידים-תל אביב יפו-2#,22006,2,#,מטרופולין,3,22006
144800579,8957625,35899131_190526,2026-05-20T03:50:00+00:00,2026-05-20T04:33:28+00:00,2026-05-20,23399,15,6,מסוף עתידים-תל אביב יפו<->ת. רכבת אוניברסיטה/הורדה-תל אביב יפו-1#,22006,1,#,מטרופולין,3,22006
144848930,8957681,585173095_190526,2026-05-20T04:15:00+00:00,2026-05-20T05:03:59+00:00,2026-05-20,24047,15,6א,ת. רכבת אוניברסיטה/איסוף-תל אביב יפו<->מסוף עתידים-תל אביב יפו-21,22006,2,1,מטרופולין,3,22006
144740274,8953867,463777_190526,2026-05-20T04:20:00+00:00,2026-05-20T05:08:23+00:00,2026-05-20,2265,15,6א,מסוף עתידים-תל אביב יפו<->ת. רכבת אוניברסיטה/הורדה-תל אביב יפו-11,22006,1,1,מטרופולין,3,22006
144802153,8957626,35941036_190526,2026-05-20T04:45:00+00:00,2026-05-20T05:28:59+00:00,2026-05-20,23400,15,6,ת. רכבת אוניברסיטה/איסוף-תל אביב יפו<->מסוף עתידים-תל אביב יפו-2#,22006,2,#,מטרופולין,3,22006
144802152,8957625,35899121_190526,2026-05-20T04:50:00+00:00,2026-05-20T05:33:28+00:00,2026-05-20,23399,15,6,מסוף עתידים-תל אביב יפו<->ת. רכבת אוניברסיטה/הורדה-תל אביב יפו-1#,22006,1,#,מטרופולין,3,22006
144807646,8957681,585173096_190526,2026-05-20T05:15:00+00:00,2026-05-20T06:03:59+00:00,2026-05-20,24047,15,6א,ת. רכבת אוניברסיטה/איסוף-תל אביב יפו<->מסוף עתידים-תל אביב יפו-21,22006,2,1,מטרופולין,3,22006
144740790,8953867,585173087_190526,2026-05-20T05:20:00+00:00,2026-05-20T06:08:23+00:00,2026-05-20,2265,15,6א,מסוף עתידים-תל אביב יפו<->ת. רכבת אוניברסיטה/הורדה-תל אביב יפו-11,22006,1,1,מטרופולין,3,22006
144797385,8957626,35941054_190526,2026-05-20T05:45:00+00:00,2026-05-20T06:28:59+00:00,2026-05-20,23400,15,6,ת. רכבת אוניברסיטה/איסוף-תל אביב יפו<->מסוף עתידים-תל אביב יפו-2#,22006,2,#,מטרופולין,3,22006
144804771,8957625,35899124_190526,2026-05-20T05:50:00+00:00,2026-05-20T06:33:28+00:00,2026-05-20,23399,15,6,מסוף עתידים-תל אביב יפו<->ת. רכבת אוניברסיטה/הורדה-תל אביב יפו-1#,22006,1,#,מטרופולין,3,22006
144807645,8957681,35899523_190526,2026-05-20T06:15:00+00:00,2026-05-20T07:03:59+00:00,2026-05-20,24047,15,6א,ת. רכבת אוניברסיטה/איסוף-תל אביב יפו<->מסוף עתידים-תל אביב יפו-21,22006,2,1,מטרופולין,3,22006
144742232,8953867,35899275_190526,2026-05-20T06:20:00+00:00,2026-05-20T07:08:23+00:00,2026-05-20,2265,15,6א,מסוף עתידים-תל אביב יפו<->ת. רכבת אוניברסיטה/הורדה-תל אביב יפו-11,22006,1,1,מטרופולין,3,22006
144848758,8957626,35941039_190526,2026-05-20T06:45:00+00:00,2026-05-20T07:28:59+00:00,2026-05-20,23400,15,6,ת. רכבת אוניברסיטה/איסוף-תל אביב יפו<->מסוף עתידים-תל אביב יפו-2#,22006,2,#,מטרופולין,3,22006
144802514,8957625,35899114_190526,2026-05-20T06:50:00+00:00,2026-05-20T07:33:28+00:00,2026-05-20,23399,15,6,מסוף עתידים-תל אביב יפו<->ת. רכבת אוניברסיטה/הורדה-תל אביב יפו-1#,22006,1,#,מטרופולין,3,22006
144797994,8957681,35899526_190526,2026-05-20T07:15:00+00:00,2026-05-20T08:03:59+00:00,2026-05-20,24047,15,6א,ת. רכבת אוניברסיטה/איסוף-תל אביב יפו<->מסוף עתידים-תל אביב יפו-21,22006,2,1,מטרופולין,3,22006
144741090,8953867,35899283_190526,2026-05-20T07:20:00+00:00,2026-05-20T08:08:23+00:00,2026-05-20,2265,15,6א,מסוף עתידים-תל אביב יפו<->ת. רכבת אוניברסיטה/הורדה-תל אביב יפו-11,22006,1,1,מטרופולין,3,22006
144806523,8957626,35941045_190526,2026-05-20T07:45:00+00:00,2026-05-20T08:28:59+00:00,2026-05-20,23400,15,6,ת. רכבת אוניברסיטה/איסוף-תל אביב יפו<->מסוף עתידים-תל אביב יפו-2#,22006,2,#,מטרופולין,3,22006
144804471,8957625,35899133_190526,2026-05-20T07:50:00+00:00,2026-05-20T08:33:28+00:00,2026-05-20,23399,15,6,מסוף עתידים-תל אביב יפו<->ת. רכבת אוניברסיטה/הורדה-תל אביב יפו-1#,22006,1,#,מטרופולין,3,22006
144797993,8957681,35899520_190526,2026-05-20T08:15:00+00:00,2026-05-20T09:03:59+00:00,2026-05-20,24047,15,6א,ת. רכבת אוניברסיטה/איסוף-תל אביב יפו<->מסוף עתידים-תל אביב יפו-21,22006,2,1,מטרופולין,3,22006
144741215,8953867,35899272_190526,2026-05-20T08:20:00+00:00,2026-05-20T09:08:23+00:00,2026-05-20,2265,15,6א,מסוף עתידים-תל אביב יפו<->ת. רכבת אוניברסיטה/הורדה-תל אביב יפו-11,22006,1,1,מטרופולין,3,22006
144802518,8957626,35941055_190526,2026-05-20T08:45:00+00:00,2026-05-20T09:28:59+00:00,2026-05-20,23400,15,6,ת. רכבת אוניברסיטה/איסוף-תל אביב יפו<->מסוף עתידים-תל אביב יפו-2#,22006,2,#,מטרופולין,3,22006
144848754,8957625,35899125_190526,2026-05-20T08:50:00+00:00,2026-05-20T09:33:28+00:00,2026-05-20,23399,15,6,מסוף עתידים-תל אביב יפו<->ת. רכבת אוניברסיטה/הורדה-תל אביב יפו-1#,22006,1,#,מטרופולין,3,22006
144848929,8957681,35899532_190526,2026-05-20T09:15:00+00:00,2026-05-20T10:03:59+00:00,2026-05-20,24047,15,6א,ת. רכבת אוניברסיטה/איסוף-תל אביב יפו<->מסוף עתידים-תל אביב יפו-21,22006,2,1,מטרופולין,3,22006
144839911,8953867,35899280_190526,2026-05-20T09:20:00+00:00,2026-05-20T10:08:23+00:00,2026-05-20,2265,15,6א,מסוף עתידים-תל אביב יפו<->ת. רכבת אוניברסיטה/הורדה-תל אביב יפו-11,22006,1,1,מטרופולין,3,22006
144802155,8957626,35941040_190526,2026-05-20T09:45:00+00:00,2026-05-20T10:28:59+00:00,2026-05-20,23400,15,6,ת. רכבת אוניברסיטה/איסוף-תל אביב יפו<->מסוף עתידים-תל אביב יפו-2#,22006,2,#,מטרופולין,3,22006
144804468,8957625,35899115_190526,2026-05-20T09:50:00+00:00,2026-05-20T10:33:28+00:00,2026-05-20,23399,15,6,מסוף עתידים-תל אביב יפו<->ת. רכבת אוניברסיטה/הורדה-תל אביב יפו-1#,22006,1,#,מטרופולין,3,22006
144741217,8953867,35899278_190526,2026-05-20T10:20:00+00:00,2026-05-20T11:08:23+00:00,2026-05-20,2265,15,6א,מסוף עתידים-תל אביב יפו<->ת. רכבת אוניברסיטה/הורדה-תל אביב יפו-11,22006,1,1,מטרופולין,3,22006
144802157,8957626,35941052_190526,2026-05-20T10:45:00+00:00,2026-05-20T11:28:59+00:00,2026-05-20,23400,15,6,ת. רכבת אוניברסיטה/איסוף-תל אביב יפו<->מסוף עתידים-תל אביב יפו-2#,22006,2,#,מטרופולין,3,22006
144804470,8957625,35899132_190526,2026-05-20T10:50:00+00:00,2026-05-20T11:33:28+00:00,2026-05-20,23399,15,6,מסוף עתידים-תל אביב יפו<->ת. רכבת אוניברסיטה/הורדה-תל אביב יפו-1#,22006,1,#,מטרופולין,3,22006
144805457,8957681,35899524_190526,2026-05-20T11:15:00+00:00,2026-05-20T12:03:59+00:00,2026-05-20,24047,15,6א,ת. רכבת אוניברסיטה/איסוף-תל אביב יפו<->מסוף עתידים-תל אביב יפו-21,22006,2,1,מטרופולין,3,22006
144802156,8957626,35941049_190526,2026-05-20T11:45:00+00:00,2026-05-20T12:28:59+00:00,2026-05-20,23400,15,6,ת. רכבת אוניברסיטה/איסוף-תל אביב יפו<->מסוף עתידים-תל אביב יפו-2#,22006,2,#,מטרופולין,3,22006
144806235,8957625,35899116_190526,2026-05-20T11:50:00+00:00,2026-05-20T12:33:28+00:00,2026-05-20,23399,15,6,מסוף עתידים-תל אביב יפו<->ת. רכבת אוניברסיטה/הורדה-תל אביב יפו-1#,22006,1,#,מטרופולין,3,22006
144741216,8953867,35899277_190526,2026-05-20T12:20:00+00:00,2026-05-20T13:08:23+00:00,2026-05-20,2265,15,6א,מסוף עתידים-תל אביב יפו<->ת. רכבת אוניברסיטה/הורדה-תל אביב יפו-11,22006,1,1,מטרופולין,3,22006
144800580,8957625,585013033_190526,2026-05-20T12:50:00+00:00,2026-05-20T13:33:28+00:00,2026-05-20,23399,15,6,מסוף עתידים-תל אביב יפו<->ת. רכבת אוניברסיטה/הורדה-תל אביב יפו-1#,22006,1,#,מטרופולין,3,22006
144801736,8957681,35899521_190526,2026-05-20T13:05:00+00:00,2026-05-20T13:53:59+00:00,2026-05-20,24047,15,6א,ת. רכבת אוניברסיטה/איסוף-תל אביב יפו<->מסוף עתידים-תל אביב יפו-21,22006,2,1,מטרופולין,3,22006
144802158,8957626,585013063_190526,2026-05-20T13:35:00+00:00,2026-05-20T14:18:59+00:00,2026-05-20,23400,15,6,ת. רכבת אוניברסיטה/איסוף-תל אביב יפו<->מסוף עתידים-תל אביב יפו-2#,22006,2,#,מטרופולין,3,22006
144806219,8957681,35899525_190526,2026-05-20T14:05:00+00:00,2026-05-20T14:53:59+00:00,2026-05-20,24047,15,6א,ת. רכבת אוניברסיטה/איסוף-תל אביב יפו<->מסוף עתידים-תל אביב יפו-21,22006,2,1,מטרופולין,3,22006
144797384,8957626,35941050_190526,2026-05-20T14:25:00+00:00,2026-05-20T15:08:59+00:00,2026-05-20,23400,15,6,ת. רכבת אוניברסיטה/איסוף-תל אביב יפו<->מסוף עתידים-תל אביב יפו-2#,22006,2,#,מטרופולין,3,22006
144797383,8957626,35941046_190526,2026-05-20T14:45:00+00:00,2026-05-20T15:28:59+00:00,2026-05-20,23400,15,6,ת. רכבת אוניברסיטה/איסוף-תל אביב יפו<->מסוף עתידים-תל אביב יפו-2#,22006,2,#,מטרופולין,3,22006
144848757,8957625,585013035_190526,2026-05-20T14:50:00+00:00,2026-05-20T15:33:28+00:00,2026-05-20,23399,15,6,מסוף עתידים-תל אביב יפו<->ת. רכבת אוניברסיטה/הורדה-תל אביב יפו-1#,22006,1,#,מטרופולין,3,22006
144743490,8953867,35899281_190526,2026-05-20T15:20:00+00:00,2026-05-20T16:08:23+00:00,2026-05-20,2265,15,6א,מסוף עתידים-תל אביב יפו<->ת. רכבת אוניברסיטה/הורדה-תל אביב יפו-11,22006,1,1,מטרופולין,3,22006
144848756,8957625,35899139_190526,2026-05-20T15:40:00+00:00,2026-05-20T16:23:28+00:00,2026-05-20,23399,15,6,מסוף עתידים-תל אביב יפו<->ת. רכבת אוניברסיטה/הורדה-תל אביב יפו-1#,22006,1,#,מטרופולין,3,22006
144800581,8957626,35941031_190526,2026-05-20T15:45:00+00:00,2026-05-20T16:28:59+00:00,2026-05-20,23400,15,6,ת. רכבת אוניברסיטה/איסוף-תל אביב יפו<->מסוף עתידים-תל אביב יפו-2#,22006,2,#,מטרופולין,3,22006
144800582,8957626,35941033_190526,2026-05-20T16:25:00+00:00,2026-05-20T17:08:59+00:00,2026-05-20,23400,15,6,ת. רכבת אוניברסיטה/איסוף-תל אביב יפו<->מסוף עתידים-תל אביב יפו-2#,22006,2,#,מטרופולין,3,22006
144800578,8957625,35899130_190526,2026-05-20T16:40:00+00:00,2026-05-20T17:23:28+00:00,2026-05-20,23399,15,6,מסוף עתידים-תל אביב יפו<->ת. רכבת אוניברסיטה/הורדה-תל אביב יפו-1#,22006,1,#,מטרופולין,3,22006
144839912,8953867,35899282_190526,2026-05-20T17:20:00+00:00,2026-05-20T18:08:23+00:00,2026-05-20,2265,15,6א,מסוף עתידים-תל אביב יפו<->ת. רכבת אוניברסיטה/הורדה-תל אביב יפו-11,22006,1,1,מטרופולין,3,22006
144806522,8957626,35941037_190526,2026-05-20T17:25:00+00:00,2026-05-20T18:08:59+00:00,2026-05-20,23400,15,6,ת. רכבת אוניברסיטה/איסוף-תל אביב יפו<->מסוף עתידים-תל אביב יפו-2#,22006,2,#,מטרופולין,3,22006
144805851,8957681,35899522_190526,2026-05-20T18:15:00+00:00,2026-05-20T19:03:59+00:00,2026-05-20,24047,15,6א,ת. רכבת אוניברסיטה/איסוף-תל אביב יפו<->מסוף עתידים-תל אביב יפו-21,22006,2,1,מטרופולין,3,22006
144848755,8957625,35899127_190526,2026-05-20T18:40:00+00:00,2026-05-20T19:23:28+00:00,2026-05-20,23399,15,6,מסוף עתידים-תל אביב יפו<->ת. רכבת אוניברסיטה/הורדה-תל אביב יפו-1#,22006,1,#,מטרופולין,3,22006
144743489,8953867,35899274_190526,2026-05-20T19:10:00+00:00,2026-05-20T19:58:23+00:00,2026-05-20,2265,15,6א,מסוף עתידים-תל אביב יפו<->ת. רכבת אוניברסיטה/הורדה-תל אביב יפו-11,22006,1,1,מטרופולין,3,22006
144848928,8957681,35899518_190526,2026-05-20T19:15:00+00:00,2026-05-20T20:03:59+00:00,2026-05-20,24047,15,6א,ת. רכבת אוניברסיטה/איסוף-תל אביב יפו<->מסוף עתידים-תל אביב יפו-21,22006,2,1,מטרופולין,3,22006
144802154,8957626,35941038_190526,2026-05-20T19:45:00+00:00,2026-05-20T20:28:59+00:00,2026-05-20,23400,15,6,ת. רכבת אוניברסיטה/איסוף-תל אביב יפו<->מסוף עתידים-תל אביב יפו-2#,22006,2,#,מטרופולין,3,22006
144895258,8962895,37588362_210526,2026-05-21T03:00:00+00:00,2026-05-21T03:48:59+00:00,2026-05-21,24047,15,6א,ת. רכבת אוניברסיטה/איסוף-תל אביב יפו<->מסוף עתידים-תל אביב יפו-21,22006,2,1,מטרופולין,3,22006
144861108,8960194,37588324_210526,2026-05-21T03:00:00+00:00,2026-05-21T03:48:23+00:00,2026-05-21,2265,15,6א,מסוף עתידים-תל אביב יפו<->ת. רכבת אוניברסיטה/הורדה-תל אביב יפו-11,22006,1,1,מטרופולין,3,22006
144893034,8962856,35899235_210526,2026-05-21T03:30:00+00:00,2026-05-21T04:13:28+00:00,2026-05-21,23399,15,6,מסוף עתידים-תל אביב יפו<->ת. רכבת אוניברסיטה/הורדה-תל אביב יפו-1#,22006,1,#,מטרופולין,3,22006
144889365,8962857,37588021_210526,2026-05-21T03:30:00+00:00,2026-05-21T04:13:59+00:00,2026-05-21,23400,15,6,ת. רכבת אוניברסיטה/איסוף-תל אביב יפו<->מסוף עתידים-תל אביב יפו-2#,22006,2,#,מטרופולין,3,22006
144890041,8962895,37588363_210526,2026-05-21T04:00:00+00:00,2026-05-21T04:48:59+00:00,2026-05-21,24047,15,6א,ת. רכבת אוניברסיטה/איסוף-תל אביב יפו<->מסוף עתידים-תל אביב יפו-21,22006,2,1,מטרופולין,3,22006
144861298,8960194,37588325_210526,2026-05-21T04:00:00+00:00,2026-05-21T04:48:23+00:00,2026-05-21,2265,15,6א,מסוף עתידים-תל אביב יפו<->ת. רכבת אוניברסיטה/הורדה-תל אביב יפו-11,22006,1,1,מטרופולין,3,22006
144894271,8962856,37588007_210526,2026-05-21T04:20:00+00:00,2026-05-21T05:03:28+00:00,2026-05-21,23399,15,6,מסוף עתידים-תל אביב יפו<->ת. רכבת אוניברסיטה/הורדה-תל אביב יפו-1#,22006,1,#,מטרופולין,3,22006
144889366,8962857,37588022_210526,2026-05-21T04:20:00+00:00,2026-05-21T05:03:59+00:00,2026-05-21,23400,15,6,ת. רכבת אוניברסיטה/איסוף-תל אביב יפו<->מסוף עתידים-תל אביב יפו-2#,22006,2,#,מטרופולין,3,22006
144889363,8962856,37588008_210526,2026-05-21T04:40:00+00:00,2026-05-21T05:23:28+00:00,2026-05-21,23399,15,6,מסוף עתידים-תל אביב יפו<->ת. רכבת אוניברסיטה/הורדה-תל אביב יפו-1#,22006,1,#,מטרופולין,3,22006
144889074,8962857,37588023_210526,2026-05-21T04:40:00+00:00,2026-05-21T05:23:59+00:00,2026-05-21,23400,15,6,ת. רכבת אוניברסיטה/איסוף-תל אביב יפו<->מסוף עתידים-תל אביב יפו-2#,22006,2,#,מטרופולין,3,22006
144895259,8962895,37588364_210526,2026-05-21T05:00:00+00:00,2026-05-21T05:48:59+00:00,2026-05-21,24047,15,6א,ת. רכבת אוניברסיטה/איסוף-תל אביב יפו<->מסוף עתידים-תל אביב יפו-21,22006,2,1,מטרופולין,3,22006
144859524,8960194,37588326_210526,2026-05-21T05:00:00+00:00,2026-05-21T05:48:23+00:00,2026-05-21,2265,15,6א,מסוף עתידים-תל אביב יפו<->ת. רכבת אוניברסיטה/הורדה-תל אביב יפו-11,22006,1,1,מטרופולין,3,22006
144893071,8962857,37588024_210526,2026-05-21T05:20:00+00:00,2026-05-21T06:03:59+00:00,2026-05-21,23400,15,6,ת. רכבת אוניברסיטה/איסוף-תל אביב יפו<->מסוף עתידים-תל אביב יפו-2#,22006,2,#,מטרופולין,3,22006
144893035,8962856,37588009_210526,2026-05-21T05:20:00+00:00,2026-05-21T06:03:28+00:00,2026-05-21,23399,15,6,מסוף עתידים-תל אביב יפו<->ת. רכבת אוניברסיטה/הורדה-תל אביב יפו-1#,22006,1,#,מטרופולין,3,22006
144893072,8962857,37588025_210526,2026-05-21T05:40:00+00:00,2026-05-21T06:23:59+00:00,2026-05-21,23400,15,6,ת. רכבת אוניברסיטה/איסוף-תל אביב יפו<->מסוף עתידים-תל אביב יפו-2#,22006,2,#,מטרופולין,3,22006
144861299,8960194,585185556_210526,2026-05-21T05:40:00+00:00,2026-05-21T06:28:23+00:00,2026-05-21,2265,15,6א,מסוף עתידים-תל אביב יפו<->ת. רכבת אוניברסיטה/הורדה-תל אביב יפו-11,22006,1,1,מטרופולין,3,22006
144890042,8962895,37588365_210526,2026-05-21T06:00:00+00:00,2026-05-21T06:48:59+00:00,2026-05-21,24047,15,6א,ת. רכבת אוניברסיטה/איסוף-תל אביב יפו<->מסוף עתידים-תל אביב יפו-21,22006,2,1,מטרופולין,3,22006
144894919,8962856,585185553_210526,2026-05-21T06:10:00+00:00,2026-05-21T06:53:28+00:00,2026-05-21,23399,15,6,מסוף עתידים-תל אביב יפו<->ת. רכבת אוניברסיטה/הורדה-תל אביב יפו-1#,22006,1,#,מטרופולין,3,22006
144894921,8962857,35941189_210526,2026-05-21T06:30:00+00:00,2026-05-21T07:13:59+00:00,2026-05-21,23400,15,6,ת. רכבת אוניברסיטה/איסוף-תל אביב יפו<->מסוף עתידים-תל אביב יפו-2#,22006,2,#,מטרופולין,3,22006
144861088,8960194,585185557_210526,2026-05-21T06:40:00+00:00,2026-05-21T07:28:23+00:00,2026-05-21,2265,15,6א,מסוף עתידים-תל אביב יפו<->ת. רכבת אוניברסיטה/הורדה-תל אביב יפו-11,22006,1,1,מטרופולין,3,22006
144916487,8962895,37588366_210526,2026-05-21T07:00:00+00:00,2026-05-21T07:48:59+00:00,2026-05-21,24047,15,6א,ת. רכבת אוניברסיטה/איסוף-תל אביב יפו<->מסוף עתידים-תל אביב יפו-21,22006,2,1,מטרופולין,3,22006
144889072,8962856,585185554_210526,2026-05-21T07:10:00+00:00,2026-05-21T07:53:28+00:00,2026-05-21,23399,15,6,מסוף עתידים-תל אביב יפו<->ת. רכבת אוניברסיטה/הורדה-תל אביב יפו-1#,22006,1,#,מטרופולין,3,22006
144893074,8962857,585185559_210526,2026-05-21T07:30:00+00:00,2026-05-21T08:13:59+00:00,2026-05-21,23400,15,6,ת. רכבת אוניברסיטה/איסוף-תל אביב יפו<->מסוף עתידים-תל אביב יפו-2#,22006,2,#,מטרופולין,3,22006
144861100,8960194,585185558_210526,2026-05-21T07:40:00+00:00,2026-05-21T08:28:23+00:00,2026-05-21,2265,15,6א,מסוף עתידים-תל אביב יפו<->ת. רכבת אוניברסיטה/הורדה-תל אביב יפו-11,22006,1,1,מטרופולין,3,22006
144895676,8962895,585185560_210526,2026-05-21T08:00:00+00:00,2026-05-21T08:48:59+00:00,2026-05-21,24047,15,6א,ת. רכבת אוניברסיטה/איסוף-תל אביב יפו<->מסוף עתידים-תל אביב יפו-21,22006,2,1,מטרופולין,3,22006
144894920,8962856,585185555_210526,2026-05-21T08:10:00+00:00,2026-05-21T08:53:28+00:00,2026-05-21,23399,15,6,מסוף עתידים-תל אביב יפו<->ת. רכבת אוניברסיטה/הורדה-תל אביב יפו-1#,22006,1,#,מטרופולין,3,22006
144889685,8962857,37588031_210526,2026-05-21T08:30:00+00:00,2026-05-21T09:13:59+00:00,2026-05-21,23400,15,6,ת. רכבת אוניברסיטה/איסוף-תל אביב יפו<->מסוף עתידים-תל אביב יפו-2#,22006,2,#,מטרופולין,3,22006
144889071,8962856,37588016_210526,2026-05-21T08:40:00+00:00,2026-05-21T09:23:28+00:00,2026-05-21,23399,15,6,מסוף עתידים-תל אביב יפו<->ת. רכבת אוניברסיטה/הורדה-תל אביב יפו-1#,22006,1,#,מטרופולין,3,22006
144895260,8962895,37588368_210526,2026-05-21T08:50:00+00:00,2026-05-21T09:38:59+00:00,2026-05-21,24047,15,6א,ת. רכבת אוניברסיטה/איסוף-תל אביב יפו<->מסוף עתידים-תל אביב יפו-21,22006,2,1,מטרופולין,3,22006
144911901,8960194,37588330_210526,2026-05-21T09:00:00+00:00,2026-05-21T09:48:23+00:00,2026-05-21,2265,15,6א,מסוף עתידים-תל אביב יפו<->ת. רכבת אוניברסיטה/הורדה-תל אביב יפו-11,22006,1,1,מטרופולין,3,22006
144889367,8962857,37588032_210526,2026-05-21T09:10:00+00:00,2026-05-21T09:53:59+00:00,2026-05-21,23400,15,6,ת. רכבת אוניברסיטה/איסוף-תל אביב יפו<->מסוף עתידים-תל אביב יפו-2#,22006,2,#,מטרופולין,3,22006
144894918,8962856,37588017_210526,2026-05-21T09:20:00+00:00,2026-05-21T10:03:28+00:00,2026-05-21,23399,15,6,מסוף עתידים-תל אביב יפו<->ת. רכבת אוניברסיטה/הורדה-תל אביב יפו-1#,22006,1,#,מטרופולין,3,22006
144894274,8962857,37588033_210526,2026-05-21T09:30:00+00:00,2026-05-21T10:13:59+00:00,2026-05-21,23400,15,6,ת. רכבת אוניברסיטה/איסוף-תל אביב יפו<->מסוף עתידים-תל אביב יפו-2#,22006,2,#,מטרופולין,3,22006
144893043,8962856,37588018_210526,2026-05-21T09:40:00+00:00,2026-05-21T10:23:28+00:00,2026-05-21,23399,15,6,מסוף עתידים-תל אביב יפו<->ת. רכבת אוניברסיטה/הורדה-תל אביב יפו-1#,22006,1,#,מטרופולין,3,22006
144895261,8962895,37588369_210526,2026-05-21T09:50:00+00:00,2026-05-21T10:38:59+00:00,2026-05-21,24047,15,6א,ת. רכבת אוניברסיטה/איסוף-תל אביב יפו<->מסוף עתידים-תל אביב יפו-21,22006,2,1,מטרופולין,3,22006
144861109,8960194,37588331_210526,2026-05-21T10:00:00+00:00,2026-05-21T10:48:23+00:00,2026-05-21,2265,15,6א,מסוף עתידים-תל אביב יפו<->ת. רכבת אוניברסיטה/הורדה-תל אביב יפו-11,22006,1,1,מטרופולין,3,22006
144893073,8962857,37588034_210526,2026-05-21T10:20:00+00:00,2026-05-21T11:03:59+00:00,2026-05-21,23400,15,6,ת. רכבת אוניברסיטה/איסוף-תל אביב יפו<->מסוף עתידים-תל אביב יפו-2#,22006,2,#,מטרופולין,3,22006
144894272,8962856,37588019_210526,2026-05-21T10:30:00+00:00,2026-05-21T11:13:28+00:00,2026-05-21,23399,15,6,מסוף עתידים-תל אביב יפו<->ת. רכבת אוניברסיטה/הורדה-תל אביב יפו-1#,22006,1,#,מטרופולין,3,22006
144889467,8962895,37588370_210526,2026-05-21T10:50:00+00:00,2026-05-21T11:38:59+00:00,2026-05-21,24047,15,6א,ת. רכבת אוניברסיטה/איסוף-תל אביב יפו<->מסוף עתידים-תל אביב יפו-21,22006,2,1,מטרופולין,3,22006
144911902,8960194,37588332_210526,2026-05-21T11:00:00+00:00,2026-05-21T11:48:23+00:00,2026-05-21,2265,15,6א,מסוף עתידים-תל אביב יפו<->ת. רכבת אוניברסיטה/הורדה-תל אביב יפו-11,22006,1,1,מטרופולין,3,22006
144889368,8962857,37588035_210526,2026-05-21T11:20:00+00:00,2026-05-21T12:03:59+00:00,2026-05-21,23400,15,6,ת. רכבת אוניברסיטה/איסוף-תל אביב יפו<->מסוף עתידים-תל אביב יפו-2#,22006,2,#,מטרופולין,3,22006
144889364,8962856,37588020_210526,2026-05-21T11:30:00+00:00,2026-05-21T12:13:28+00:00,2026-05-21,23399,15,6,מסוף עתידים-תל אביב יפו<->ת. רכבת אוניברסיטה/הורדה-תל אביב יפו-1#,22006,1,#,מטרופולין,3,22006
144889468,8962895,37588371_210526,2026-05-21T12:00:00+00:00,2026-05-21T12:48:59+00:00,2026-05-21,24047,15,6א,ת. רכבת אוניברסיטה/איסוף-תל אביב יפו<->מסוף עתידים-תל אביב יפו-21,22006,2,1,מטרופולין,3,22006
144859525,8960194,37588333_210526,2026-05-21T12:00:00+00:00,2026-05-21T12:48:23+00:00,2026-05-21,2265,15,6א,מסוף עתידים-תל אביב יפו<->ת. רכבת אוניברסיטה/הורדה-תל אביב יפו-11,22006,1,1,מטרופולין,3,22006
144515760,8944800,35940762_170526,2026-05-18T02:00:00+00:00,2026-05-18T02:43:54+00:00,2026-05-18,23398,15,12,קריית חינוך-תל אביב יפו<->מסוף עתידים-תל אביב יפו-2#,23012,2,#,מטרופולין,3,23012
144508910,8944799,35899623_170526,2026-05-18T02:00:00+00:00,2026-05-18T02:44:08+00:00,2026-05-18,23397,15,12,מסוף עתידים-תל אביב יפו<->קריית חינוך-תל אביב יפו-1#,23012,1,#,מטרופולין,3,23012
144515461,8944799,586019765_170526,2026-05-18T02:25:00+00:00,2026-05-18T03:09:08+00:00,2026-05-18,23397,15,12,מסוף עתידים-תל אביב יפו<->קריית חינוך-תל אביב יפו-1#,23012,1,#,מטרופולין,3,23012
144512585,8944800,586019775_170526,2026-05-18T02:25:00+00:00,2026-05-18T03:08:54+00:00,2026-05-18,23398,15,12,קריית חינוך-תל אביב יפו<->מסוף עתידים-תל אביב יפו-2#,23012,2,#,מטרופולין,3,23012
144560002,8944799,586019767_170526,2026-05-18T02:50:00+00:00,2026-05-18T03:34:08+00:00,2026-05-18,23397,15,12,מסוף עתידים-תל אביב יפו<->קריית חינוך-תל אביב יפו-1#,23012,1,#,מטרופולין,3,23012
144512754,8944800,35940764_170526,2026-05-18T02:50:00+00:00,2026-05-18T03:33:54+00:00,2026-05-18,23398,15,12,קריית חינוך-תל אביב יפו<->מסוף עתידים-תל אביב יפו-2#,23012,2,#,מטרופולין,3,23012
144560003,8944799,586019768_170526,2026-05-18T03:10:00+00:00,2026-05-18T03:54:08+00:00,2026-05-18,23397,15,12,מסוף עתידים-תל אביב יפו<->קריית חינוך-תל אביב יפו-1#,23012,1,#,מטרופולין,3,23012
144511612,8944800,35940765_170526,2026-05-18T03:10:00+00:00,2026-05-18T03:53:54+00:00,2026-05-18,23398,15,12,קריית חינוך-תל אביב יפו<->מסוף עתידים-תל אביב יפו-2#,23012,2,#,מטרופולין,3,23012
144577052,8941042,586019773_170526,2026-05-18T03:30:00+00:00,2026-05-18T04:21:11+00:00,2026-05-18,2312,15,12,מסוף עתידים-תל אביב יפו<->קריית חינוך-תל אביב יפו-11,23012,1,1,מטרופולין,3,23012
144521814,8945119,43756023_170526,2026-05-18T03:30:00+00:00,2026-05-18T04:20:50+00:00,2026-05-18,27069,15,12,קריית חינוך-תל אביב יפו<->מסוף עתידים-תל אביב יפו-21,23012,2,1,מטרופולין,3,23012
144515471,8944800,35940767_170526,2026-05-18T03:50:00+00:00,2026-05-18T04:33:54+00:00,2026-05-18,23398,15,12,קריית חינוך-תל אביב יפו<->מסוף עתידים-תל אביב יפו-2#,23012,2,#,מטרופולין,3,23012
144560004,8944799,586019771_170526,2026-05-18T03:55:00+00:00,2026-05-18T04:39:08+00:00,2026-05-18,23397,15,12,מסוף עתידים-תל אביב יפו<->קריית חינוך-תל אביב יפו-1#,23012,1,#,מטרופולין,3,23012
144515761,8944800,35940768_170526,2026-05-18T04:10:00+00:00,2026-05-18T04:53:54+00:00,2026-05-18,23398,15,12,קריית חינוך-תל אביב יפו<->מסוף עתידים-תל אביב יפו-2#,23012,2,#,מטרופולין,3,23012
144560001,8944799,40282162_170526,2026-05-18T04:20:00+00:00,2026-05-18T05:04:08+00:00,2026-05-18,23397,15,12,מסוף עתידים-תל אביב יפו<->קריית חינוך-תל אביב יפו-1#,23012,1,#,מטרופולין,3,23012
144518363,8944800,35940769_170526,2026-05-18T04:30:00+00:00,2026-05-18T05:13:54+00:00,2026-05-18,23398,15,12,קריית חינוך-תל אביב יפו<->מסוף עתידים-תל אביב יפו-2#,23012,2,#,מטרופולין,3,23012
144515228,8944799,35899631_170526,2026-05-18T04:45:00+00:00,2026-05-18T05:29:08+00:00,2026-05-18,23397,15,12,מסוף עתידים-תל אביב יפו<->קריית חינוך-תל אביב יפו-1#,23012,1,#,מטרופולין,3,23012
144515457,8944799,35899632_170526,2026-05-18T05:05:00+00:00,2026-05-18T05:49:08+00:00,2026-05-18,23397,15,12,מסוף עתידים-תל אביב יפו<->קריית חינוך-תל אביב יפו-1#,23012,1,#,מטרופולין,3,23012
144515762,8944800,35940771_170526,2026-05-18T05:10:00+00:00,2026-05-18T05:53:54+00:00,2026-05-18,23398,15,12,קריית חינוך-תל אביב יפו<->מסוף עתידים-תל אביב יפו-2#,23012,2,#,מטרופולין,3,23012
144512465,8944799,35899633_170526,2026-05-18T05:25:00+00:00,2026-05-18T06:09:08+00:00,2026-05-18,23397,15,12,מסוף עתידים-תל אביב יפו<->קריית חינוך-תל אביב יפו-1#,23012,1,#,מטרופולין,3,23012
144524480,8945119,585013135_170526,2026-05-18T05:40:00+00:00,2026-05-18T06:30:50+00:00,2026-05-18,27069,15,12,קריית חינוך-תל אביב יפו<->מסוף עתידים-תל אביב יפו-21,23012,2,1,מטרופולין,3,23012
144575866,8941042,43755761_170526,2026-05-18T05:45:00+00:00,2026-05-18T06:36:11+00:00,2026-05-18,2312,15,12,מסוף עתידים-תל אביב יפו<->קריית חינוך-תל אביב יפו-11,23012,1,1,מטרופולין,3,23012
144512757,8944800,35941020_170526,2026-05-18T06:10:00+00:00,2026-05-18T06:53:54+00:00,2026-05-18,23398,15,12,קריית חינוך-תל אביב יפו<->מסוף עתידים-תל אביב יפו-2#,23012,2,#,מטרופולין,3,23012
144515229,8944799,35899635_170526,2026-05-18T06:15:00+00:00,2026-05-18T06:59:08+00:00,2026-05-18,23397,15,12,מסוף עתידים-תל אביב יפו<->קריית חינוך-תל אביב יפו-1#,23012,1,#,מטרופולין,3,23012
144511631,8944800,35941025_170526,2026-05-18T06:30:00+00:00,2026-05-18T07:13:54+00:00,2026-05-18,23398,15,12,קריית חינוך-תל אביב יפו<->מסוף עתידים-תל אביב יפו-2#,23012,2,#,מטרופולין,3,23012
144515230,8944799,35899636_170526,2026-05-18T06:45:00+00:00,2026-05-18T07:29:08+00:00,2026-05-18,23397,15,12,מסוף עתידים-תל אביב יפו<->קריית חינוך-תל אביב יפו-1#,23012,1,#,מטרופולין,3,23012
144515472,8944800,35940774_170526,2026-05-18T06:50:00+00:00,2026-05-18T07:33:54+00:00,2026-05-18,23398,15,12,קריית חינוך-תל אביב יפו<->מסוף עתידים-תל אביב יפו-2#,23012,2,#,מטרופולין,3,23012
144511609,8944799,35899637_170526,2026-05-18T07:15:00+00:00,2026-05-18T07:59:08+00:00,2026-05-18,23397,15,12,מסוף עתידים-תל אביב יפו<->קריית חינוך-תל אביב יפו-1#,23012,1,#,מטרופולין,3,23012
144511613,8944800,35940775_170526,2026-05-18T07:20:00+00:00,2026-05-18T08:03:54+00:00,2026-05-18,23398,15,12,קריית חינוך-תל אביב יפו<->מסוף עתידים-תל אביב יפו-2#,23012,2,#,מטרופולין,3,23012
144512738,8944799,35899638_170526,2026-05-18T07:45:00+00:00,2026-05-18T08:29:08+00:00,2026-05-18,23397,15,12,מסוף עתידים-תל אביב יפו<->קריית חינוך-תל אביב יפו-1#,23012,1,#,מטרופולין,3,23012
144512755,8944800,35940776_170526,2026-05-18T07:50:00+00:00,2026-05-18T08:33:54+00:00,2026-05-18,23398,15,12,קריית חינוך-תל אביב יפו<->מסוף עתידים-תל אביב יפו-2#,23012,2,#,מטרופולין,3,23012
144515458,8944799,35899639_170526,2026-05-18T08:15:00+00:00,2026-05-18T08:59:08+00:00,2026-05-18,23397,15,12,מסוף עתידים-תל אביב יפו<->קריית חינוך-תל אביב יפו-1#,23012,1,#,מטרופולין,3,23012
144512756,8944800,35940777_170526,2026-05-18T08:20:00+00:00,2026-05-18T09:03:54+00:00,2026-05-18,23398,15,12,קריית חינוך-תל אביב יפו<->מסוף עתידים-תל אביב יפו-2#,23012,2,#,מטרופולין,3,23012
144512739,8944799,35899640_170526,2026-05-18T08:45:00+00:00,2026-05-18T09:29:08+00:00,2026-05-18,23397,15,12,מסוף עתידים-תל אביב יפו<->קריית חינוך-תל אביב יפו-1#,23012,1,#,מטרופולין,3,23012
144518364,8944800,35940778_170526,2026-05-18T08:50:00+00:00,2026-05-18T09:33:54+00:00,2026-05-18,23398,15,12,קריית חינוך-תל אביב יפו<->מסוף עתידים-תל אביב יפו-2#,23012,2,#,מטרופולין,3,23012
144515459,8944799,35899641_170526,2026-05-18T09:15:00+00:00,2026-05-18T09:59:08+00:00,2026-05-18,23397,15,12,מסוף עתידים-תל אביב יפו<->קריית חינוך-תל אביב יפו-1#,23012,1,#,מטרופולין,3,23012
144508956,8944800,35940779_170526,2026-05-18T09:20:00+00:00,2026-05-18T10:03:54+00:00,2026-05-18,23398,15,12,קריית חינוך-תל אביב יפו<->מסוף עתידים-תל אביב יפו-2#,23012,2,#,מטרופולין,3,23012
144515231,8944799,35899642_170526,2026-05-18T09:45:00+00:00,2026-05-18T10:29:08+00:00,2026-05-18,23397,15,12,מסוף עתידים-תל אביב יפו<->קריית חינוך-תל אביב יפו-1#,23012,1,#,מטרופולין,3,23012
144511614,8944800,35940780_170526,2026-05-18T09:50:00+00:00,2026-05-18T10:33:54+00:00,2026-05-18,23398,15,12,קריית חינוך-תל אביב יפו<->מסוף עתידים-תל אביב יפו-2#,23012,2,#,מטרופולין,3,23012
144512466,8944799,35899643_170526,2026-05-18T10:15:00+00:00,2026-05-18T10:59:08+00:00,2026-05-18,23397,15,12,מסוף עתידים-תל אביב יפו<->קריית חינוך-תל אביב יפו-1#,23012,1,#,מטרופולין,3,23012
144515763,8944800,35940781_170526,2026-05-18T10:20:00+00:00,2026-05-18T11:03:54+00:00,2026-05-18,23398,15,12,קריית חינוך-תל אביב יפו<->מסוף עתידים-תל אביב יפו-2#,23012,2,#,מטרופולין,3,23012
144577050,8941042,43755766_170526,2026-05-18T10:45:00+00:00,2026-05-18T11:36:11+00:00,2026-05-18,2312,15,12,מסוף עתידים-תל אביב יפו<->קריית חינוך-תל אביב יפו-11,23012,1,1,מטרופולין,3,23012
144512581,8944800,35940782_170526,2026-05-18T10:50:00+00:00,2026-05-18T11:33:54+00:00,2026-05-18,23398,15,12,קריית חינוך-תל אביב יפו<->מסוף עתידים-תל אביב יפו-2#,23012,2,#,מטרופולין,3,23012
144508911,8944799,35899645_170526,2026-05-18T11:15:00+00:00,2026-05-18T11:59:08+00:00,2026-05-18,23397,15,12,מסוף עתידים-תל אביב יפו<->קריית חינוך-תל אביב יפו-1#,23012,1,#,מטרופולין,3,23012
144515473,8944800,35940783_170526,2026-05-18T11:20:00+00:00,2026-05-18T12:03:54+00:00,2026-05-18,23398,15,12,קריית חינוך-תל אביב יפו<->מסוף עתידים-תל אביב יפו-2#,23012,2,#,מטרופולין,3,23012
144512740,8944799,35899646_170526,2026-05-18T11:45:00+00:00,2026-05-18T12:29:08+00:00,2026-05-18,23397,15,12,מסוף עתידים-תל אביב יפו<->קריית חינוך-תל אביב יפו-1#,23012,1,#,מטרופולין,3,23012
144517568,8945119,43756033_170526,2026-05-18T11:50:00+00:00,2026-05-18T12:40:50+00:00,2026-05-18,27069,15,12,קריית חינוך-תל אביב יפו<->מסוף עתידים-תל אביב יפו-21,23012,2,1,מטרופולין,3,23012
144577051,8941042,585013101_170526,2026-05-18T12:15:00+00:00,2026-05-18T13:06:11+00:00,2026-05-18,2312,15,12,מסוף עתידים-תל אביב יפו<->קריית חינוך-תל אביב יפו-11,23012,1,1,מטרופולין,3,23012
144515764,8944800,35940785_170526,2026-05-18T12:20:00+00:00,2026-05-18T13:03:54+00:00,2026-05-18,23398,15,12,קריית חינוך-תל אביב יפו<->מסוף עתידים-תל אביב יפו-2#,23012,2,#,מטרופולין,3,23012
144511610,8944799,35899649_170526,2026-05-18T12:45:00+00:00,2026-05-18T13:29:08+00:00,2026-05-18,23397,15,12,מסוף עתידים-תל אביב יפו<->קריית חינוך-תל אביב יפו-1#,23012,1,#,מטרופולין,3,23012
144511632,8944800,585013116_170526,2026-05-18T12:50:00+00:00,2026-05-18T13:33:54+00:00,2026-05-18,23398,15,12,קריית חינוך-תל אביב יפו<->מסוף עתידים-תל אביב יפו-2#,23012,2,#,מטרופולין,3,23012
144518362,8944799,585013091_170526,2026-05-18T13:15:00+00:00,2026-05-18T13:59:08+00:00,2026-05-18,23397,15,12,מסוף עתידים-תל אביב יפו<->קריית חינוך-תל אביב יפו-1#,23012,1,#,מטרופולין,3,23012
144512582,8944800,35940788_170526,2026-05-18T13:20:00+00:00,2026-05-18T14:03:54+00:00,2026-05-18,23398,15,12,קריית חינוך-תל אביב יפו<->מסוף עתידים-תל אביב יפו-2#,23012,2,#,מטרופולין,3,23012
144559998,8944799,35899652_170526,2026-05-18T13:45:00+00:00,2026-05-18T14:29:08+00:00,2026-05-18,23397,15,12,מסוף עתידים-תל אביב יפו<->קריית חינוך-תל אביב יפו-1#,23012,1,#,מטרופולין,3,23012
144560005,8944800,585013117_170526,2026-05-18T13:50:00+00:00,2026-05-18T14:33:54+00:00,2026-05-18,23398,15,12,קריית חינוך-תל אביב יפו<->מסוף עתידים-תל אביב יפו-2#,23012,2,#,מטרופולין,3,23012
144575867,8941042,585013100_170526,2026-05-18T14:15:00+00:00,2026-05-18T15:06:11+00:00,2026-05-18,2312,15,12,מסוף עתידים-תל אביב יפו<->קריית חינוך-תל אביב יפו-11,23012,1,1,מטרופולין,3,23012
144515765,8944800,35940791_170526,2026-05-18T14:20:00+00:00,2026-05-18T15:03:54+00:00,2026-05-18,23398,15,12,קריית חינוך-תל אביב יפו<->מסוף עתידים-תל אביב יפו-2#,23012,2,#,מטרופולין,3,23012
144512741,8944799,35899655_170526,2026-05-18T14:45:00+00:00,2026-05-18T15:29:08+00:00,2026-05-18,23397,15,12,מסוף עתידים-תל אביב יפו<->קריית חינוך-תל אביב יפו-1#,23012,1,#,מטרופולין,3,23012
144508992,8944800,585013118_170526,2026-05-18T14:50:00+00:00,2026-05-18T15:33:54+00:00,2026-05-18,23398,15,12,קריית חינוך-תל אביב יפו<->מסוף עתידים-תל אביב יפו-2#,23012,2,#,מטרופולין,3,23012
144508913,8944799,585013083_170526,2026-05-18T15:15:00+00:00,2026-05-18T15:59:08+00:00,2026-05-18,23397,15,12,מסוף עתידים-תל אביב יפו<->קריית חינוך-תל אביב יפו-1#,23012,1,#,מטרופולין,3,23012
144524479,8945119,585013133_170526,2026-05-18T15:20:00+00:00,2026-05-18T16:10:50+00:00,2026-05-18,27069,15,12,קריית חינוך-תל אביב יפו<->מסוף עתידים-תל אביב יפו-21,23012,2,1,מטרופולין,3,23012
144518365,8944800,35940795_170526,2026-05-18T15:40:00+00:00,2026-05-18T16:23:54+00:00,2026-05-18,23398,15,12,קריית חינוך-תל אביב יפו<->מסוף עתידים-תל אביב יפו-2#,23012,2,#,מטרופולין,3,23012
144515232,8944799,35899658_170526,2026-05-18T15:45:00+00:00,2026-05-18T16:29:08+00:00,2026-05-18,23397,15,12,מסוף עתידים-תל אביב יפו<->קריית חינוך-תל אביב יפו-1#,23012,1,#,מטרופולין,3,23012
144515766,8944800,35940796_170526,2026-05-18T16:00:00+00:00,2026-05-18T16:43:54+00:00,2026-05-18,23398,15,12,קריית חינוך-תל אביב יפו<->מסוף עתידים-תל אביב יפו-2#,23012,2,#,מטרופולין,3,23012
144559999,8944799,35899659_170526,2026-05-18T16:05:00+00:00,2026-05-18T16:49:08+00:00,2026-05-18,23397,15,12,מסוף עתידים-תל אביב יפו<->קריית חינוך-תל אביב יפו-1#,23012,1,#,מטרופולין,3,23012
144519950,8945119,585013134_170526,2026-05-18T16:20:00+00:00,2026-05-18T17:10:50+00:00,2026-05-18,27069,15,12,קריית חינוך-תל אביב יפו<->מסוף עתידים-תל אביב יפו-21,23012,2,1,מטרופולין,3,23012
144515301,8944799,35899660_170526,2026-05-18T16:25:00+00:00,2026-05-18T17:09:08+00:00,2026-05-18,23397,15,12,מסוף עתידים-תל אביב יפו<->קריית חינוך-תל אביב יפו-1#,23012,1,#,מטרופולין,3,23012
144515767,8944800,35940798_170526,2026-05-18T16:40:00+00:00,2026-05-18T17:23:54+00:00,2026-05-18,23398,15,12,קריית חינוך-תל אביב יפו<->מסוף עתידים-תל אביב יפו-2#,23012,2,#,מטרופולין,3,23012
144508912,8944799,35899661_170526,2026-05-18T16:45:00+00:00,2026-05-18T17:29:08+00:00,2026-05-18,23397,15,12,מסוף עתידים-תל אביב יפו<->קריית חינוך-תל אביב יפו-1#,23012,1,#,מטרופולין,3,23012
144508991,8944800,35940799_170526,2026-05-18T17:00:00+00:00,2026-05-18T17:43:54+00:00,2026-05-18,23398,15,12,קריית חינוך-תל אביב יפו<->מסוף עתידים-תל אביב יפו-2#,23012,2,#,מטרופולין,3,23012
144515669,8944799,35899662_170526,2026-05-18T17:05:00+00:00,2026-05-18T17:49:08+00:00,2026-05-18,23397,15,12,מסוף עתידים-תל אביב יפו<->קריית חינוך-תל אביב יפו-1#,23012,1,#,מטרופולין,3,23012
144515768,8944800,35940800_170526,2026-05-18T17:20:00+00:00,2026-05-18T18:03:54+00:00,2026-05-18,23398,15,12,קריית חינוך-תל אביב יפו<->מסוף עתידים-תל אביב יפו-2#,23012,2,#,מטרופולין,3,23012
144512746,8944799,35899663_170526,2026-05-18T17:25:00+00:00,2026-05-18T18:09:08+00:00,2026-05-18,23397,15,12,מסוף עתידים-תל אביב יפו<->קריית חינוך-תל אביב יפו-1#,23012,1,#,מטרופולין,3,23012
144512583,8944800,35940801_170526,2026-05-18T17:40:00+00:00,2026-05-18T18:23:54+00:00,2026-05-18,23398,15,12,קריית חינוך-תל אביב יפו<->מסוף עתידים-תל אביב יפו-2#,23012,2,#,מטרופולין,3,23012
144515460,8944799,35899664_170526,2026-05-18T17:45:00+00:00,2026-05-18T18:29:08+00:00,2026-05-18,23397,15,12,מסוף עתידים-תל אביב יפו<->קריית חינוך-תל אביב יפו-1#,23012,1,#,מטרופולין,3,23012
144518366,8944800,35940802_170526,2026-05-18T18:10:00+00:00,2026-05-18T18:53:54+00:00,2026-05-18,23398,15,12,קריית חינוך-תל אביב יפו<->מסוף עתידים-תל אביב יפו-2#,23012,2,#,מטרופולין,3,23012
144511611,8944799,35899665_170526,2026-05-18T18:15:00+00:00,2026-05-18T18:59:08+00:00,2026-05-18,23397,15,12,מסוף עתידים-תל אביב יפו<->קריית חינוך-תל אביב יפו-1#,23012,1,#,מטרופולין,3,23012
144515769,8944800,35940803_170526,2026-05-18T18:40:00+00:00,2026-05-18T19:23:54+00:00,2026-05-18,23398,15,12,קריית חינוך-תל אביב יפו<->מסוף עתידים-תל אביב יפו-2#,23012,2,#,מטרופולין,3,23012
144560000,8944799,35899666_170526,2026-05-18T18:45:00+00:00,2026-05-18T19:29:08+00:00,2026-05-18,23397,15,12,מסוף עתידים-תל אביב יפו<->קריית חינוך-תל אביב יפו-1#,23012,1,#,מטרופולין,3,23012
144512584,8944800,35940804_170526,2026-05-18T19:10:00+00:00,2026-05-18T19:53:54+00:00,2026-05-18,23398,15,12,קריית חינוך-תל אביב יפו<->מסוף עתידים-תל אביב יפו-2#,23012,2,#,מטרופולין,3,23012
144512753,8944799,35899667_170526,2026-05-18T19:15:00+00:00,2026-05-18T19:59:08+00:00,2026-05-18,23397,15,12,מסוף עתידים-תל אביב יפו<->קריית חינוך-תל אביב יפו-1#,23012,1,#,מטרופולין,3,23012
144515474,8944800,35940805_170526,2026-05-18T19:40:00+00:00,2026-05-18T20:23:54+00:00,2026-05-18,23398,15,12,קריית חינוך-תל אביב יפו<->מסוף עתידים-תל אביב יפו-2#,23012,2,#,מטרופולין,3,23012
144518361,8944799,35899668_170526,2026-05-18T19:45:00+00:00,2026-05-18T20:29:08+00:00,2026-05-18,23397,15,12,מסוף עתידים-תל אביב יפו<->קריית חינוך-תל אביב יפו-1#,23012,1,#,מטרופולין,3,23012
144660881,8951214,35899623_180526,2026-05-19T02:00:00+00:00,2026-05-19T02:44:08+00:00,2026-05-19,23397,15,12,מסוף עתידים-תל אביב יפו<->קריית חינוך-תל אביב יפו-1#,23012,1,#,מטרופולין,3,23012
144657417,8951215,35940762_180526,2026-05-19T02:00:00+00:00,2026-05-19T02:43:54+00:00,2026-05-19,23398,15,12,קריית חינוך-תל אביב יפו<->מסוף עתידים-תל אביב יפו-2#,23012,2,#,מטרופולין,3,23012
144703937,8951215,586019775_180526,2026-05-19T02:25:00+00:00,2026-05-19T03:08:54+00:00,2026-05-19,23398,15,12,קריית חינוך-תל אביב יפו<->מסוף עתידים-תל אביב יפו-2#,23012,2,#,מטרופולין,3,23012
144655600,8951214,586019765_180526,2026-05-19T02:25:00+00:00,2026-05-19T03:09:08+00:00,2026-05-19,23397,15,12,מסוף עתידים-תל אביב יפו<->קריית חינוך-תל אביב יפו-1#,23012,1,#,מטרופולין,3,23012
144660950,8951215,35940764_180526,2026-05-19T02:50:00+00:00,2026-05-19T03:33:54+00:00,2026-05-19,23398,15,12,קריית חינוך-תל אביב יפו<->מסוף עתידים-תל אביב יפו-2#,23012,2,#,מטרופולין,3,23012
144660902,8951214,586019767_180526,2026-05-19T02:50:00+00:00,2026-05-19T03:34:08+00:00,2026-05-19,23397,15,12,מסוף עתידים-תל אביב יפו<->קריית חינוך-תל אביב יפו-1#,23012,1,#,מטרופולין,3,23012
144662877,8951215,35940765_180526,2026-05-19T03:10:00+00:00,2026-05-19T03:53:54+00:00,2026-05-19,23398,15,12,קריית חינוך-תל אביב יפו<->מסוף עתידים-תל אביב יפו-2#,23012,2,#,מטרופולין,3,23012
144655584,8951214,586019768_180526,2026-05-19T03:10:00+00:00,2026-05-19T03:54:08+00:00,2026-05-19,23397,15,12,מסוף עתידים-תל אביב יפו<->קריית חינוך-תל אביב יפו-1#,23012,1,#,מטרופולין,3,23012
144717778,8947462,586019773_180526,2026-05-19T03:30:00+00:00,2026-05-19T04:21:11+00:00,2026-05-19,2312,15,12,מסוף עתידים-תל אביב יפו<->קריית חינוך-תל אביב יפו-11,23012,1,1,מטרופולין,3,23012
144663242,8951534,43756023_180526,2026-05-19T03:30:00+00:00,2026-05-19T04:20:50+00:00,2026-05-19,27069,15,12,קריית חינוך-תל אביב יפו<->מסוף עתידים-תל אביב יפו-21,23012,2,1,מטרופולין,3,23012
144653648,8951215,35940767_180526,2026-05-19T03:50:00+00:00,2026-05-19T04:33:54+00:00,2026-05-19,23398,15,12,קריית חינוך-תל אביב יפו<->מסוף עתידים-תל אביב יפו-2#,23012,2,#,מטרופולין,3,23012
144653617,8951214,586019771_180526,2026-05-19T03:55:00+00:00,2026-05-19T04:39:08+00:00,2026-05-19,23397,15,12,מסוף עתידים-תל אביב יפו<->קריית חינוך-תל אביב יפו-1#,23012,1,#,מטרופולין,3,23012
144662878,8951215,35940768_180526,2026-05-19T04:10:00+00:00,2026-05-19T04:53:54+00:00,2026-05-19,23398,15,12,קריית חינוך-תל אביב יפו<->מסוף עתידים-תל אביב יפו-2#,23012,2,#,מטרופולין,3,23012
144662841,8951214,40282162_180526,2026-05-19T04:20:00+00:00,2026-05-19T05:04:08+00:00,2026-05-19,23397,15,12,מסוף עתידים-תל אביב יפו<->קריית חינוך-תל אביב יפו-1#,23012,1,#,מטרופולין,3,23012
144655612,8951215,35940769_180526,2026-05-19T04:30:00+00:00,2026-05-19T05:13:54+00:00,2026-05-19,23398,15,12,קריית חינוך-תל אביב יפו<->מסוף עתידים-תל אביב יפו-2#,23012,2,#,מטרופולין,3,23012
144653605,8951214,35899631_180526,2026-05-19T04:45:00+00:00,2026-05-19T05:29:08+00:00,2026-05-19,23397,15,12,מסוף עתידים-תל אביב יפו<->קריית חינוך-תל אביב יפו-1#,23012,1,#,מטרופולין,3,23012
144655596,8951214,35899632_180526,2026-05-19T05:05:00+00:00,2026-05-19T05:49:08+00:00,2026-05-19,23397,15,12,מסוף עתידים-תל אביב יפו<->קריית חינוך-תל אביב יפו-1#,23012,1,#,מטרופולין,3,23012
144660951,8951215,35940771_180526,2026-05-19T05:10:00+00:00,2026-05-19T05:53:54+00:00,2026-05-19,23398,15,12,קריית חינוך-תל אביב יפו<->מסוף עתידים-תל אביב יפו-2#,23012,2,#,מטרופולין,3,23012
144657334,8951214,35899633_180526,2026-05-19T05:25:00+00:00,2026-05-19T06:09:08+00:00,2026-05-19,23397,15,12,מסוף עתידים-תל אביב יפו<->קריית חינוך-תל אביב יפו-1#,23012,1,#,מטרופולין,3,23012
144663248,8951534,585013135_180526,2026-05-19T05:40:00+00:00,2026-05-19T06:30:50+00:00,2026-05-19,27069,15,12,קריית חינוך-תל אביב יפו<->מסוף עתידים-תל אביב יפו-21,23012,2,1,מטרופולין,3,23012
144722139,8947462,43755761_180526,2026-05-19T05:45:00+00:00,2026-05-19T06:36:11+00:00,2026-05-19,2312,15,12,מסוף עתידים-תל אביב יפו<->קריית חינוך-תל אביב יפו-11,23012,1,1,מטרופולין,3,23012
144657424,8951215,35941020_180526,2026-05-19T06:10:00+00:00,2026-05-19T06:53:54+00:00,2026-05-19,23398,15,12,קריית חינוך-תל אביב יפו<->מסוף עתידים-תל אביב יפו-2#,23012,2,#,מטרופולין,3,23012
144666667,8951214,35899635_180526,2026-05-19T06:15:00+00:00,2026-05-19T06:59:08+00:00,2026-05-19,23397,15,12,מסוף עתידים-תל אביב יפו<->קריית חינוך-תל אביב יפו-1#,23012,1,#,מטרופולין,3,23012
144662885,8951215,35941025_180526,2026-05-19T06:30:00+00:00,2026-05-19T07:13:54+00:00,2026-05-19,23398,15,12,קריית חינוך-תל אביב יפו<->מסוף עתידים-תל אביב יפו-2#,23012,2,#,מטרופולין,3,23012
144657335,8951214,35899636_180526,2026-05-19T06:45:00+00:00,2026-05-19T07:29:08+00:00,2026-05-19,23397,15,12,מסוף עתידים-תל אביב יפו<->קריית חינוך-תל אביב יפו-1#,23012,1,#,מטרופולין,3,23012
144660957,8951215,35940774_180526,2026-05-19T06:50:00+00:00,2026-05-19T07:33:54+00:00,2026-05-19,23398,15,12,קריית חינוך-תל אביב יפו<->מסוף עתידים-תל אביב יפו-2#,23012,2,#,מטרופולין,3,23012
144703929,8951214,35899637_180526,2026-05-19T07:15:00+00:00,2026-05-19T07:59:08+00:00,2026-05-19,23397,15,12,מסוף עתידים-תל אביב יפו<->קריית חינוך-תל אביב יפו-1#,23012,1,#,מטרופולין,3,23012
144655614,8951215,35940775_180526,2026-05-19T07:20:00+00:00,2026-05-19T08:03:54+00:00,2026-05-19,23398,15,12,קריית חינוך-תל אביב יפו<->מסוף עתידים-תל אביב יפו-2#,23012,2,#,מטרופולין,3,23012
144660885,8951214,35899638_180526,2026-05-19T07:45:00+00:00,2026-05-19T08:29:08+00:00,2026-05-19,23397,15,12,מסוף עתידים-תל אביב יפו<->קריית חינוך-תל אביב יפו-1#,23012,1,#,מטרופולין,3,23012
144655652,8951215,35940776_180526,2026-05-19T07:50:00+00:00,2026-05-19T08:33:54+00:00,2026-05-19,23398,15,12,קריית חינוך-תל אביב יפו<->מסוף עתידים-תל אביב יפו-2#,23012,2,#,מטרופולין,3,23012
144653607,8951214,35899639_180526,2026-05-19T08:15:00+00:00,2026-05-19T08:59:08+00:00,2026-05-19,23397,15,12,מסוף עתידים-תל אביב יפו<->קריית חינוך-תל אביב יפו-1#,23012,1,#,מטרופולין,3,23012
144655653,8951215,35940777_180526,2026-05-19T08:20:00+00:00,2026-05-19T09:03:54+00:00,2026-05-19,23398,15,12,קריית חינוך-תל אביב יפו<->מסוף עתידים-תל אביב יפו-2#,23012,2,#,מטרופולין,3,23012
144653608,8951214,35899640_180526,2026-05-19T08:45:00+00:00,2026-05-19T09:29:08+00:00,2026-05-19,23397,15,12,מסוף עתידים-תל אביב יפו<->קריית חינוך-תל אביב יפו-1#,23012,1,#,מטרופולין,3,23012
144655656,8951215,35940778_180526,2026-05-19T08:50:00+00:00,2026-05-19T09:33:54+00:00,2026-05-19,23398,15,12,קריית חינוך-תל אביב יפו<->מסוף עתידים-תל אביב יפו-2#,23012,2,#,מטרופולין,3,23012
144653610,8951214,35899641_180526,2026-05-19T09:15:00+00:00,2026-05-19T09:59:08+00:00,2026-05-19,23397,15,12,מסוף עתידים-תל אביב יפו<->קריית חינוך-תל אביב יפו-1#,23012,1,#,מטרופולין,3,23012
144662879,8951215,35940779_180526,2026-05-19T09:20:00+00:00,2026-05-19T10:03:54+00:00,2026-05-19,23398,15,12,קריית חינוך-תל אביב יפו<->מסוף עתידים-תל אביב יפו-2#,23012,2,#,מטרופולין,3,23012
144703930,8951214,35899642_180526,2026-05-19T09:45:00+00:00,2026-05-19T10:29:08+00:00,2026-05-19,23397,15,12,מסוף עתידים-תל אביב יפו<->קריית חינוך-תל אביב יפו-1#,23012,1,#,מטרופולין,3,23012
144662880,8951215,35940780_180526,2026-05-19T09:50:00+00:00,2026-05-19T10:33:54+00:00,2026-05-19,23398,15,12,קריית חינוך-תל אביב יפו<->מסוף עתידים-תל אביב יפו-2#,23012,2,#,מטרופולין,3,23012
144660887,8951214,35899643_180526,2026-05-19T10:15:00+00:00,2026-05-19T10:59:08+00:00,2026-05-19,23397,15,12,מסוף עתידים-תל אביב יפו<->קריית חינוך-תל אביב יפו-1#,23012,1,#,מטרופולין,3,23012
144655657,8951215,35940781_180526,2026-05-19T10:20:00+00:00,2026-05-19T11:03:54+00:00,2026-05-19,23398,15,12,קריית חינוך-תל אביב יפו<->מסוף עתידים-תל אביב יפו-2#,23012,2,#,מטרופולין,3,23012
144695253,8947462,43755766_180526,2026-05-19T10:45:00+00:00,2026-05-19T11:36:11+00:00,2026-05-19,2312,15,12,מסוף עתידים-תל אביב יפו<->קריית חינוך-תל אביב יפו-11,23012,1,1,מטרופולין,3,23012
144660958,8951215,35940782_180526,2026-05-19T10:50:00+00:00,2026-05-19T11:33:54+00:00,2026-05-19,23398,15,12,קריית חינוך-תל אביב יפו<->מסוף עתידים-תל אביב יפו-2#,23012,2,#,מטרופולין,3,23012
144703931,8951214,35899645_180526,2026-05-19T11:15:00+00:00,2026-05-19T11:59:08+00:00,2026-05-19,23397,15,12,מסוף עתידים-תל אביב יפו<->קריית חינוך-תל אביב יפו-1#,23012,1,#,מטרופולין,3,23012
144662884,8951215,35940783_180526,2026-05-19T11:20:00+00:00,2026-05-19T12:03:54+00:00,2026-05-19,23398,15,12,קריית חינוך-תל אביב יפו<->מסוף עתידים-תל אביב יפו-2#,23012,2,#,מטרופולין,3,23012
144655599,8951214,35899646_180526,2026-05-19T11:45:00+00:00,2026-05-19T12:29:08+00:00,2026-05-19,23397,15,12,מסוף עתידים-תל אביב יפו<->קריית חינוך-תל אביב יפו-1#,23012,1,#,מטרופולין,3,23012
144668740,8951534,43756033_180526,2026-05-19T11:50:00+00:00,2026-05-19T12:40:50+00:00,2026-05-19,27069,15,12,קריית חינוך-תל אביב יפו<->מסוף עתידים-תל אביב יפו-21,23012,2,1,מטרופולין,3,23012
144695254,8947462,585013101_180526,2026-05-19T12:15:00+00:00,2026-05-19T13:06:11+00:00,2026-05-19,2312,15,12,מסוף עתידים-תל אביב יפו<->קריית חינוך-תל אביב יפו-11,23012,1,1,מטרופולין,3,23012
144666670,8951215,35940785_180526,2026-05-19T12:20:00+00:00,2026-05-19T13:03:54+00:00,2026-05-19,23398,15,12,קריית חינוך-תל אביב יפו<->מסוף עתידים-תל אביב יפו-2#,23012,2,#,מטרופולין,3,23012
144703932,8951214,35899649_180526,2026-05-19T12:45:00+00:00,2026-05-19T13:29:08+00:00,2026-05-19,23397,15,12,מסוף עתידים-תל אביב יפו<->קריית חינוך-תל אביב יפו-1#,23012,1,#,מטרופולין,3,23012
144660970,8951215,585013116_180526,2026-05-19T12:50:00+00:00,2026-05-19T13:33:54+00:00,2026-05-19,23398,15,12,קריית חינוך-תל אביב יפו<->מסוף עתידים-תל אביב יפו-2#,23012,2,#,מטרופולין,3,23012
144662845,8951214,585013091_180526,2026-05-19T13:15:00+00:00,2026-05-19T13:59:08+00:00,2026-05-19,23397,15,12,מסוף עתידים-תל אביב יפו<->קריית חינוך-תל אביב יפו-1#,23012,1,#,מטרופולין,3,23012
144666671,8951215,35940788_180526,2026-05-19T13:20:00+00:00,2026-05-19T14:03:54+00:00,2026-05-19,23398,15,12,קריית חינוך-תל אביב יפו<->מסוף עתידים-תל אביב יפו-2#,23012,2,#,מטרופולין,3,23012
144703933,8951214,35899652_180526,2026-05-19T13:45:00+00:00,2026-05-19T14:29:08+00:00,2026-05-19,23397,15,12,מסוף עתידים-תל אביב יפו<->קריית חינוך-תל אביב יפו-1#,23012,1,#,מטרופולין,3,23012
144703936,8951215,585013117_180526,2026-05-19T13:50:00+00:00,2026-05-19T14:33:54+00:00,2026-05-19,23398,15,12,קריית חינוך-תל אביב יפו<->מסוף עתידים-תל אביב יפו-2#,23012,2,#,מטרופולין,3,23012
144717777,8947462,585013100_180526,2026-05-19T14:15:00+00:00,2026-05-19T15:06:11+00:00,2026-05-19,2312,15,12,מסוף עתידים-תל אביב יפו<->קריית חינוך-תל אביב יפו-11,23012,1,1,מטרופולין,3,23012
144660963,8951215,35940791_180526,2026-05-19T14:20:00+00:00,2026-05-19T15:03:54+00:00,2026-05-19,23398,15,12,קריית חינוך-תל אביב יפו<->מסוף עתידים-תל אביב יפו-2#,23012,2,#,מטרופולין,3,23012
144660888,8951214,35899655_180526,2026-05-19T14:45:00+00:00,2026-05-19T15:29:08+00:00,2026-05-19,23397,15,12,מסוף עתידים-תל אביב יפו<->קריית חינוך-תל אביב יפו-1#,23012,1,#,מטרופולין,3,23012
144655662,8951215,585013118_180526,2026-05-19T14:50:00+00:00,2026-05-19T15:33:54+00:00,2026-05-19,23398,15,12,קריית חינוך-תל אביב יפו<->מסוף עתידים-תל אביב יפו-2#,23012,2,#,מטרופולין,3,23012
144662844,8951214,585013083_180526,2026-05-19T15:15:00+00:00,2026-05-19T15:59:08+00:00,2026-05-19,23397,15,12,מסוף עתידים-תל אביב יפו<->קריית חינוך-תל אביב יפו-1#,23012,1,#,מטרופולין,3,23012
144659859,8951534,585013133_180526,2026-05-19T15:20:00+00:00,2026-05-19T16:10:50+00:00,2026-05-19,27069,15,12,קריית חינוך-תל אביב יפו<->מסוף עתידים-תל אביב יפו-21,23012,2,1,מטרופולין,3,23012
144660964,8951215,35940795_180526,2026-05-19T15:40:00+00:00,2026-05-19T16:23:54+00:00,2026-05-19,23398,15,12,קריית חינוך-תל אביב יפו<->מסוף עתידים-תל אביב יפו-2#,23012,2,#,מטרופולין,3,23012
144666668,8951214,35899658_180526,2026-05-19T15:45:00+00:00,2026-05-19T16:29:08+00:00,2026-05-19,23397,15,12,מסוף עתידים-תל אביב יפו<->קריית חינוך-תל אביב יפו-1#,23012,1,#,מטרופולין,3,23012
144657419,8951215,35940796_180526,2026-05-19T16:00:00+00:00,2026-05-19T16:43:54+00:00,2026-05-19,23398,15,12,קריית חינוך-תל אביב יפו<->מסוף עתידים-תל אביב יפו-2#,23012,2,#,מטרופולין,3,23012
144660893,8951214,35899659_180526,2026-05-19T16:05:00+00:00,2026-05-19T16:49:08+00:00,2026-05-19,23397,15,12,מסוף עתידים-תל אביב יפו<->קריית חינוך-תל אביב יפו-1#,23012,1,#,מטרופולין,3,23012
144661533,8951534,585013134_180526,2026-05-19T16:20:00+00:00,2026-05-19T17:10:50+00:00,2026-05-19,27069,15,12,קריית חינוך-תל אביב יפו<->מסוף עתידים-תל אביב יפו-21,23012,2,1,מטרופולין,3,23012
144655571,8951214,35899660_180526,2026-05-19T16:25:00+00:00,2026-05-19T17:09:08+00:00,2026-05-19,23397,15,12,מסוף עתידים-תל אביב יפו<->קריית חינוך-תל אביב יפו-1#,23012,1,#,מטרופולין,3,23012
144655661,8951215,35940798_180526,2026-05-19T16:40:00+00:00,2026-05-19T17:23:54+00:00,2026-05-19,23398,15,12,קריית חינוך-תל אביב יפו<->מסוף עתידים-תל אביב יפו-2#,23012,2,#,מטרופולין,3,23012
144655579,8951214,35899661_180526,2026-05-19T16:45:00+00:00,2026-05-19T17:29:08+00:00,2026-05-19,23397,15,12,מסוף עתידים-תל אביב יפו<->קריית חינוך-תל אביב יפו-1#,23012,1,#,מטרופולין,3,23012
144657420,8951215,35940799_180526,2026-05-19T17:00:00+00:00,2026-05-19T17:43:54+00:00,2026-05-19,23398,15,12,קריית חינוך-תל אביב יפו<->מסוף עתידים-תל אביב יפו-2#,23012,2,#,מטרופולין,3,23012
144657336,8951214,35899662_180526,2026-05-19T17:05:00+00:00,2026-05-19T17:49:08+00:00,2026-05-19,23397,15,12,מסוף עתידים-תל אביב יפו<->קריית חינוך-תל אביב יפו-1#,23012,1,#,מטרופולין,3,23012
144655615,8951215,35940800_180526,2026-05-19T17:20:00+00:00,2026-05-19T18:03:54+00:00,2026-05-19,23398,15,12,קריית חינוך-תל אביב יפו<->מסוף עתידים-תל אביב יפו-2#,23012,2,#,מטרופולין,3,23012
144666669,8951214,35899663_180526,2026-05-19T17:25:00+00:00,2026-05-19T18:09:08+00:00,2026-05-19,23397,15,12,מסוף עתידים-תל אביב יפו<->קריית חינוך-תל אביב יפו-1#,23012,1,#,מטרופולין,3,23012
144660966,8951215,35940801_180526,2026-05-19T17:40:00+00:00,2026-05-19T18:23:54+00:00,2026-05-19,23398,15,12,קריית חינוך-תל אביב יפו<->מסוף עתידים-תל אביב יפו-2#,23012,2,#,מטרופולין,3,23012
144655583,8951214,35899664_180526,2026-05-19T17:45:00+00:00,2026-05-19T18:29:08+00:00,2026-05-19,23397,15,12,מסוף עתידים-תל אביב יפו<->קריית חינוך-תל אביב יפו-1#,23012,1,#,מטרופולין,3,23012
144657423,8951215,35940802_180526,2026-05-19T18:10:00+00:00,2026-05-19T18:53:54+00:00,2026-05-19,23398,15,12,קריית חינוך-תל אביב יפו<->מסוף עתידים-תל אביב יפו-2#,23012,2,#,מטרופולין,3,23012
144653615,8951214,35899665_180526,2026-05-19T18:15:00+00:00,2026-05-19T18:59:08+00:00,2026-05-19,23397,15,12,מסוף עתידים-תל אביב יפו<->קריית חינוך-תל אביב יפו-1#,23012,1,#,מטרופולין,3,23012
144660967,8951215,35940803_180526,2026-05-19T18:40:00+00:00,2026-05-19T19:23:54+00:00,2026-05-19,23398,15,12,קריית חינוך-תל אביב יפו<->מסוף עתידים-תל אביב יפו-2#,23012,2,#,מטרופולין,3,23012
144703934,8951214,35899666_180526,2026-05-19T18:45:00+00:00,2026-05-19T19:29:08+00:00,2026-05-19,23397,15,12,מסוף עתידים-תל אביב יפו<->קריית חינוך-תל אביב יפו-1#,23012,1,#,מטרופולין,3,23012
144703935,8951215,35940804_180526,2026-05-19T19:10:00+00:00,2026-05-19T19:53:54+00:00,2026-05-19,23398,15,12,קריית חינוך-תל אביב יפו<->מסוף עתידים-תל אביב יפו-2#,23012,2,#,מטרופולין,3,23012
144662837,8951214,35899667_180526,2026-05-19T19:15:00+00:00,2026-05-19T19:59:08+00:00,2026-05-19,23397,15,12,מסוף עתידים-תל אביב יפו<->קריית חינוך-תל אביב יפו-1#,23012,1,#,מטרופולין,3,23012
144666672,8951215,35940805_180526,2026-05-19T19:40:00+00:00,2026-05-19T20:23:54+00:00,2026-05-19,23398,15,12,קריית חינוך-תל אביב יפו<->מסוף עתידים-תל אביב יפו-2#,23012,2,#,מטרופולין,3,23012
144660900,8951214,35899668_180526,2026-05-19T19:45:00+00:00,2026-05-19T20:29:08+00:00,2026-05-19,23397,15,12,מסוף עתידים-תל אביב יפו<->קריית חינוך-תל אביב יפו-1#,23012,1,#,מטרופולין,3,23012
144804462,8957624,35940762_190526,2026-05-20T02:00:00+00:00,2026-05-20T02:43:54+00:00,2026-05-20,23398,15,12,קריית חינוך-תל אביב יפו<->מסוף עתידים-תל אביב יפו-2#,23012,2,#,מטרופולין,3,23012
144804453,8957623,35899623_190526,2026-05-20T02:00:00+00:00,2026-05-20T02:44:08+00:00,2026-05-20,23397,15,12,מסוף עתידים-תל אביב יפו<->קריית חינוך-תל אביב יפו-1#,23012,1,#,מטרופולין,3,23012
144806230,8957624,586019775_190526,2026-05-20T02:25:00+00:00,2026-05-20T03:08:54+00:00,2026-05-20,23398,15,12,קריית חינוך-תל אביב יפו<->מסוף עתידים-תל אביב יפו-2#,23012,2,#,מטרופולין,3,23012
144804458,8957623,586019765_190526,2026-05-20T02:25:00+00:00,2026-05-20T03:09:08+00:00,2026-05-20,23397,15,12,מסוף עתידים-תל אביב יפו<->קריית חינוך-תל אביב יפו-1#,23012,1,#,מטרופולין,3,23012
144806181,8957623,586019767_190526,2026-05-20T02:50:00+00:00,2026-05-20T03:34:08+00:00,2026-05-20,23397,15,12,מסוף עתידים-תל אביב יפו<->קריית חינוך-תל אביב יפו-1#,23012,1,#,מטרופולין,3,23012
144802334,8957624,35940764_190526,2026-05-20T02:50:00+00:00,2026-05-20T03:33:54+00:00,2026-05-20,23398,15,12,קריית חינוך-תל אביב יפו<->מסוף עתידים-תל אביב יפו-2#,23012,2,#,מטרופולין,3,23012
144802025,8957623,586019768_190526,2026-05-20T03:10:00+00:00,2026-05-20T03:54:08+00:00,2026-05-20,23397,15,12,מסוף עתידים-תל אביב יפו<->קריית חינוך-תל אביב יפו-1#,23012,1,#,מטרופולין,3,23012
144797380,8957624,35940765_190526,2026-05-20T03:10:00+00:00,2026-05-20T03:53:54+00:00,2026-05-20,23398,15,12,קריית חינוך-תל אביב יפו<->מסוף עתידים-תל אביב יפו-2#,23012,2,#,מטרופולין,3,23012
144811116,8957940,43756023_190526,2026-05-20T03:30:00+00:00,2026-05-20T04:20:50+00:00,2026-05-20,27069,15,12,קריית חינוך-תל אביב יפו<->מסוף עתידים-תל אביב יפו-21,23012,2,1,מטרופולין,3,23012
144741387,8953882,586019773_190526,2026-05-20T03:30:00+00:00,2026-05-20T04:21:11+00:00,2026-05-20,2312,15,12,מסוף עתידים-תל אביב יפו<->קריית חינוך-תל אביב יפו-11,23012,1,1,מטרופולין,3,23012
144800573,8957624,35940767_190526,2026-05-20T03:50:00+00:00,2026-05-20T04:33:54+00:00,2026-05-20,23398,15,12,קריית חינוך-תל אביב יפו<->מסוף עתידים-תל אביב יפו-2#,23012,2,#,מטרופולין,3,23012
144804459,8957623,586019771_190526,2026-05-20T03:55:00+00:00,2026-05-20T04:39:08+00:00,2026-05-20,23397,15,12,מסוף עתידים-תל אביב יפו<->קריית חינוך-תל אביב יפו-1#,23012,1,#,מטרופולין,3,23012
144806225,8957624,35940768_190526,2026-05-20T04:10:00+00:00,2026-05-20T04:53:54+00:00,2026-05-20,23398,15,12,קריית חינוך-תל אביב יפו<->מסוף עתידים-תל אביב יפו-2#,23012,2,#,מטרופולין,3,23012
144804767,8957623,40282162_190526,2026-05-20T04:20:00+00:00,2026-05-20T05:04:08+00:00,2026-05-20,23397,15,12,מסוף עתידים-תל אביב יפו<->קריית חינוך-תל אביב יפו-1#,23012,1,#,מטרופולין,3,23012
144804768,8957624,35940769_190526,2026-05-20T04:30:00+00:00,2026-05-20T05:13:54+00:00,2026-05-20,23398,15,12,קריית חינוך-תל אביב יפו<->מסוף עתידים-תל אביב יפו-2#,23012,2,#,מטרופולין,3,23012
144804765,8957623,35899631_190526,2026-05-20T04:45:00+00:00,2026-05-20T05:29:08+00:00,2026-05-20,23397,15,12,מסוף עתידים-תל אביב יפו<->קריית חינוך-תל אביב יפו-1#,23012,1,#,מטרופולין,3,23012
144848749,8957623,35899632_190526,2026-05-20T05:05:00+00:00,2026-05-20T05:49:08+00:00,2026-05-20,23397,15,12,מסוף עתידים-תל אביב יפו<->קריית חינוך-תל אביב יפו-1#,23012,1,#,מטרופולין,3,23012
144800574,8957624,35940771_190526,2026-05-20T05:10:00+00:00,2026-05-20T05:53:54+00:00,2026-05-20,23398,15,12,קריית חינוך-תל אביב יפו<->מסוף עתידים-תל אביב יפו-2#,23012,2,#,מטרופולין,3,23012
144806178,8957623,35899633_190526,2026-05-20T05:25:00+00:00,2026-05-20T06:09:08+00:00,2026-05-20,23397,15,12,מסוף עתידים-תל אביב יפו<->קריית חינוך-תל אביב יפו-1#,23012,1,#,מטרופולין,3,23012
144809544,8957940,585013135_190526,2026-05-20T05:40:00+00:00,2026-05-20T06:30:50+00:00,2026-05-20,27069,15,12,קריית חינוך-תל אביב יפו<->מסוף עתידים-תל אביב יפו-21,23012,2,1,מטרופולין,3,23012
144741644,8953882,43755761_190526,2026-05-20T05:45:00+00:00,2026-05-20T06:36:11+00:00,2026-05-20,2312,15,12,מסוף עתידים-תל אביב יפו<->קריית חינוך-תל אביב יפו-11,23012,1,1,מטרופולין,3,23012
144806228,8957624,35941020_190526,2026-05-20T06:10:00+00:00,2026-05-20T06:53:54+00:00,2026-05-20,23398,15,12,קריית חינוך-תל אביב יפו<->מסוף עתידים-תל אביב יפו-2#,23012,2,#,מטרופולין,3,23012
144804454,8957623,35899635_190526,2026-05-20T06:15:00+00:00,2026-05-20T06:59:08+00:00,2026-05-20,23397,15,12,מסוף עתידים-תל אביב יפו<->קריית חינוך-תל אביב יפו-1#,23012,1,#,מטרופולין,3,23012
144804467,8957624,35941025_190526,2026-05-20T06:30:00+00:00,2026-05-20T07:13:54+00:00,2026-05-20,23398,15,12,קריית חינוך-תל אביב יפו<->מסוף עתידים-תל אביב יפו-2#,23012,2,#,מטרופולין,3,23012
144806179,8957623,35899636_190526,2026-05-20T06:45:00+00:00,2026-05-20T07:29:08+00:00,2026-05-20,23397,15,12,מסוף עתידים-תל אביב יפו<->קריית חינוך-תל אביב יפו-1#,23012,1,#,מטרופולין,3,23012
144848751,8957624,35940774_190526,2026-05-20T06:50:00+00:00,2026-05-20T07:33:54+00:00,2026-05-20,23398,15,12,קריית חינוך-תל אביב יפו<->מסוף עתידים-תל אביב יפו-2#,23012,2,#,מטרופולין,3,23012
144797304,8957623,35899637_190526,2026-05-20T07:15:00+00:00,2026-05-20T07:59:08+00:00,2026-05-20,23397,15,12,מסוף עתידים-תל אביב יפו<->קריית חינוך-תל אביב יפו-1#,23012,1,#,מטרופולין,3,23012
144797381,8957624,35940775_190526,2026-05-20T07:20:00+00:00,2026-05-20T08:03:54+00:00,2026-05-20,23398,15,12,קריית חינוך-תל אביב יפו<->מסוף עתידים-תל אביב יפו-2#,23012,2,#,מטרופולין,3,23012
144797305,8957623,35899638_190526,2026-05-20T07:45:00+00:00,2026-05-20T08:29:08+00:00,2026-05-20,23397,15,12,מסוף עתידים-תל אביב יפו<->קריית חינוך-תל אביב יפו-1#,23012,1,#,מטרופולין,3,23012
144804463,8957624,35940776_190526,2026-05-20T07:50:00+00:00,2026-05-20T08:33:54+00:00,2026-05-20,23398,15,12,קריית חינוך-תל אביב יפו<->מסוף עתידים-תל אביב יפו-2#,23012,2,#,מטרופולין,3,23012
144797349,8957623,35899639_190526,2026-05-20T08:15:00+00:00,2026-05-20T08:59:08+00:00,2026-05-20,23397,15,12,מסוף עתידים-תל אביב יפו<->קריית חינוך-תל אביב יפו-1#,23012,1,#,מטרופולין,3,23012
144804769,8957624,35940777_190526,2026-05-20T08:20:00+00:00,2026-05-20T09:03:54+00:00,2026-05-20,23398,15,12,קריית חינוך-תל אביב יפו<->מסוף עתידים-תל אביב יפו-2#,23012,2,#,מטרופולין,3,23012
144804766,8957623,35899640_190526,2026-05-20T08:45:00+00:00,2026-05-20T09:29:08+00:00,2026-05-20,23397,15,12,מסוף עתידים-תל אביב יפו<->קריית חינוך-תל אביב יפו-1#,23012,1,#,מטרופולין,3,23012
144802086,8957624,35940778_190526,2026-05-20T08:50:00+00:00,2026-05-20T09:33:54+00:00,2026-05-20,23398,15,12,קריית חינוך-תל אביב יפו<->מסוף עתידים-תל אביב יפו-2#,23012,2,#,מטרופולין,3,23012
144800567,8957623,35899641_190526,2026-05-20T09:15:00+00:00,2026-05-20T09:59:08+00:00,2026-05-20,23397,15,12,מסוף עתידים-תל אביב יפו<->קריית חינוך-תל אביב יפו-1#,23012,1,#,מטרופולין,3,23012
144797382,8957624,35940779_190526,2026-05-20T09:20:00+00:00,2026-05-20T10:03:54+00:00,2026-05-20,23398,15,12,קריית חינוך-תל אביב יפו<->מסוף עתידים-תל אביב יפו-2#,23012,2,#,מטרופולין,3,23012
144802222,8957623,35899642_190526,2026-05-20T09:45:00+00:00,2026-05-20T10:29:08+00:00,2026-05-20,23397,15,12,מסוף עתידים-תל אביב יפו<->קריית חינוך-תל אביב יפו-1#,23012,1,#,מטרופולין,3,23012
144800575,8957624,35940780_190526,2026-05-20T09:50:00+00:00,2026-05-20T10:33:54+00:00,2026-05-20,23398,15,12,קריית חינוך-תל אביב יפו<->מסוף עתידים-תל אביב יפו-2#,23012,2,#,מטרופולין,3,23012
144802223,8957623,35899643_190526,2026-05-20T10:15:00+00:00,2026-05-20T10:59:08+00:00,2026-05-20,23397,15,12,מסוף עתידים-תל אביב יפו<->קריית חינוך-תל אביב יפו-1#,23012,1,#,מטרופולין,3,23012
144806226,8957624,35940781_190526,2026-05-20T10:20:00+00:00,2026-05-20T11:03:54+00:00,2026-05-20,23398,15,12,קריית חינוך-תל אביב יפו<->מסוף עתידים-תל אביב יפו-2#,23012,2,#,מטרופולין,3,23012
144742653,8953882,43755766_190526,2026-05-20T10:45:00+00:00,2026-05-20T11:36:11+00:00,2026-05-20,2312,15,12,מסוף עתידים-תל אביב יפו<->קריית חינוך-תל אביב יפו-11,23012,1,1,מטרופולין,3,23012
144804464,8957624,35940782_190526,2026-05-20T10:50:00+00:00,2026-05-20T11:33:54+00:00,2026-05-20,23398,15,12,קריית חינוך-תל אביב יפו<->מסוף עתידים-תל אביב יפו-2#,23012,2,#,מטרופולין,3,23012
144802022,8957623,35899645_190526,2026-05-20T11:15:00+00:00,2026-05-20T11:59:08+00:00,2026-05-20,23397,15,12,מסוף עתידים-תל אביב יפו<->קריית חינוך-תל אביב יפו-1#,23012,1,#,מטרופולין,3,23012
144848752,8957624,35940783_190526,2026-05-20T11:20:00+00:00,2026-05-20T12:03:54+00:00,2026-05-20,23398,15,12,קריית חינוך-תל אביב יפו<->מסוף עתידים-תל אביב יפו-2#,23012,2,#,מטרופולין,3,23012
144802224,8957623,35899646_190526,2026-05-20T11:45:00+00:00,2026-05-20T12:29:08+00:00,2026-05-20,23397,15,12,מסוף עתידים-תל אביב יפו<->קריית חינוך-תל אביב יפו-1#,23012,1,#,מטרופולין,3,23012
144811117,8957940,43756033_190526,2026-05-20T11:50:00+00:00,2026-05-20T12:40:50+00:00,2026-05-20,27069,15,12,קריית חינוך-תל אביב יפו<->מסוף עתידים-תל אביב יפו-21,23012,2,1,מטרופולין,3,23012
144741386,8953882,585013101_190526,2026-05-20T12:15:00+00:00,2026-05-20T13:06:11+00:00,2026-05-20,2312,15,12,מסוף עתידים-תל אביב יפו<->קריית חינוך-תל אביב יפו-11,23012,1,1,מטרופולין,3,23012
144802335,8957624,35940785_190526,2026-05-20T12:20:00+00:00,2026-05-20T13:03:54+00:00,2026-05-20,23398,15,12,קריית חינוך-תל אביב יפו<->מסוף עתידים-תל אביב יפו-2#,23012,2,#,מטרופולין,3,23012
144797350,8957623,35899649_190526,2026-05-20T12:45:00+00:00,2026-05-20T13:29:08+00:00,2026-05-20,23397,15,12,מסוף עתידים-תל אביב יפו<->קריית חינוך-תל אביב יפו-1#,23012,1,#,מטרופולין,3,23012
144802150,8957624,585013116_190526,2026-05-20T12:50:00+00:00,2026-05-20T13:33:54+00:00,2026-05-20,23398,15,12,קריית חינוך-תל אביב יפו<->מסוף עתידים-תל אביב יפו-2#,23012,2,#,מטרופולין,3,23012
144802024,8957623,585013091_190526,2026-05-20T13:15:00+00:00,2026-05-20T13:59:08+00:00,2026-05-20,23397,15,12,מסוף עתידים-תל אביב יפו<->קריית חינוך-תל אביב יפו-1#,23012,1,#,מטרופולין,3,23012
144802087,8957624,35940788_190526,2026-05-20T13:20:00+00:00,2026-05-20T14:03:54+00:00,2026-05-20,23398,15,12,קריית חינוך-תל אביב יפו<->מסוף עתידים-תל אביב יפו-2#,23012,2,#,מטרופולין,3,23012
144802225,8957623,35899652_190526,2026-05-20T13:45:00+00:00,2026-05-20T14:29:08+00:00,2026-05-20,23397,15,12,מסוף עתידים-תל אביב יפו<->קריית חינוך-תל אביב יפו-1#,23012,1,#,מטרופולין,3,23012
144800577,8957624,585013117_190526,2026-05-20T13:50:00+00:00,2026-05-20T14:33:54+00:00,2026-05-20,23398,15,12,קריית חינוך-תל אביב יפו<->מסוף עתידים-תל אביב יפו-2#,23012,2,#,מטרופולין,3,23012
144741385,8953882,585013100_190526,2026-05-20T14:15:00+00:00,2026-05-20T15:06:11+00:00,2026-05-20,2312,15,12,מסוף עתידים-תל אביב יפו<->קריית חינוך-תל אביב יפו-11,23012,1,1,מטרופולין,3,23012
144804465,8957624,35940791_190526,2026-05-20T14:20:00+00:00,2026-05-20T15:03:54+00:00,2026-05-20,23398,15,12,קריית חינוך-תל אביב יפו<->מסוף עתידים-תל אביב יפו-2#,23012,2,#,מטרופולין,3,23012
144804455,8957623,35899655_190526,2026-05-20T14:45:00+00:00,2026-05-20T15:29:08+00:00,2026-05-20,23397,15,12,מסוף עתידים-תל אביב יפו<->קריית חינוך-תל אביב יפו-1#,23012,1,#,מטרופולין,3,23012
144806229,8957624,585013118_190526,2026-05-20T14:50:00+00:00,2026-05-20T15:33:54+00:00,2026-05-20,23398,15,12,קריית חינוך-תל אביב יפו<->מסוף עתידים-תל אביב יפו-2#,23012,2,#,מטרופולין,3,23012
144848750,8957623,585013083_190526,2026-05-20T15:15:00+00:00,2026-05-20T15:59:08+00:00,2026-05-20,23397,15,12,מסוף עתידים-תל אביב יפו<->קריית חינוך-תל אביב יפו-1#,23012,1,#,מטרופולין,3,23012
144812459,8957940,585013133_190526,2026-05-20T15:20:00+00:00,2026-05-20T16:10:50+00:00,2026-05-20,27069,15,12,קריית חינוך-תל אביב יפו<->מסוף עתידים-תל אביב יפו-21,23012,2,1,מטרופולין,3,23012
144802358,8957624,35940795_190526,2026-05-20T15:40:00+00:00,2026-05-20T16:23:54+00:00,2026-05-20,23398,15,12,קריית חינוך-תל אביב יפו<->מסוף עתידים-תל אביב יפו-2#,23012,2,#,מטרופולין,3,23012
144800568,8957623,35899658_190526,2026-05-20T15:45:00+00:00,2026-05-20T16:29:08+00:00,2026-05-20,23397,15,12,מסוף עתידים-תל אביב יפו<->קריית חינוך-תל אביב יפו-1#,23012,1,#,מטרופולין,3,23012
144804466,8957624,35940796_190526,2026-05-20T16:00:00+00:00,2026-05-20T16:43:54+00:00,2026-05-20,23398,15,12,קריית חינוך-תל אביב יפו<->מסוף עתידים-תל אביב יפו-2#,23012,2,#,מטרופולין,3,23012
144800569,8957623,35899659_190526,2026-05-20T16:05:00+00:00,2026-05-20T16:49:08+00:00,2026-05-20,23397,15,12,מסוף עתידים-תל אביב יפו<->קריית חינוך-תל אביב יפו-1#,23012,1,#,מטרופולין,3,23012
144805950,8957940,585013134_190526,2026-05-20T16:20:00+00:00,2026-05-20T17:10:50+00:00,2026-05-20,27069,15,12,קריית חינוך-תל אביב יפו<->מסוף עתידים-תל אביב יפו-21,23012,2,1,מטרופולין,3,23012
144797364,8957623,35899660_190526,2026-05-20T16:25:00+00:00,2026-05-20T17:09:08+00:00,2026-05-20,23397,15,12,מסוף עתידים-תל אביב יפו<->קריית חינוך-תל אביב יפו-1#,23012,1,#,מטרופולין,3,23012
144802088,8957624,35940798_190526,2026-05-20T16:40:00+00:00,2026-05-20T17:23:54+00:00,2026-05-20,23398,15,12,קריית חינוך-תל אביב יפו<->מסוף עתידים-תל אביב יפו-2#,23012,2,#,מטרופולין,3,23012
144804456,8957623,35899661_190526,2026-05-20T16:45:00+00:00,2026-05-20T17:29:08+00:00,2026-05-20,23397,15,12,מסוף עתידים-תל אביב יפו<->קריית חינוך-תל אביב יפו-1#,23012,1,#,מטרופולין,3,23012
144848753,8957624,35940799_190526,2026-05-20T17:00:00+00:00,2026-05-20T17:43:54+00:00,2026-05-20,23398,15,12,קריית חינוך-תל אביב יפו<->מסוף עתידים-תל אביב יפו-2#,23012,2,#,מטרופולין,3,23012
144797365,8957623,35899662_190526,2026-05-20T17:05:00+00:00,2026-05-20T17:49:08+00:00,2026-05-20,23397,15,12,מסוף עתידים-תל אביב יפו<->קריית חינוך-תל אביב יפו-1#,23012,1,#,מטרופולין,3,23012
144802359,8957624,35940800_190526,2026-05-20T17:20:00+00:00,2026-05-20T18:03:54+00:00,2026-05-20,23398,15,12,קריית חינוך-תל אביב יפו<->מסוף עתידים-תל אביב יפו-2#,23012,2,#,מטרופולין,3,23012
144800570,8957623,35899663_190526,2026-05-20T17:25:00+00:00,2026-05-20T18:09:08+00:00,2026-05-20,23397,15,12,מסוף עתידים-תל אביב יפו<->קריית חינוך-תל אביב יפו-1#,23012,1,#,מטרופולין,3,23012
144804770,8957624,35940801_190526,2026-05-20T17:40:00+00:00,2026-05-20T18:23:54+00:00,2026-05-20,23398,15,12,קריית חינוך-תל אביב יפו<->מסוף עתידים-תל אביב יפו-2#,23012,2,#,מטרופולין,3,23012
144797366,8957623,35899664_190526,2026-05-20T17:45:00+00:00,2026-05-20T18:29:08+00:00,2026-05-20,23397,15,12,מסוף עתידים-תל אביב יפו<->קריית חינוך-תל אביב יפו-1#,23012,1,#,מטרופולין,3,23012
144802360,8957624,35940802_190526,2026-05-20T18:10:00+00:00,2026-05-20T18:53:54+00:00,2026-05-20,23398,15,12,קריית חינוך-תל אביב יפו<->מסוף עתידים-תל אביב יפו-2#,23012,2,#,מטרופולין,3,23012
144800571,8957623,35899665_190526,2026-05-20T18:15:00+00:00,2026-05-20T18:59:08+00:00,2026-05-20,23397,15,12,מסוף עתידים-תל אביב יפו<->קריית חינוך-תל אביב יפו-1#,23012,1,#,מטרופולין,3,23012
144806227,8957624,35940803_190526,2026-05-20T18:40:00+00:00,2026-05-20T19:23:54+00:00,2026-05-20,23398,15,12,קריית חינוך-תל אביב יפו<->מסוף עתידים-תל אביב יפו-2#,23012,2,#,מטרופולין,3,23012
144804457,8957623,35899666_190526,2026-05-20T18:45:00+00:00,2026-05-20T19:29:08+00:00,2026-05-20,23397,15,12,מסוף עתידים-תל אביב יפו<->קריית חינוך-תל אביב יפו-1#,23012,1,#,מטרופולין,3,23012
144800576,8957624,35940804_190526,2026-05-20T19:10:00+00:00,2026-05-20T19:53:54+00:00,2026-05-20,23398,15,12,קריית חינוך-תל אביב יפו<->מסוף עתידים-תל אביב יפו-2#,23012,2,#,מטרופולין,3,23012
144806180,8957623,35899667_190526,2026-05-20T19:15:00+00:00,2026-05-20T19:59:08+00:00,2026-05-20,23397,15,12,מסוף עתידים-תל אביב יפו<->קריית חינוך-תל אביב יפו-1#,23012,1,#,מטרופולין,3,23012
144802089,8957624,35940805_190526,2026-05-20T19:40:00+00:00,2026-05-20T20:23:54+00:00,2026-05-20,23398,15,12,קריית חינוך-תל אביב יפו<->מסוף עתידים-תל אביב יפו-2#,23012,2,#,מטרופולין,3,23012
144802023,8957623,35899668_190526,2026-05-20T19:45:00+00:00,2026-05-20T20:29:08+00:00,2026-05-20,23397,15,12,מסוף עתידים-תל אביב יפו<->קריית חינוך-תל אביב יפו-1#,23012,1,#,מטרופולין,3,23012
144889338,8962854,37587981_210526,2026-05-21T03:00:00+00:00,2026-05-21T03:44:08+00:00,2026-05-21,23397,15,12,מסוף עתידים-תל אביב יפו<->קריית חינוך-תל אביב יפו-1#,23012,1,#,מטרופולין,3,23012
144889030,8962855,37588170_210526,2026-05-21T03:20:00+00:00,2026-05-21T04:03:54+00:00,2026-05-21,23398,15,12,קריית חינוך-תל אביב יפו<->מסוף עתידים-תל אביב יפו-2#,23012,2,#,מטרופולין,3,23012
144888988,8962854,37587982_210526,2026-05-21T03:30:00+00:00,2026-05-21T04:14:08+00:00,2026-05-21,23397,15,12,מסוף עתידים-תל אביב יפו<->קריית חינוך-תל אביב יפו-1#,23012,1,#,מטרופולין,3,23012
144894913,8962855,37588171_210526,2026-05-21T03:40:00+00:00,2026-05-21T04:23:54+00:00,2026-05-21,23398,15,12,קריית חינוך-תל אביב יפו<->מסוף עתידים-תל אביב יפו-2#,23012,2,#,מטרופולין,3,23012
144916407,8962855,37588172_210526,2026-05-21T04:00:00+00:00,2026-05-21T04:43:54+00:00,2026-05-21,23398,15,12,קריית חינוך-תל אביב יפו<->מסוף עתידים-תל אביב יפו-2#,23012,2,#,מטרופולין,3,23012
144894232,8962854,35899812_210526,2026-05-21T04:00:00+00:00,2026-05-21T04:44:08+00:00,2026-05-21,23397,15,12,מסוף עתידים-תל אביב יפו<->קריית חינוך-תל אביב יפו-1#,23012,1,#,מטרופולין,3,23012
144893017,8962855,37588173_210526,2026-05-21T04:20:00+00:00,2026-05-21T05:03:54+00:00,2026-05-21,23398,15,12,קריית חינוך-תל אביב יפו<->מסוף עתידים-תל אביב יפו-2#,23012,2,#,מטרופולין,3,23012
144889649,8962854,37587984_210526,2026-05-21T04:20:00+00:00,2026-05-21T05:04:08+00:00,2026-05-21,23397,15,12,מסוף עתידים-תל אביב יפו<->קריית חינוך-תל אביב יפו-1#,23012,1,#,מטרופולין,3,23012
144894614,8962855,37588174_210526,2026-05-21T04:40:00+00:00,2026-05-21T05:23:54+00:00,2026-05-21,23398,15,12,קריית חינוך-תל אביב יפו<->מסוף עתידים-תל אביב יפו-2#,23012,2,#,מטרופולין,3,23012
144889670,8962854,37587985_210526,2026-05-21T04:40:00+00:00,2026-05-21T05:24:08+00:00,2026-05-21,23397,15,12,מסוף עתידים-תל אביב יפו<->קריית חינוך-תל אביב יפו-1#,23012,1,#,מטרופולין,3,23012
144894233,8962854,37587986_210526,2026-05-21T05:00:00+00:00,2026-05-21T05:44:08+00:00,2026-05-21,23397,15,12,מסוף עתידים-תל אביב יפו<->קריית חינוך-תל אביב יפו-1#,23012,1,#,מטרופולין,3,23012
144889673,8962855,37588175_210526,2026-05-21T05:00:00+00:00,2026-05-21T05:43:54+00:00,2026-05-21,23398,15,12,קריית חינוך-תל אביב יפו<->מסוף עתידים-תל אביב יפו-2#,23012,2,#,מטרופולין,3,23012
144916404,8962854,37587987_210526,2026-05-21T05:20:00+00:00,2026-05-21T06:04:08+00:00,2026-05-21,23397,15,12,מסוף עתידים-תל אביב יפו<->קריית חינוך-תל אביב יפו-1#,23012,1,#,מטרופולין,3,23012
144893018,8962855,37588176_210526,2026-05-21T05:20:00+00:00,2026-05-21T06:03:54+00:00,2026-05-21,23398,15,12,קריית חינוך-תל אביב יפו<->מסוף עתידים-תל אביב יפו-2#,23012,2,#,מטרופולין,3,23012
144916405,8962854,37587988_210526,2026-05-21T05:40:00+00:00,2026-05-21T06:24:08+00:00,2026-05-21,23397,15,12,מסוף עתידים-תל אביב יפו<->קריית חינוך-תל אביב יפו-1#,23012,1,#,מטרופולין,3,23012
144894914,8962855,37588177_210526,2026-05-21T05:40:00+00:00,2026-05-21T06:23:54+00:00,2026-05-21,23398,15,12,קריית חינוך-תל אביב יפו<->מסוף עתידים-תל אביב יפו-2#,23012,2,#,מטרופולין,3,23012
144894615,8962855,37588178_210526,2026-05-21T06:00:00+00:00,2026-05-21T06:43:54+00:00,2026-05-21,23398,15,12,קריית חינוך-תל אביב יפו<->מסוף עתידים-תל אביב יפו-2#,23012,2,#,מטרופולין,3,23012
144889671,8962854,37587989_210526,2026-05-21T06:00:00+00:00,2026-05-21T06:44:08+00:00,2026-05-21,23397,15,12,מסוף עתידים-תל אביב יפו<->קריית חינוך-תל אביב יפו-1#,23012,1,#,מטרופולין,3,23012
144894912,8962854,585185561_210526,2026-05-21T06:30:00+00:00,2026-05-21T07:14:08+00:00,2026-05-21,23397,15,12,מסוף עתידים-תל אביב יפו<->קריית חינוך-תל אביב יפו-1#,23012,1,#,מטרופולין,3,23012
144889342,8962855,35941029_210526,2026-05-21T06:30:00+00:00,2026-05-21T07:13:54+00:00,2026-05-21,23398,15,12,קריית חינוך-תל אביב יפו<->מסוף עתידים-תל אביב יפו-2#,23012,2,#,מטרופולין,3,23012
144894915,8962855,37588181_210526,2026-05-21T07:00:00+00:00,2026-05-21T07:43:54+00:00,2026-05-21,23398,15,12,קריית חינוך-תל אביב יפו<->מסוף עתידים-תל אביב יפו-2#,23012,2,#,מטרופולין,3,23012
144893014,8962854,37587992_210526,2026-05-21T07:00:00+00:00,2026-05-21T07:44:08+00:00,2026-05-21,23397,15,12,מסוף עתידים-תל אביב יפו<->קריית חינוך-תל אביב יפו-1#,23012,1,#,מטרופולין,3,23012
144889344,8962855,585185564_210526,2026-05-21T07:30:00+00:00,2026-05-21T08:13:54+00:00,2026-05-21,23398,15,12,קריית חינוך-תל אביב יפו<->מסוף עתידים-תל אביב יפו-2#,23012,2,#,מטרופולין,3,23012
144889341,8962854,585185562_210526,2026-05-21T07:30:00+00:00,2026-05-21T08:14:08+00:00,2026-05-21,23397,15,12,מסוף עתידים-תל אביב יפו<->קריית חינוך-תל אביב יפו-1#,23012,1,#,מטרופולין,3,23012
144894268,8962855,37588184_210526,2026-05-21T08:00:00+00:00,2026-05-21T08:43:54+00:00,2026-05-21,23398,15,12,קריית חינוך-תל אביב יפו<->מסוף עתידים-תל אביב יפו-2#,23012,2,#,מטרופולין,3,23012
144888989,8962854,37587995_210526,2026-05-21T08:00:00+00:00,2026-05-21T08:44:08+00:00,2026-05-21,23397,15,12,מסוף עתידים-תל אביב יפו<->קריית חינוך-תל אביב יפו-1#,23012,1,#,מטרופולין,3,23012
144894616,8962855,585185565_210526,2026-05-21T08:30:00+00:00,2026-05-21T09:13:54+00:00,2026-05-21,23398,15,12,קריית חינוך-תל אביב יפו<->מסוף עתידים-תל אביב יפו-2#,23012,2,#,מטרופולין,3,23012
144894613,8962854,585185563_210526,2026-05-21T08:30:00+00:00,2026-05-21T09:14:08+00:00,2026-05-21,23397,15,12,מסוף עתידים-תל אביב יפו<->קריית חינוך-תל אביב יפו-1#,23012,1,#,מטרופולין,3,23012
144894916,8962855,37588187_210526,2026-05-21T09:00:00+00:00,2026-05-21T09:43:54+00:00,2026-05-21,23398,15,12,קריית חינוך-תל אביב יפו<->מסוף עתידים-תל אביב יפו-2#,23012,2,#,מטרופולין,3,23012
144893016,8962854,39306660_210526,2026-05-21T09:00:00+00:00,2026-05-21T09:44:08+00:00,2026-05-21,23397,15,12,מסוף עתידים-תל אביב יפו<->קריית חינוך-תל אביב יפו-1#,23012,1,#,מטרופולין,3,23012
144894267,8962855,35940955_210526,2026-05-21T09:20:00+00:00,2026-05-21T10:03:54+00:00,2026-05-21,23398,15,12,קריית חינוך-תל אביב יפו<->מסוף עתידים-תל אביב יפו-2#,23012,2,#,מטרופולין,3,23012
144889672,8962854,37587999_210526,2026-05-21T09:30:00+00:00,2026-05-21T10:14:08+00:00,2026-05-21,23397,15,12,מסוף עתידים-תל אביב יפו<->קריית חינוך-תל אביב יפו-1#,23012,1,#,מטרופולין,3,23012
144889031,8962855,37588189_210526,2026-05-21T09:40:00+00:00,2026-05-21T10:23:54+00:00,2026-05-21,23398,15,12,קריית חינוך-תל אביב יפו<->מסוף עתידים-תל אביב יפו-2#,23012,2,#,מטרופולין,3,23012
144894911,8962854,37588000_210526,2026-05-21T09:50:00+00:00,2026-05-21T10:34:08+00:00,2026-05-21,23397,15,12,מסוף עתידים-תל אביב יפו<->קריית חינוך-תל אביב יפו-1#,23012,1,#,מטרופולין,3,23012
144889674,8962855,37588190_210526,2026-05-21T10:00:00+00:00,2026-05-21T10:43:54+00:00,2026-05-21,23398,15,12,קריית חינוך-תל אביב יפו<->מסוף עתידים-תל אביב יפו-2#,23012,2,#,מטרופולין,3,23012
144916406,8962854,37588001_210526,2026-05-21T10:10:00+00:00,2026-05-21T10:54:08+00:00,2026-05-21,23397,15,12,מסוף עתידים-תל אביב יפו<->קריית חינוך-תל אביב יפו-1#,23012,1,#,מטרופולין,3,23012
144894917,8962855,37588191_210526,2026-05-21T10:30:00+00:00,2026-05-21T11:13:54+00:00,2026-05-21,23398,15,12,קריית חינוך-תל אביב יפו<->מסוף עתידים-תל אביב יפו-2#,23012,2,#,מטרופולין,3,23012
144889339,8962854,37588002_210526,2026-05-21T10:30:00+00:00,2026-05-21T11:14:08+00:00,2026-05-21,23397,15,12,מסוף עתידים-תל אביב יפו<->קריית חינוך-תל אביב יפו-1#,23012,1,#,מטרופולין,3,23012
144889675,8962855,37588192_210526,2026-05-21T11:00:00+00:00,2026-05-21T11:43:54+00:00,2026-05-21,23398,15,12,קריית חינוך-תל אביב יפו<->מסוף עתידים-תל אביב יפו-2#,23012,2,#,מטרופולין,3,23012
144889340,8962854,37588003_210526,2026-05-21T11:00:00+00:00,2026-05-21T11:44:08+00:00,2026-05-21,23397,15,12,מסוף עתידים-תל אביב יפו<->קריית חינוך-תל אביב יפו-1#,23012,1,#,מטרופולין,3,23012
144893015,8962854,37588004_210526,2026-05-21T11:30:00+00:00,2026-05-21T12:14:08+00:00,2026-05-21,23397,15,12,מסוף עתידים-תל אביב יפו<->קריית חינוך-תל אביב יפו-1#,23012,1,#,מטרופולין,3,23012
144889343,8962855,37588193_210526,2026-05-21T11:30:00+00:00,2026-05-21T12:13:54+00:00,2026-05-21,23398,15,12,קריית חינוך-תל אביב יפו<->מסוף עתידים-תל אביב יפו-2#,23012,2,#,מטרופולין,3,23012
144916408,8962855,37588194_210526,2026-05-21T12:00:00+00:00,2026-05-21T12:43:54+00:00,2026-05-21,23398,15,12,קריית חינוך-תל אביב יפו<->מסוף עתידים-תל אביב יפו-2#,23012,2,#,מטרופולין,3,23012
144894612,8962854,37588005_210526,2026-05-21T12:00:00+00:00,2026-05-21T12:44:08+00:00,2026-05-21,23397,15,12,מסוף עתידים-תל אביב יפו<->קריית חינוך-תל אביב יפו-1#,23012,1,#,מטרופולין,3,23012
144488374,8943629,25080576_170526,2026-05-18T03:00:00+00:00,2026-05-18T03:41:29+00:00,2026-05-18,16352,15,91,השונית/יורדי ים-הרצליה<->מסוף הטייסים-תל אביב יפו-1#,40091,1,#,מטרופולין,3,40091
144501801,8943630,584655239_170526,2026-05-18T03:05:00+00:00,2026-05-18T03:46:59+00:00,2026-05-18,16353,15,91,מסוף הטייסים-תל אביב יפו<->השונית/יורדי ים-הרצליה-2#,40091,2,#,מטרופולין,3,40091
144494227,8943629,33035934_170526,2026-05-18T03:30:00+00:00,2026-05-18T04:11:29+00:00,2026-05-18,16352,15,91,השונית/יורדי ים-הרצליה<->מסוף הטייסים-תל אביב יפו-1#,40091,1,#,מטרופולין,3,40091
144491602,8943630,19065487_170526,2026-05-18T03:50:00+00:00,2026-05-18T04:31:59+00:00,2026-05-18,16353,15,91,מסוף הטייסים-תל אביב יפו<->השונית/יורדי ים-הרצליה-2#,40091,2,#,מטרופולין,3,40091
144488376,8943629,44980234_170526,2026-05-18T04:00:00+00:00,2026-05-18T04:41:29+00:00,2026-05-18,16352,15,91,השונית/יורדי ים-הרצליה<->מסוף הטייסים-תל אביב יפו-1#,40091,1,#,מטרופולין,3,40091
144491533,8943630,19065492_170526,2026-05-18T04:10:00+00:00,2026-05-18T04:51:59+00:00,2026-05-18,16353,15,91,מסוף הטייסים-תל אביב יפו<->השונית/יורדי ים-הרצליה-2#,40091,2,#,מטרופולין,3,40091
144493953,8943630,19065497_170526,2026-05-18T04:30:00+00:00,2026-05-18T05:11:59+00:00,2026-05-18,16353,15,91,מסוף הטייסים-תל אביב יפו<->השונית/יורדי ים-הרצליה-2#,40091,2,#,מטרופולין,3,40091
144488377,8943630,19065502_170526,2026-05-18T04:50:00+00:00,2026-05-18T05:31:59+00:00,2026-05-18,16353,15,91,מסוף הטייסים-תל אביב יפו<->השונית/יורדי ים-הרצליה-2#,40091,2,#,מטרופולין,3,40091
144491599,8943629,25080591_170526,2026-05-18T05:00:00+00:00,2026-05-18T05:41:29+00:00,2026-05-18,16352,15,91,השונית/יורדי ים-הרצליה<->מסוף הטייסים-תל אביב יפו-1#,40091,1,#,מטרופולין,3,40091
144501798,8943630,19065507_170526,2026-05-18T05:10:00+00:00,2026-05-18T05:51:59+00:00,2026-05-18,16353,15,91,מסוף הטייסים-תל אביב יפו<->השונית/יורדי ים-הרצליה-2#,40091,2,#,מטרופולין,3,40091
144493951,8943629,25080596_170526,2026-05-18T05:20:00+00:00,2026-05-18T06:01:29+00:00,2026-05-18,16352,15,91,השונית/יורדי ים-הרצליה<->מסוף הטייסים-תל אביב יפו-1#,40091,1,#,מטרופולין,3,40091
144501800,8943630,23862093_170526,2026-05-18T05:25:00+00:00,2026-05-18T06:06:59+00:00,2026-05-18,16353,15,91,מסוף הטייסים-תל אביב יפו<->השונית/יורדי ים-הרצליה-2#,40091,2,#,מטרופולין,3,40091
144557050,8943629,25080601_170526,2026-05-18T05:40:00+00:00,2026-05-18T06:21:29+00:00,2026-05-18,16352,15,91,השונית/יורדי ים-הרצליה<->מסוף הטייסים-תל אביב יפו-1#,40091,1,#,מטרופולין,3,40091
144557055,8943630,585273397_170526,2026-05-18T05:55:00+00:00,2026-05-18T06:36:59+00:00,2026-05-18,16353,15,91,מסוף הטייסים-תל אביב יפו<->השונית/יורדי ים-הרצליה-2#,40091,2,#,מטרופולין,3,40091
144494226,8943629,25080606_170526,2026-05-18T06:00:00+00:00,2026-05-18T06:41:29+00:00,2026-05-18,16352,15,91,השונית/יורדי ים-הרצליה<->מסוף הטייסים-תל אביב יפו-1#,40091,1,#,מטרופולין,3,40091
144501799,8943630,19065522_170526,2026-05-18T06:15:00+00:00,2026-05-18T06:56:59+00:00,2026-05-18,16353,15,91,מסוף הטייסים-תל אביב יפו<->השונית/יורדי ים-הרצליה-2#,40091,2,#,מטרופולין,3,40091
144492536,8943629,33035924_170526,2026-05-18T06:30:00+00:00,2026-05-18T07:11:29+00:00,2026-05-18,16352,15,91,השונית/יורדי ים-הרצליה<->מסוף הטייסים-תל אביב יפו-1#,40091,1,#,מטרופולין,3,40091
144494230,8943630,19065527_170526,2026-05-18T06:45:00+00:00,2026-05-18T07:26:59+00:00,2026-05-18,16353,15,91,מסוף הטייסים-תל אביב יפו<->השונית/יורדי ים-הרצליה-2#,40091,2,#,מטרופולין,3,40091
144491531,8943629,25080621_170526,2026-05-18T07:00:00+00:00,2026-05-18T07:41:29+00:00,2026-05-18,16352,15,91,השונית/יורדי ים-הרצליה<->מסוף הטייסים-תל אביב יפו-1#,40091,1,#,מטרופולין,3,40091
144492537,8943630,19065532_170526,2026-05-18T07:15:00+00:00,2026-05-18T07:56:59+00:00,2026-05-18,16353,15,91,מסוף הטייסים-תל אביב יפו<->השונית/יורדי ים-הרצליה-2#,40091,2,#,מטרופולין,3,40091
144557052,8943629,33035937_170526,2026-05-18T07:30:00+00:00,2026-05-18T08:11:29+00:00,2026-05-18,16352,15,91,השונית/יורדי ים-הרצליה<->מסוף הטייסים-תל אביב יפו-1#,40091,1,#,מטרופולין,3,40091
144491603,8943630,19065537_170526,2026-05-18T07:45:00+00:00,2026-05-18T08:26:59+00:00,2026-05-18,16353,15,91,מסוף הטייסים-תל אביב יפו<->השונית/יורדי ים-הרצליה-2#,40091,2,#,מטרופולין,3,40091
144491600,8943629,25080636_170526,2026-05-18T08:00:00+00:00,2026-05-18T08:41:29+00:00,2026-05-18,16352,15,91,השונית/יורדי ים-הרצליה<->מסוף הטייסים-תל אביב יפו-1#,40091,1,#,מטרופולין,3,40091
144501803,8943630,585532247_170526,2026-05-18T08:05:00+00:00,2026-05-18T08:46:59+00:00,2026-05-18,16353,15,91,מסוף הטייסים-תל אביב יפו<->השונית/יורדי ים-הרצליה-2#,40091,2,#,מטרופולין,3,40091
144557053,8943630,19065542_170526,2026-05-18T08:15:00+00:00,2026-05-18T08:56:59+00:00,2026-05-18,16353,15,91,מסוף הטייסים-תל אביב יפו<->השונית/יורדי ים-הרצליה-2#,40091,2,#,מטרופולין,3,40091
144488375,8943629,33035933_170526,2026-05-18T08:30:00+00:00,2026-05-18T09:11:29+00:00,2026-05-18,16352,15,91,השונית/יורדי ים-הרצליה<->מסוף הטייסים-תל אביב יפו-1#,40091,1,#,מטרופולין,3,40091
144492538,8943630,19065547_170526,2026-05-18T08:45:00+00:00,2026-05-18T09:26:59+00:00,2026-05-18,16353,15,91,מסוף הטייסים-תל אביב יפו<->השונית/יורדי ים-הרצליה-2#,40091,2,#,מטרופולין,3,40091
144491601,8943629,25080651_170526,2026-05-18T09:00:00+00:00,2026-05-18T09:41:29+00:00,2026-05-18,16352,15,91,השונית/יורדי ים-הרצליה<->מסוף הטייסים-תל אביב יפו-1#,40091,1,#,מטרופולין,3,40091
144494231,8943630,19065552_170526,2026-05-18T09:15:00+00:00,2026-05-18T09:56:59+00:00,2026-05-18,16353,15,91,מסוף הטייסים-תל אביב יפו<->השונית/יורדי ים-הרצליה-2#,40091,2,#,מטרופולין,3,40091
144493952,8943629,33035926_170526,2026-05-18T09:30:00+00:00,2026-05-18T10:11:29+00:00,2026-05-18,16352,15,91,השונית/יורדי ים-הרצליה<->מסוף הטייסים-תל אביב יפו-1#,40091,1,#,מטרופולין,3,40091
144491534,8943630,19065557_170526,2026-05-18T09:45:00+00:00,2026-05-18T10:26:59+00:00,2026-05-18,16353,15,91,מסוף הטייסים-תל אביב יפו<->השונית/יורדי ים-הרצליה-2#,40091,2,#,מטרופולין,3,40091
144491480,8943629,19065377_170526,2026-05-18T10:00:00+00:00,2026-05-18T10:41:29+00:00,2026-05-18,16352,15,91,השונית/יורדי ים-הרצליה<->מסוף הטייסים-תל אביב יפו-1#,40091,1,#,מטרופולין,3,40091
144494229,8943629,586077643_170526,2026-05-18T10:15:00+00:00,2026-05-18T10:56:29+00:00,2026-05-18,16352,15,91,השונית/יורדי ים-הרצליה<->מסוף הטייסים-תל אביב יפו-1#,40091,1,#,מטרופולין,3,40091
144492540,8943630,584888731_170526,2026-05-18T10:15:00+00:00,2026-05-18T10:56:59+00:00,2026-05-18,16353,15,91,מסוף הטייסים-תל אביב יפו<->השונית/יורדי ים-הרצליה-2#,40091,2,#,מטרופולין,3,40091
144493950,8943629,19065382_170526,2026-05-18T10:30:00+00:00,2026-05-18T11:11:29+00:00,2026-05-18,16352,15,91,השונית/יורדי ים-הרצליה<->מסוף הטייסים-תל אביב יפו-1#,40091,1,#,מטרופולין,3,40091
144501802,8943630,584888732_170526,2026-05-18T10:45:00+00:00,2026-05-18T11:26:59+00:00,2026-05-18,16353,15,91,מסוף הטייסים-תל אביב יפו<->השונית/יורדי ים-הרצליה-2#,40091,2,#,מטרופולין,3,40091
144494221,8943629,19065387_170526,2026-05-18T11:00:00+00:00,2026-05-18T11:41:29+00:00,2026-05-18,16352,15,91,השונית/יורדי ים-הרצליה<->מסוף הטייסים-תל אביב יפו-1#,40091,1,#,מטרופולין,3,40091
144493954,8943630,584888733_170526,2026-05-18T11:15:00+00:00,2026-05-18T11:56:59+00:00,2026-05-18,16353,15,91,מסוף הטייסים-תל אביב יפו<->השונית/יורדי ים-הרצליה-2#,40091,2,#,מטרופולין,3,40091
144494222,8943629,19065392_170526,2026-05-18T11:30:00+00:00,2026-05-18T12:11:29+00:00,2026-05-18,16352,15,91,השונית/יורדי ים-הרצליה<->מסוף הטייסים-תל אביב יפו-1#,40091,1,#,מטרופולין,3,40091
144492541,8943630,584888734_170526,2026-05-18T11:45:00+00:00,2026-05-18T12:26:59+00:00,2026-05-18,16353,15,91,מסוף הטייסים-תל אביב יפו<->השונית/יורדי ים-הרצליה-2#,40091,2,#,מטרופולין,3,40091
144491598,8943629,19065397_170526,2026-05-18T12:00:00+00:00,2026-05-18T12:41:29+00:00,2026-05-18,16352,15,91,השונית/יורדי ים-הרצליה<->מסוף הטייסים-תל אביב יפו-1#,40091,1,#,מטרופולין,3,40091
144491604,8943630,25080776_170526,2026-05-18T12:15:00+00:00,2026-05-18T12:56:59+00:00,2026-05-18,16353,15,91,מסוף הטייסים-תל אביב יפו<->השונית/יורדי ים-הרצליה-2#,40091,2,#,מטרופולין,3,40091
144492535,8943629,22761113_170526,2026-05-18T12:30:00+00:00,2026-05-18T13:11:29+00:00,2026-05-18,16352,15,91,השונית/יורדי ים-הרצליה<->מסוף הטייסים-תל אביב יפו-1#,40091,1,#,מטרופולין,3,40091
144488378,8943630,25080786_170526,2026-05-18T12:45:00+00:00,2026-05-18T13:26:59+00:00,2026-05-18,16353,15,91,מסוף הטייסים-תל אביב יפו<->השונית/יורדי ים-הרצליה-2#,40091,2,#,מטרופולין,3,40091
144494223,8943629,19065412_170526,2026-05-18T13:00:00+00:00,2026-05-18T13:41:29+00:00,2026-05-18,16352,15,91,השונית/יורדי ים-הרצליה<->מסוף הטייסים-תל אביב יפו-1#,40091,1,#,מטרופולין,3,40091
144557054,8943630,584888735_170526,2026-05-18T13:15:00+00:00,2026-05-18T13:56:59+00:00,2026-05-18,16353,15,91,מסוף הטייסים-תל אביב יפו<->השונית/יורדי ים-הרצליה-2#,40091,2,#,מטרופולין,3,40091
144557051,8943629,33035925_170526,2026-05-18T13:30:00+00:00,2026-05-18T14:11:29+00:00,2026-05-18,16352,15,91,השונית/יורדי ים-הרצליה<->מסוף הטייסים-תל אביב יפו-1#,40091,1,#,מטרופולין,3,40091
144493955,8943630,584888736_170526,2026-05-18T13:45:00+00:00,2026-05-18T14:26:59+00:00,2026-05-18,16353,15,91,מסוף הטייסים-תל אביב יפו<->השונית/יורדי ים-הרצליה-2#,40091,2,#,מטרופולין,3,40091
144492534,8943629,19065427_170526,2026-05-18T14:00:00+00:00,2026-05-18T14:41:29+00:00,2026-05-18,16352,15,91,השונית/יורדי ים-הרצליה<->מסוף הטייסים-תל אביב יפו-1#,40091,1,#,מטרופולין,3,40091
144492542,8943630,584888737_170526,2026-05-18T14:15:00+00:00,2026-05-18T14:56:59+00:00,2026-05-18,16353,15,91,מסוף הטייסים-תל אביב יפו<->השונית/יורדי ים-הרצליה-2#,40091,2,#,מטרופולין,3,40091
144494225,8943629,22761118_170526,2026-05-18T14:30:00+00:00,2026-05-18T15:11:29+00:00,2026-05-18,16352,15,91,השונית/יורדי ים-הרצליה<->מסוף הטייסים-תל אביב יפו-1#,40091,1,#,מטרופולין,3,40091
144491535,8943630,584888738_170526,2026-05-18T14:45:00+00:00,2026-05-18T15:26:59+00:00,2026-05-18,16353,15,91,מסוף הטייסים-תל אביב יפו<->השונית/יורדי ים-הרצליה-2#,40091,2,#,מטרופולין,3,40091
144488373,8943629,19065442_170526,2026-05-18T15:00:00+00:00,2026-05-18T15:41:29+00:00,2026-05-18,16352,15,91,השונית/יורדי ים-הרצליה<->מסוף הטייסים-תל אביב יפו-1#,40091,1,#,מטרופולין,3,40091
144491605,8943630,25080816_170526,2026-05-18T15:20:00+00:00,2026-05-18T16:01:59+00:00,2026-05-18,16353,15,91,מסוף הטייסים-תל אביב יפו<->השונית/יורדי ים-הרצליה-2#,40091,2,#,מטרופולין,3,40091
144501797,8943629,22761120_170526,2026-05-18T15:30:00+00:00,2026-05-18T16:11:29+00:00,2026-05-18,16352,15,91,השונית/יורדי ים-הרצליה<->מסוף הטייסים-תל אביב יפו-1#,40091,1,#,מטרופולין,3,40091
144492543,8943630,585888255_170526,2026-05-18T15:55:00+00:00,2026-05-18T16:36:59+00:00,2026-05-18,16353,15,91,מסוף הטייסים-תל אביב יפו<->השונית/יורדי ים-הרצליה-2#,40091,2,#,מטרופולין,3,40091
144491481,8943629,22761121_170526,2026-05-18T16:00:00+00:00,2026-05-18T16:41:29+00:00,2026-05-18,16352,15,91,השונית/יורדי ים-הרצליה<->מסוף הטייסים-תל אביב יפו-1#,40091,1,#,מטרופולין,3,40091
144491532,8943629,44980259_170526,2026-05-18T16:30:00+00:00,2026-05-18T17:11:29+00:00,2026-05-18,16352,15,91,השונית/יורדי ים-הרצליה<->מסוף הטייסים-תל אביב יפו-1#,40091,1,#,מטרופולין,3,40091
144491536,8943630,585888256_170526,2026-05-18T16:40:00+00:00,2026-05-18T17:21:59+00:00,2026-05-18,16353,15,91,מסוף הטייסים-תל אביב יפו<->השונית/יורדי ים-הרצליה-2#,40091,2,#,מטרופולין,3,40091
144494228,8943629,33035936_170526,2026-05-18T17:00:00+00:00,2026-05-18T17:41:29+00:00,2026-05-18,16352,15,91,השונית/יורדי ים-הרצליה<->מסוף הטייסים-תל אביב יפו-1#,40091,1,#,מטרופולין,3,40091
144493956,8943630,585888257_170526,2026-05-18T17:25:00+00:00,2026-05-18T18:06:59+00:00,2026-05-18,16353,15,91,מסוף הטייסים-תל אביב יפו<->השונית/יורדי ים-הרצליה-2#,40091,2,#,מטרופולין,3,40091
144494224,8943629,19065472_170526,2026-05-18T17:45:00+00:00,2026-05-18T18:26:29+00:00,2026-05-18,16352,15,91,השונית/יורדי ים-הרצליה<->מסוף הטייסים-תל אביב יפו-1#,40091,1,#,מטרופולין,3,40091
144488379,8943630,585888258_170526,2026-05-18T18:10:00+00:00,2026-05-18T18:51:59+00:00,2026-05-18,16353,15,91,מסוף הטייסים-תל אביב יפו<->השונית/יורדי ים-הרצליה-2#,40091,2,#,מטרופולין,3,40091
144557049,8943629,19065477_170526,2026-05-18T18:15:00+00:00,2026-05-18T18:56:29+00:00,2026-05-18,16352,15,91,השונית/יורדי ים-הרצליה<->מסוף הטייסים-תל אביב יפו-1#,40091,1,#,מטרופולין,3,40091
144492539,8943630,44980429_170526,2026-05-18T19:00:00+00:00,2026-05-18T19:41:59+00:00,2026-05-18,16353,15,91,מסוף הטייסים-תל אביב יפו<->השונית/יורדי ים-הרצליה-2#,40091,2,#,מטרופולין,3,40091
144637211,8950043,25080576_180526,2026-05-19T03:00:00+00:00,2026-05-19T03:41:29+00:00,2026-05-19,16352,15,91,השונית/יורדי ים-הרצליה<->מסוף הטייסים-תל אביב יפו-1#,40091,1,#,מטרופולין,3,40091
144641495,8950044,584655239_180526,2026-05-19T03:05:00+00:00,2026-05-19T03:46:59+00:00,2026-05-19,16353,15,91,מסוף הטייסים-תל אביב יפו<->השונית/יורדי ים-הרצליה-2#,40091,2,#,מטרופולין,3,40091
144636155,8950043,33035934_180526,2026-05-19T03:30:00+00:00,2026-05-19T04:11:29+00:00,2026-05-19,16352,15,91,השונית/יורדי ים-הרצליה<->מסוף הטייסים-תל אביב יפו-1#,40091,1,#,מטרופולין,3,40091
144643949,8950044,19065487_180526,2026-05-19T03:50:00+00:00,2026-05-19T04:31:59+00:00,2026-05-19,16353,15,91,מסוף הטייסים-תל אביב יפו<->השונית/יורדי ים-הרצליה-2#,40091,2,#,מטרופולין,3,40091
144643878,8950043,44980234_180526,2026-05-19T04:00:00+00:00,2026-05-19T04:41:29+00:00,2026-05-19,16352,15,91,השונית/יורדי ים-הרצליה<->מסוף הטייסים-תל אביב יפו-1#,40091,1,#,מטרופולין,3,40091
144643950,8950044,19065492_180526,2026-05-19T04:10:00+00:00,2026-05-19T04:51:59+00:00,2026-05-19,16353,15,91,מסוף הטייסים-תל אביב יפו<->השונית/יורדי ים-הרצליה-2#,40091,2,#,מטרופולין,3,40091
144643951,8950044,19065497_180526,2026-05-19T04:30:00+00:00,2026-05-19T05:11:59+00:00,2026-05-19,16353,15,91,מסוף הטייסים-תל אביב יפו<->השונית/יורדי ים-הרצליה-2#,40091,2,#,מטרופולין,3,40091
144637291,8950044,19065502_180526,2026-05-19T04:50:00+00:00,2026-05-19T05:31:59+00:00,2026-05-19,16353,15,91,מסוף הטייסים-תל אביב יפו<->השונית/יורדי ים-הרצליה-2#,40091,2,#,מטרופולין,3,40091
144636151,8950043,25080591_180526,2026-05-19T05:00:00+00:00,2026-05-19T05:41:29+00:00,2026-05-19,16352,15,91,השונית/יורדי ים-הרצליה<->מסוף הטייסים-תל אביב יפו-1#,40091,1,#,מטרופולין,3,40091
144637292,8950044,19065507_180526,2026-05-19T05:10:00+00:00,2026-05-19T05:51:59+00:00,2026-05-19,16353,15,91,מסוף הטייסים-תל אביב יפו<->השונית/יורדי ים-הרצליה-2#,40091,2,#,מטרופולין,3,40091
144643868,8950043,25080596_180526,2026-05-19T05:20:00+00:00,2026-05-19T06:01:29+00:00,2026-05-19,16352,15,91,השונית/יורדי ים-הרצליה<->מסוף הטייסים-תל אביב יפו-1#,40091,1,#,מטרופולין,3,40091
144631842,8950044,23862093_180526,2026-05-19T05:25:00+00:00,2026-05-19T06:06:59+00:00,2026-05-19,16353,15,91,מסוף הטייסים-תל אביב יפו<->השונית/יורדי ים-הרצליה-2#,40091,2,#,מטרופולין,3,40091
144700973,8950043,25080601_180526,2026-05-19T05:40:00+00:00,2026-05-19T06:21:29+00:00,2026-05-19,16352,15,91,השונית/יורדי ים-הרצליה<->מסוף הטייסים-תל אביב יפו-1#,40091,1,#,מטרופולין,3,40091
144643965,8950044,585273397_180526,2026-05-19T05:55:00+00:00,2026-05-19T06:36:59+00:00,2026-05-19,16353,15,91,מסוף הטייסים-תל אביב יפו<->השונית/יורדי ים-הרצליה-2#,40091,2,#,מטרופולין,3,40091
144641508,8950043,25080606_180526,2026-05-19T06:00:00+00:00,2026-05-19T06:41:29+00:00,2026-05-19,16352,15,91,השונית/יורדי ים-הרצליה<->מסוף הטייסים-תל אביב יפו-1#,40091,1,#,מטרופולין,3,40091
144634011,8950044,19065522_180526,2026-05-19T06:15:00+00:00,2026-05-19T06:56:59+00:00,2026-05-19,16353,15,91,מסוף הטייסים-תל אביב יפו<->השונית/יורדי ים-הרצליה-2#,40091,2,#,מטרופולין,3,40091
144641464,8950043,33035924_180526,2026-05-19T06:30:00+00:00,2026-05-19T07:11:29+00:00,2026-05-19,16352,15,91,השונית/יורדי ים-הרצליה<->מסוף הטייסים-תל אביב יפו-1#,40091,1,#,מטרופולין,3,40091
144700975,8950044,19065527_180526,2026-05-19T06:45:00+00:00,2026-05-19T07:26:59+00:00,2026-05-19,16353,15,91,מסוף הטייסים-תל אביב יפו<->השונית/יורדי ים-הרצליה-2#,40091,2,#,מטרופולין,3,40091
144641462,8950043,25080621_180526,2026-05-19T07:00:00+00:00,2026-05-19T07:41:29+00:00,2026-05-19,16352,15,91,השונית/יורדי ים-הרצליה<->מסוף הטייסים-תל אביב יפו-1#,40091,1,#,מטרופולין,3,40091
144641490,8950044,19065532_180526,2026-05-19T07:15:00+00:00,2026-05-19T07:56:59+00:00,2026-05-19,16353,15,91,מסוף הטייסים-תל אביב יפו<->השונית/יורדי ים-הרצליה-2#,40091,2,#,מטרופולין,3,40091
144637220,8950043,33035937_180526,2026-05-19T07:30:00+00:00,2026-05-19T08:11:29+00:00,2026-05-19,16352,15,91,השונית/יורדי ים-הרצליה<->מסוף הטייסים-תל אביב יפו-1#,40091,1,#,מטרופולין,3,40091
144631839,8950044,19065537_180526,2026-05-19T07:45:00+00:00,2026-05-19T08:26:59+00:00,2026-05-19,16353,15,91,מסוף הטייסים-תל אביב יפו<->השונית/יורדי ים-הרצליה-2#,40091,2,#,מטרופולין,3,40091
144637215,8950043,25080636_180526,2026-05-19T08:00:00+00:00,2026-05-19T08:41:29+00:00,2026-05-19,16352,15,91,השונית/יורדי ים-הרצליה<->מסוף הטייסים-תל אביב יפו-1#,40091,1,#,מטרופולין,3,40091
144641575,8950044,585532247_180526,2026-05-19T08:05:00+00:00,2026-05-19T08:46:59+00:00,2026-05-19,16353,15,91,מסוף הטייסים-תל אביב יפו<->השונית/יורדי ים-הרצליה-2#,40091,2,#,מטרופולין,3,40091
144636184,8950044,19065542_180526,2026-05-19T08:15:00+00:00,2026-05-19T08:56:59+00:00,2026-05-19,16353,15,91,מסוף הטייסים-תל אביב יפו<->השונית/יורדי ים-הרצליה-2#,40091,2,#,מטרופולין,3,40091
144636153,8950043,33035933_180526,2026-05-19T08:30:00+00:00,2026-05-19T09:11:29+00:00,2026-05-19,16352,15,91,השונית/יורדי ים-הרצליה<->מסוף הטייסים-תל אביב יפו-1#,40091,1,#,מטרופולין,3,40091
144643953,8950044,19065547_180526,2026-05-19T08:45:00+00:00,2026-05-19T09:26:59+00:00,2026-05-19,16353,15,91,מסוף הטייסים-תל אביב יפו<->השונית/יורדי ים-הרצליה-2#,40091,2,#,מטרופולין,3,40091
144641509,8950043,25080651_180526,2026-05-19T09:00:00+00:00,2026-05-19T09:41:29+00:00,2026-05-19,16352,15,91,השונית/יורדי ים-הרצליה<->מסוף הטייסים-תל אביב יפו-1#,40091,1,#,מטרופולין,3,40091
144636186,8950044,19065552_180526,2026-05-19T09:15:00+00:00,2026-05-19T09:56:59+00:00,2026-05-19,16353,15,91,מסוף הטייסים-תל אביב יפו<->השונית/יורדי ים-הרצליה-2#,40091,2,#,מטרופולין,3,40091
144641465,8950043,33035926_180526,2026-05-19T09:30:00+00:00,2026-05-19T10:11:29+00:00,2026-05-19,16352,15,91,השונית/יורדי ים-הרצליה<->מסוף הטייסים-תל אביב יפו-1#,40091,1,#,מטרופולין,3,40091
144631840,8950044,19065557_180526,2026-05-19T09:45:00+00:00,2026-05-19T10:26:59+00:00,2026-05-19,16353,15,91,מסוף הטייסים-תל אביב יפו<->השונית/יורדי ים-הרצליה-2#,40091,2,#,מטרופולין,3,40091
144637198,8950043,19065377_180526,2026-05-19T10:00:00+00:00,2026-05-19T10:41:29+00:00,2026-05-19,16352,15,91,השונית/יורדי ים-הרצליה<->מסוף הטייסים-תל אביב יפו-1#,40091,1,#,מטרופולין,3,40091
144641510,8950043,586077643_180526,2026-05-19T10:15:00+00:00,2026-05-19T10:56:29+00:00,2026-05-19,16352,15,91,השונית/יורדי ים-הרצליה<->מסוף הטייסים-תל אביב יפו-1#,40091,1,#,מטרופולין,3,40091
144631843,8950044,584888731_180526,2026-05-19T10:15:00+00:00,2026-05-19T10:56:59+00:00,2026-05-19,16353,15,91,מסוף הטייסים-תל אביב יפו<->השונית/יורדי ים-הרצליה-2#,40091,2,#,מטרופולין,3,40091
144631732,8950043,19065382_180526,2026-05-19T10:30:00+00:00,2026-05-19T11:11:29+00:00,2026-05-19,16352,15,91,השונית/יורדי ים-הרצליה<->מסוף הטייסים-תל אביב יפו-1#,40091,1,#,מטרופולין,3,40091
144636190,8950044,584888732_180526,2026-05-19T10:45:00+00:00,2026-05-19T11:26:59+00:00,2026-05-19,16353,15,91,מסוף הטייסים-תל אביב יפו<->השונית/יורדי ים-הרצליה-2#,40091,2,#,מטרופולין,3,40091
144631733,8950043,19065387_180526,2026-05-19T11:00:00+00:00,2026-05-19T11:41:29+00:00,2026-05-19,16352,15,91,השונית/יורדי ים-הרצליה<->מסוף הטייסים-תל אביב יפו-1#,40091,1,#,מטרופולין,3,40091
144641496,8950044,584888733_180526,2026-05-19T11:15:00+00:00,2026-05-19T11:56:59+00:00,2026-05-19,16353,15,91,מסוף הטייסים-תל אביב יפו<->השונית/יורדי ים-הרצליה-2#,40091,2,#,מטרופולין,3,40091
144641493,8950043,19065392_180526,2026-05-19T11:30:00+00:00,2026-05-19T12:11:29+00:00,2026-05-19,16352,15,91,השונית/יורדי ים-הרצליה<->מסוף הטייסים-תל אביב יפו-1#,40091,1,#,מטרופולין,3,40091
144634018,8950044,584888734_180526,2026-05-19T11:45:00+00:00,2026-05-19T12:26:59+00:00,2026-05-19,16353,15,91,מסוף הטייסים-תל אביב יפו<->השונית/יורדי ים-הרצליה-2#,40091,2,#,מטרופולין,3,40091
144700970,8950043,19065397_180526,2026-05-19T12:00:00+00:00,2026-05-19T12:41:29+00:00,2026-05-19,16352,15,91,השונית/יורדי ים-הרצליה<->מסוף הטייסים-תל אביב יפו-1#,40091,1,#,מטרופולין,3,40091
144634015,8950044,25080776_180526,2026-05-19T12:15:00+00:00,2026-05-19T12:56:59+00:00,2026-05-19,16353,15,91,מסוף הטייסים-תל אביב יפו<->השונית/יורדי ים-הרצליה-2#,40091,2,#,מטרופולין,3,40091
144643862,8950043,22761113_180526,2026-05-19T12:30:00+00:00,2026-05-19T13:11:29+00:00,2026-05-19,16352,15,91,השונית/יורדי ים-הרצליה<->מסוף הטייסים-תל אביב יפו-1#,40091,1,#,מטרופולין,3,40091
144643954,8950044,25080786_180526,2026-05-19T12:45:00+00:00,2026-05-19T13:26:59+00:00,2026-05-19,16353,15,91,מסוף הטייסים-תל אביב יפו<->השונית/יורדי ים-הרצליה-2#,40091,2,#,מטרופולין,3,40091
144700971,8950043,19065412_180526,2026-05-19T13:00:00+00:00,2026-05-19T13:41:29+00:00,2026-05-19,16352,15,91,השונית/יורדי ים-הרצליה<->מסוף הטייסים-תל אביב יפו-1#,40091,1,#,מטרופולין,3,40091
144700976,8950044,584888735_180526,2026-05-19T13:15:00+00:00,2026-05-19T13:56:59+00:00,2026-05-19,16353,15,91,מסוף הטייסים-תל אביב יפו<->השונית/יורדי ים-הרצליה-2#,40091,2,#,מטרופולין,3,40091
144643877,8950043,33035925_180526,2026-05-19T13:30:00+00:00,2026-05-19T14:11:29+00:00,2026-05-19,16352,15,91,השונית/יורדי ים-הרצליה<->מסוף הטייסים-תל אביב יפו-1#,40091,1,#,מטרופולין,3,40091
144641499,8950044,584888736_180526,2026-05-19T13:45:00+00:00,2026-05-19T14:26:59+00:00,2026-05-19,16353,15,91,מסוף הטייסים-תל אביב יפו<->השונית/יורדי ים-הרצליה-2#,40091,2,#,מטרופולין,3,40091
144636143,8950043,19065427_180526,2026-05-19T14:00:00+00:00,2026-05-19T14:41:29+00:00,2026-05-19,16352,15,91,השונית/יורדי ים-הרצליה<->מסוף הטייסים-תל אביב יפו-1#,40091,1,#,מטרופולין,3,40091
144641563,8950044,584888737_180526,2026-05-19T14:15:00+00:00,2026-05-19T14:56:59+00:00,2026-05-19,16353,15,91,מסוף הטייסים-תל אביב יפו<->השונית/יורדי ים-הרצליה-2#,40091,2,#,מטרופולין,3,40091
144643867,8950043,22761118_180526,2026-05-19T14:30:00+00:00,2026-05-19T15:11:29+00:00,2026-05-19,16352,15,91,השונית/יורדי ים-הרצליה<->מסוף הטייסים-תל אביב יפו-1#,40091,1,#,מטרופולין,3,40091
144641574,8950044,584888738_180526,2026-05-19T14:45:00+00:00,2026-05-19T15:26:59+00:00,2026-05-19,16353,15,91,מסוף הטייסים-תל אביב יפו<->השונית/יורדי ים-הרצליה-2#,40091,2,#,מטרופולין,3,40091
144637208,8950043,19065442_180526,2026-05-19T15:00:00+00:00,2026-05-19T15:41:29+00:00,2026-05-19,16352,15,91,השונית/יורדי ים-הרצליה<->מסוף הטייסים-תל אביב יפו-1#,40091,1,#,מטרופולין,3,40091
144636187,8950044,25080816_180526,2026-05-19T15:20:00+00:00,2026-05-19T16:01:59+00:00,2026-05-19,16353,15,91,מסוף הטייסים-תל אביב יפו<->השונית/יורדי ים-הרצליה-2#,40091,2,#,מטרופולין,3,40091
144633981,8950043,22761120_180526,2026-05-19T15:30:00+00:00,2026-05-19T16:11:29+00:00,2026-05-19,16352,15,91,השונית/יורדי ים-הרצליה<->מסוף הטייסים-תל אביב יפו-1#,40091,1,#,מטרופולין,3,40091
144643968,8950044,585888255_180526,2026-05-19T15:55:00+00:00,2026-05-19T16:36:59+00:00,2026-05-19,16353,15,91,מסוף הטייסים-תל אביב יפו<->השונית/יורדי ים-הרצליה-2#,40091,2,#,מטרופולין,3,40091
144700972,8950043,22761121_180526,2026-05-19T16:00:00+00:00,2026-05-19T16:41:29+00:00,2026-05-19,16352,15,91,השונית/יורדי ים-הרצליה<->מסוף הטייסים-תל אביב יפו-1#,40091,1,#,מטרופולין,3,40091
144700974,8950043,44980259_180526,2026-05-19T16:30:00+00:00,2026-05-19T17:11:29+00:00,2026-05-19,16352,15,91,השונית/יורדי ים-הרצליה<->מסוף הטייסים-תל אביב יפו-1#,40091,1,#,מטרופולין,3,40091
144641576,8950044,585888256_180526,2026-05-19T16:40:00+00:00,2026-05-19T17:21:59+00:00,2026-05-19,16353,15,91,מסוף הטייסים-תל אביב יפו<->השונית/יורדי ים-הרצליה-2#,40091,2,#,מטרופולין,3,40091
144637218,8950043,33035936_180526,2026-05-19T17:00:00+00:00,2026-05-19T17:41:29+00:00,2026-05-19,16352,15,91,השונית/יורדי ים-הרצליה<->מסוף הטייסים-תל אביב יפו-1#,40091,1,#,מטרופולין,3,40091
144641578,8950044,585888257_180526,2026-05-19T17:25:00+00:00,2026-05-19T18:06:59+00:00,2026-05-19,16353,15,91,מסוף הטייסים-תל אביב יפו<->השונית/יורדי ים-הרצליה-2#,40091,2,#,מטרופולין,3,40091
144633976,8950043,19065472_180526,2026-05-19T17:45:00+00:00,2026-05-19T18:26:29+00:00,2026-05-19,16352,15,91,השונית/יורדי ים-הרצליה<->מסוף הטייסים-תל אביב יפו-1#,40091,1,#,מטרופולין,3,40091
144641579,8950044,585888258_180526,2026-05-19T18:10:00+00:00,2026-05-19T18:51:59+00:00,2026-05-19,16353,15,91,מסוף הטייסים-תל אביב יפו<->השונית/יורדי ים-הרצליה-2#,40091,2,#,מטרופולין,3,40091
144631735,8950043,19065477_180526,2026-05-19T18:15:00+00:00,2026-05-19T18:56:29+00:00,2026-05-19,16352,15,91,השונית/יורדי ים-הרצליה<->מסוף הטייסים-תל אביב יפו-1#,40091,1,#,מטרופולין,3,40091
144641494,8950044,44980429_180526,2026-05-19T19:00:00+00:00,2026-05-19T19:41:59+00:00,2026-05-19,16353,15,91,מסוף הטייסים-תל אביב יפו<->השונית/יורדי ים-הרצליה-2#,40091,2,#,מטרופולין,3,40091
144781247,8956450,25080576_190526,2026-05-20T03:00:00+00:00,2026-05-20T03:41:29+00:00,2026-05-20,16352,15,91,השונית/יורדי ים-הרצליה<->מסוף הטייסים-תל אביב יפו-1#,40091,1,#,מטרופולין,3,40091
144778338,8956451,584655239_190526,2026-05-20T03:05:00+00:00,2026-05-20T03:46:59+00:00,2026-05-20,16353,15,91,מסוף הטייסים-תל אביב יפו<->השונית/יורדי ים-הרצליה-2#,40091,2,#,מטרופולין,3,40091
144784839,8956450,33035934_190526,2026-05-20T03:30:00+00:00,2026-05-20T04:11:29+00:00,2026-05-20,16352,15,91,השונית/יורדי ים-הרצליה<->מסוף הטייסים-תל אביב יפו-1#,40091,1,#,מטרופולין,3,40091
144784856,8956451,19065487_190526,2026-05-20T03:50:00+00:00,2026-05-20T04:31:59+00:00,2026-05-20,16353,15,91,מסוף הטייסים-תל אביב יפו<->השונית/יורדי ים-הרצליה-2#,40091,2,#,מטרופולין,3,40091
144783110,8956450,44980234_190526,2026-05-20T04:00:00+00:00,2026-05-20T04:41:29+00:00,2026-05-20,16352,15,91,השונית/יורדי ים-הרצליה<->מסוף הטייסים-תל אביב יפו-1#,40091,1,#,מטרופולין,3,40091
144845699,8956451,19065492_190526,2026-05-20T04:10:00+00:00,2026-05-20T04:51:59+00:00,2026-05-20,16353,15,91,מסוף הטייסים-תל אביב יפו<->השונית/יורדי ים-הרצליה-2#,40091,2,#,מטרופולין,3,40091
144845700,8956451,19065497_190526,2026-05-20T04:30:00+00:00,2026-05-20T05:11:59+00:00,2026-05-20,16353,15,91,מסוף הטייסים-תל אביב יפו<->השונית/יורדי ים-הרצליה-2#,40091,2,#,מטרופולין,3,40091
144781286,8956451,19065502_190526,2026-05-20T04:50:00+00:00,2026-05-20T05:31:59+00:00,2026-05-20,16353,15,91,מסוף הטייסים-תל אביב יפו<->השונית/יורדי ים-הרצליה-2#,40091,2,#,מטרופולין,3,40091
144783040,8956450,25080591_190526,2026-05-20T05:00:00+00:00,2026-05-20T05:41:29+00:00,2026-05-20,16352,15,91,השונית/יורדי ים-הרצליה<->מסוף הטייסים-תל אביב יפו-1#,40091,1,#,מטרופולין,3,40091
144784857,8956451,19065507_190526,2026-05-20T05:10:00+00:00,2026-05-20T05:51:59+00:00,2026-05-20,16353,15,91,מסוף הטייסים-תל אביב יפו<->השונית/יורדי ים-הרצליה-2#,40091,2,#,מטרופולין,3,40091
144781293,8956450,25080596_190526,2026-05-20T05:20:00+00:00,2026-05-20T06:01:29+00:00,2026-05-20,16352,15,91,השונית/יורדי ים-הרצליה<->מסוף הטייסים-תל אביב יפו-1#,40091,1,#,מטרופולין,3,40091
144783150,8956451,23862093_190526,2026-05-20T05:25:00+00:00,2026-05-20T06:06:59+00:00,2026-05-20,16353,15,91,מסוף הטייסים-תל אביב יפו<->השונית/יורדי ים-הרצליה-2#,40091,2,#,מטרופולין,3,40091
144845696,8956450,25080601_190526,2026-05-20T05:40:00+00:00,2026-05-20T06:21:29+00:00,2026-05-20,16352,15,91,השונית/יורדי ים-הרצליה<->מסוף הטייסים-תל אביב יפו-1#,40091,1,#,מטרופולין,3,40091
144781304,8956451,585273397_190526,2026-05-20T05:55:00+00:00,2026-05-20T06:36:59+00:00,2026-05-20,16353,15,91,מסוף הטייסים-תל אביב יפו<->השונית/יורדי ים-הרצליה-2#,40091,2,#,מטרופולין,3,40091
144783041,8956450,25080606_190526,2026-05-20T06:00:00+00:00,2026-05-20T06:41:29+00:00,2026-05-20,16352,15,91,השונית/יורדי ים-הרצליה<->מסוף הטייסים-תל אביב יפו-1#,40091,1,#,מטרופולין,3,40091
144845701,8956451,19065522_190526,2026-05-20T06:15:00+00:00,2026-05-20T06:56:59+00:00,2026-05-20,16353,15,91,מסוף הטייסים-תל אביב יפו<->השונית/יורדי ים-הרצליה-2#,40091,2,#,מטרופולין,3,40091
144784087,8956450,33035924_190526,2026-05-20T06:30:00+00:00,2026-05-20T07:11:29+00:00,2026-05-20,16352,15,91,השונית/יורדי ים-הרצליה<->מסוף הטייסים-תל אביב יפו-1#,40091,1,#,מטרופולין,3,40091
144779488,8956451,19065527_190526,2026-05-20T06:45:00+00:00,2026-05-20T07:26:59+00:00,2026-05-20,16353,15,91,מסוף הטייסים-תל אביב יפו<->השונית/יורדי ים-הרצליה-2#,40091,2,#,מטרופולין,3,40091
144781294,8956450,25080621_190526,2026-05-20T07:00:00+00:00,2026-05-20T07:41:29+00:00,2026-05-20,16352,15,91,השונית/יורדי ים-הרצליה<->מסוף הטייסים-תל אביב יפו-1#,40091,1,#,מטרופולין,3,40091
144779489,8956451,19065532_190526,2026-05-20T07:15:00+00:00,2026-05-20T07:56:59+00:00,2026-05-20,16353,15,91,מסוף הטייסים-תל אביב יפו<->השונית/יורדי ים-הרצליה-2#,40091,2,#,מטרופולין,3,40091
144845698,8956450,33035937_190526,2026-05-20T07:30:00+00:00,2026-05-20T08:11:29+00:00,2026-05-20,16352,15,91,השונית/יורדי ים-הרצליה<->מסוף הטייסים-תל אביב יפו-1#,40091,1,#,מטרופולין,3,40091
144781312,8956451,19065537_190526,2026-05-20T07:45:00+00:00,2026-05-20T08:26:59+00:00,2026-05-20,16353,15,91,מסוף הטייסים-תל אביב יפו<->השונית/יורדי ים-הרצליה-2#,40091,2,#,מטרופולין,3,40091
144783108,8956450,25080636_190526,2026-05-20T08:00:00+00:00,2026-05-20T08:41:29+00:00,2026-05-20,16352,15,91,השונית/יורדי ים-הרצליה<->מסוף הטייסים-תל אביב יפו-1#,40091,1,#,מטרופולין,3,40091
144784094,8956451,585532247_190526,2026-05-20T08:05:00+00:00,2026-05-20T08:46:59+00:00,2026-05-20,16353,15,91,מסוף הטייסים-תל אביב יפו<->השונית/יורדי ים-הרצליה-2#,40091,2,#,מטרופולין,3,40091
144784092,8956451,19065542_190526,2026-05-20T08:15:00+00:00,2026-05-20T08:56:59+00:00,2026-05-20,16353,15,91,מסוף הטייסים-תל אביב יפו<->השונית/יורדי ים-הרצליה-2#,40091,2,#,מטרופולין,3,40091
144845697,8956450,33035933_190526,2026-05-20T08:30:00+00:00,2026-05-20T09:11:29+00:00,2026-05-20,16352,15,91,השונית/יורדי ים-הרצליה<->מסוף הטייסים-תל אביב יפו-1#,40091,1,#,מטרופולין,3,40091
144778318,8956451,19065547_190526,2026-05-20T08:45:00+00:00,2026-05-20T09:26:59+00:00,2026-05-20,16353,15,91,מסוף הטייסים-תל אביב יפו<->השונית/יורדי ים-הרצליה-2#,40091,2,#,מטרופולין,3,40091
144781248,8956450,25080651_190526,2026-05-20T09:00:00+00:00,2026-05-20T09:41:29+00:00,2026-05-20,16352,15,91,השונית/יורדי ים-הרצליה<->מסוף הטייסים-תל אביב יפו-1#,40091,1,#,מטרופולין,3,40091
144781313,8956451,19065552_190526,2026-05-20T09:15:00+00:00,2026-05-20T09:56:59+00:00,2026-05-20,16353,15,91,מסוף הטייסים-תל אביב יפו<->השונית/יורדי ים-הרצליה-2#,40091,2,#,מטרופולין,3,40091
144784838,8956450,33035926_190526,2026-05-20T09:30:00+00:00,2026-05-20T10:11:29+00:00,2026-05-20,16352,15,91,השונית/יורדי ים-הרצליה<->מסוף הטייסים-תל אביב יפו-1#,40091,1,#,מטרופולין,3,40091
144784858,8956451,19065557_190526,2026-05-20T09:45:00+00:00,2026-05-20T10:26:59+00:00,2026-05-20,16353,15,91,מסוף הטייסים-תל אביב יפו<->השונית/יורדי ים-הרצליה-2#,40091,2,#,מטרופולין,3,40091
144845694,8956450,19065377_190526,2026-05-20T10:00:00+00:00,2026-05-20T10:41:29+00:00,2026-05-20,16352,15,91,השונית/יורדי ים-הרצליה<->מסוף הטייסים-תל אביב יפו-1#,40091,1,#,מטרופולין,3,40091
144784093,8956451,584888731_190526,2026-05-20T10:15:00+00:00,2026-05-20T10:56:59+00:00,2026-05-20,16353,15,91,מסוף הטייסים-תל אביב יפו<->השונית/יורדי ים-הרצליה-2#,40091,2,#,מטרופולין,3,40091
144784088,8956450,586077643_190526,2026-05-20T10:15:00+00:00,2026-05-20T10:56:29+00:00,2026-05-20,16352,15,91,השונית/יורדי ים-הרצליה<->מסוף הטייסים-תל אביב יפו-1#,40091,1,#,מטרופולין,3,40091
144779440,8956450,19065382_190526,2026-05-20T10:30:00+00:00,2026-05-20T11:11:29+00:00,2026-05-20,16352,15,91,השונית/יורדי ים-הרצליה<->מסוף הטייסים-תל אביב יפו-1#,40091,1,#,מטרופולין,3,40091
144778339,8956451,584888732_190526,2026-05-20T10:45:00+00:00,2026-05-20T11:26:59+00:00,2026-05-20,16353,15,91,מסוף הטייסים-תל אביב יפו<->השונית/יורדי ים-הרצליה-2#,40091,2,#,מטרופולין,3,40091
144845695,8956450,19065387_190526,2026-05-20T11:00:00+00:00,2026-05-20T11:41:29+00:00,2026-05-20,16352,15,91,השונית/יורדי ים-הרצליה<->מסוף הטייסים-תל אביב יפו-1#,40091,1,#,מטרופולין,3,40091
144784860,8956451,584888733_190526,2026-05-20T11:15:00+00:00,2026-05-20T11:56:59+00:00,2026-05-20,16353,15,91,מסוף הטייסים-תל אביב יפו<->השונית/יורדי ים-הרצליה-2#,40091,2,#,מטרופולין,3,40091
144779441,8956450,19065392_190526,2026-05-20T11:30:00+00:00,2026-05-20T12:11:29+00:00,2026-05-20,16352,15,91,השונית/יורדי ים-הרצליה<->מסוף הטייסים-תל אביב יפו-1#,40091,1,#,מטרופולין,3,40091
144783159,8956451,584888734_190526,2026-05-20T11:45:00+00:00,2026-05-20T12:26:59+00:00,2026-05-20,16353,15,91,מסוף הטייסים-תל אביב יפו<->השונית/יורדי ים-הרצליה-2#,40091,2,#,מטרופולין,3,40091
144784836,8956450,19065397_190526,2026-05-20T12:00:00+00:00,2026-05-20T12:41:29+00:00,2026-05-20,16352,15,91,השונית/יורדי ים-הרצליה<->מסוף הטייסים-תל אביב יפו-1#,40091,1,#,מטרופולין,3,40091
144779490,8956451,25080776_190526,2026-05-20T12:15:00+00:00,2026-05-20T12:56:59+00:00,2026-05-20,16353,15,91,מסוף הטייסים-תל אביב יפו<->השונית/יורדי ים-הרצליה-2#,40091,2,#,מטרופולין,3,40091
144781291,8956450,22761113_190526,2026-05-20T12:30:00+00:00,2026-05-20T13:11:29+00:00,2026-05-20,16352,15,91,השונית/יורדי ים-הרצליה<->מסוף הטייסים-תל אביב יפו-1#,40091,1,#,מטרופולין,3,40091
144784859,8956451,25080786_190526,2026-05-20T12:45:00+00:00,2026-05-20T13:26:59+00:00,2026-05-20,16353,15,91,מסוף הטייסים-תל אביב יפו<->השונית/יורדי ים-הרצליה-2#,40091,2,#,מטרופולין,3,40091
144779442,8956450,19065412_190526,2026-05-20T13:00:00+00:00,2026-05-20T13:41:29+00:00,2026-05-20,16352,15,91,השונית/יורדי ים-הרצליה<->מסוף הטייסים-תל אביב יפו-1#,40091,1,#,מטרופולין,3,40091
144781314,8956451,584888735_190526,2026-05-20T13:15:00+00:00,2026-05-20T13:56:59+00:00,2026-05-20,16353,15,91,מסוף הטייסים-תל אביב יפו<->השונית/יורדי ים-הרצליה-2#,40091,2,#,מטרופולין,3,40091
144783109,8956450,33035925_190526,2026-05-20T13:30:00+00:00,2026-05-20T14:11:29+00:00,2026-05-20,16352,15,91,השונית/יורדי ים-הרצליה<->מסוף הטייסים-תל אביב יפו-1#,40091,1,#,מטרופולין,3,40091
144783195,8956451,584888736_190526,2026-05-20T13:45:00+00:00,2026-05-20T14:26:59+00:00,2026-05-20,16353,15,91,מסוף הטייסים-תל אביב יפו<->השונית/יורדי ים-הרצליה-2#,40091,2,#,מטרופולין,3,40091
144778291,8956450,19065427_190526,2026-05-20T14:00:00+00:00,2026-05-20T14:41:29+00:00,2026-05-20,16352,15,91,השונית/יורדי ים-הרצליה<->מסוף הטייסים-תל אביב יפו-1#,40091,1,#,מטרופולין,3,40091
144781315,8956451,584888737_190526,2026-05-20T14:15:00+00:00,2026-05-20T14:56:59+00:00,2026-05-20,16353,15,91,מסוף הטייסים-תל אביב יפו<->השונית/יורדי ים-הרצליה-2#,40091,2,#,מטרופולין,3,40091
144781246,8956450,22761118_190526,2026-05-20T14:30:00+00:00,2026-05-20T15:11:29+00:00,2026-05-20,16352,15,91,השונית/יורדי ים-הרצליה<->מסוף הטייסים-תל אביב יפו-1#,40091,1,#,מטרופולין,3,40091
144781316,8956451,584888738_190526,2026-05-20T14:45:00+00:00,2026-05-20T15:26:59+00:00,2026-05-20,16353,15,91,מסוף הטייסים-תל אביב יפו<->השונית/יורדי ים-הרצליה-2#,40091,2,#,מטרופולין,3,40091
144779444,8956450,19065442_190526,2026-05-20T15:00:00+00:00,2026-05-20T15:41:29+00:00,2026-05-20,16352,15,91,השונית/יורדי ים-הרצליה<->מסוף הטייסים-תל אביב יפו-1#,40091,1,#,מטרופולין,3,40091
144778319,8956451,25080816_190526,2026-05-20T15:20:00+00:00,2026-05-20T16:01:59+00:00,2026-05-20,16353,15,91,מסוף הטייסים-תל אביב יפו<->השונית/יורדי ים-הרצליה-2#,40091,2,#,מטרופולין,3,40091
144781292,8956450,22761120_190526,2026-05-20T15:30:00+00:00,2026-05-20T16:11:29+00:00,2026-05-20,16352,15,91,השונית/יורדי ים-הרצליה<->מסוף הטייסים-תל אביב יפו-1#,40091,1,#,מטרופולין,3,40091
144784861,8956451,585888255_190526,2026-05-20T15:55:00+00:00,2026-05-20T16:36:59+00:00,2026-05-20,16353,15,91,מסוף הטייסים-תל אביב יפו<->השונית/יורדי ים-הרצליה-2#,40091,2,#,מטרופולין,3,40091
144783039,8956450,22761121_190526,2026-05-20T16:00:00+00:00,2026-05-20T16:41:29+00:00,2026-05-20,16352,15,91,השונית/יורדי ים-הרצליה<->מסוף הטייסים-תל אביב יפו-1#,40091,1,#,מטרופולין,3,40091
144781249,8956450,44980259_190526,2026-05-20T16:30:00+00:00,2026-05-20T17:11:29+00:00,2026-05-20,16352,15,91,השונית/יורדי ים-הרצליה<->מסוף הטייסים-תל אביב יפו-1#,40091,1,#,מטרופולין,3,40091
144783207,8956451,585888256_190526,2026-05-20T16:40:00+00:00,2026-05-20T17:21:59+00:00,2026-05-20,16353,15,91,מסוף הטייסים-תל אביב יפו<->השונית/יורדי ים-הרצליה-2#,40091,2,#,מטרופולין,3,40091
144779446,8956450,33035936_190526,2026-05-20T17:00:00+00:00,2026-05-20T17:41:29+00:00,2026-05-20,16352,15,91,השונית/יורדי ים-הרצליה<->מסוף הטייסים-תל אביב יפו-1#,40091,1,#,מטרופולין,3,40091
144781317,8956451,585888257_190526,2026-05-20T17:25:00+00:00,2026-05-20T18:06:59+00:00,2026-05-20,16353,15,91,מסוף הטייסים-תל אביב יפו<->השונית/יורדי ים-הרצליה-2#,40091,2,#,מטרופולין,3,40091
144779445,8956450,19065472_190526,2026-05-20T17:45:00+00:00,2026-05-20T18:26:29+00:00,2026-05-20,16352,15,91,השונית/יורדי ים-הרצליה<->מסוף הטייסים-תל אביב יפו-1#,40091,1,#,מטרופולין,3,40091
144781318,8956451,585888258_190526,2026-05-20T18:10:00+00:00,2026-05-20T18:51:59+00:00,2026-05-20,16353,15,91,מסוף הטייסים-תל אביב יפו<->השונית/יורדי ים-הרצליה-2#,40091,2,#,מטרופולין,3,40091
144784837,8956450,19065477_190526,2026-05-20T18:15:00+00:00,2026-05-20T18:56:29+00:00,2026-05-20,16352,15,91,השונית/יורדי ים-הרצליה<->מסוף הטייסים-תל אביב יפו-1#,40091,1,#,מטרופולין,3,40091
144783151,8956451,44980429_190526,2026-05-20T19:00:00+00:00,2026-05-20T19:41:59+00:00,2026-05-20,16353,15,91,מסוף הטייסים-תל אביב יפו<->השונית/יורדי ים-הרצליה-2#,40091,2,#,מטרופולין,3,40091
144516696,8944854,585252085_170526,2026-05-18T02:30:00+00:00,2026-05-18T03:35:59+00:00,2026-05-18,23992,15,21,מסוף קדמה-רמת השרון<->מסוף כרמלית/הכרמל-תל אביב יפו-2#,59021,2,#,מטרופולין,3,59021
144516693,8944854,35895733_170526,2026-05-18T03:00:00+00:00,2026-05-18T04:05:59+00:00,2026-05-18,23992,15,21,מסוף קדמה-רמת השרון<->מסוף כרמלית/הכרמל-תל אביב יפו-2#,59021,2,#,מטרופולין,3,59021
144516692,8944853,585514776_170526,2026-05-18T03:00:00+00:00,2026-05-18T04:08:59+00:00,2026-05-18,23991,15,21,מסוף כרמלית/הכרמל-תל אביב יפו<->מסוף קדמה-רמת השרון-1#,59021,1,#,מטרופולין,3,59021
144519665,8944854,585888365_170526,2026-05-18T03:25:00+00:00,2026-05-18T04:30:59+00:00,2026-05-18,23992,15,21,מסוף קדמה-רמת השרון<->מסוף כרמלית/הכרמל-תל אביב יפו-2#,59021,2,#,מטרופולין,3,59021
144509908,8944853,585887819_170526,2026-05-18T03:25:00+00:00,2026-05-18T04:33:59+00:00,2026-05-18,23991,15,21,מסוף כרמלית/הכרמל-תל אביב יפו<->מסוף קדמה-רמת השרון-1#,59021,1,#,מטרופולין,3,59021
144516695,8944854,585054779_170526,2026-05-18T03:50:00+00:00,2026-05-18T04:55:59+00:00,2026-05-18,23992,15,21,מסוף קדמה-רמת השרון<->מסוף כרמלית/הכרמל-תל אביב יפו-2#,59021,2,#,מטרופולין,3,59021
144513717,8944853,38676801_170526,2026-05-18T03:50:00+00:00,2026-05-18T04:58:59+00:00,2026-05-18,23991,15,21,מסוף כרמלית/הכרמל-תל אביב יפו<->מסוף קדמה-רמת השרון-1#,59021,1,#,מטרופולין,3,59021
144560193,8944853,38676806_170526,2026-05-18T04:10:00+00:00,2026-05-18T05:18:59+00:00,2026-05-18,23991,15,21,מסוף כרמלית/הכרמל-תל אביב יפו<->מסוף קדמה-רמת השרון-1#,59021,1,#,מטרופולין,3,59021
144512643,8944854,585888366_170526,2026-05-18T04:10:00+00:00,2026-05-18T05:15:59+00:00,2026-05-18,23992,15,21,מסוף קדמה-רמת השרון<->מסוף כרמלית/הכרמל-תל אביב יפו-2#,59021,2,#,מטרופולין,3,59021
144513508,8944854,35895736_170526,2026-05-18T04:30:00+00:00,2026-05-18T05:35:59+00:00,2026-05-18,23992,15,21,מסוף קדמה-רמת השרון<->מסוף כרמלית/הכרמל-תל אביב יפו-2#,59021,2,#,מטרופולין,3,59021
144513502,8944853,35895586_170526,2026-05-18T04:30:00+00:00,2026-05-18T05:38:59+00:00,2026-05-18,23991,15,21,מסוף כרמלית/הכרמל-תל אביב יפו<->מסוף קדמה-רמת השרון-1#,59021,1,#,מטרופולין,3,59021
144519664,8944854,585252088_170526,2026-05-18T04:50:00+00:00,2026-05-18T05:55:59+00:00,2026-05-18,23992,15,21,מסוף קדמה-רמת השרון<->מסוף כרמלית/הכרמל-תל אביב יפו-2#,59021,2,#,מטרופולין,3,59021
144516690,8944853,38676816_170526,2026-05-18T04:50:00+00:00,2026-05-18T05:58:59+00:00,2026-05-18,23991,15,21,מסוף כרמלית/הכרמל-תל אביב יפו<->מסוף קדמה-רמת השרון-1#,59021,1,#,מטרופולין,3,59021
144516691,8944853,38676821_170526,2026-05-18T05:10:00+00:00,2026-05-18T06:18:59+00:00,2026-05-18,23991,15,21,מסוף כרמלית/הכרמל-תל אביב יפו<->מסוף קדמה-רמת השרון-1#,59021,1,#,מטרופולין,3,59021
144514266,8944854,585888367_170526,2026-05-18T05:10:00+00:00,2026-05-18T06:15:59+00:00,2026-05-18,23992,15,21,מסוף קדמה-רמת השרון<->מסוף כרמלית/הכרמל-תל אביב יפו-2#,59021,2,#,מטרופולין,3,59021
144560192,8944853,35895569_170526,2026-05-18T05:30:00+00:00,2026-05-18T06:38:59+00:00,2026-05-18,23991,15,21,מסוף כרמלית/הכרמל-תל אביב יפו<->מסוף קדמה-רמת השרון-1#,59021,1,#,מטרופולין,3,59021
144514265,8944854,35895757_170526,2026-05-18T05:30:00+00:00,2026-05-18T06:35:59+00:00,2026-05-18,23992,15,21,מסוף קדמה-רמת השרון<->מסוף כרמלית/הכרמל-תל אביב יפו-2#,59021,2,#,מטרופולין,3,59021
144515967,8944853,38676831_170526,2026-05-18T05:50:00+00:00,2026-05-18T06:58:59+00:00,2026-05-18,23991,15,21,מסוף כרמלית/הכרמל-תל אביב יפו<->מסוף קדמה-רמת השרון-1#,59021,1,#,מטרופולין,3,59021
144509954,8944854,585243565_170526,2026-05-18T05:55:00+00:00,2026-05-18T07:00:59+00:00,2026-05-18,23992,15,21,מסוף קדמה-רמת השרון<->מסוף כרמלית/הכרמל-תל אביב יפו-2#,59021,2,#,מטרופולין,3,59021
144519520,8944853,585887820_170526,2026-05-18T06:15:00+00:00,2026-05-18T07:23:59+00:00,2026-05-18,23991,15,21,מסוף כרמלית/הכרמל-תל אביב יפו<->מסוף קדמה-רמת השרון-1#,59021,1,#,מטרופולין,3,59021
144513509,8944854,38677104_170526,2026-05-18T06:20:00+00:00,2026-05-18T07:25:59+00:00,2026-05-18,23992,15,21,מסוף קדמה-רמת השרון<->מסוף כרמלית/הכרמל-תל אביב יפו-2#,59021,2,#,מטרופולין,3,59021
144509909,8944853,585887821_170526,2026-05-18T06:45:00+00:00,2026-05-18T07:53:59+00:00,2026-05-18,23991,15,21,מסוף כרמלית/הכרמל-תל אביב יפו<->מסוף קדמה-רמת השרון-1#,59021,1,#,מטרופולין,3,59021
144513510,8944854,585243567_170526,2026-05-18T06:55:00+00:00,2026-05-18T08:00:59+00:00,2026-05-18,23992,15,21,מסוף קדמה-רמת השרון<->מסוף כרמלית/הכרמל-תל אביב יפו-2#,59021,2,#,מטרופולין,3,59021
144513719,8944853,585887822_170526,2026-05-18T07:15:00+00:00,2026-05-18T08:23:59+00:00,2026-05-18,23991,15,21,מסוף כרמלית/הכרמל-תל אביב יפו<->מסוף קדמה-רמת השרון-1#,59021,1,#,מטרופולין,3,59021
144560199,8944854,35895749_170526,2026-05-18T07:30:00+00:00,2026-05-18T08:35:59+00:00,2026-05-18,23992,15,21,מסוף קדמה-רמת השרון<->מסוף כרמלית/הכרמל-תל אביב יפו-2#,59021,2,#,מטרופולין,3,59021
144513511,8944854,585888368_170526,2026-05-18T08:05:00+00:00,2026-05-18T09:10:59+00:00,2026-05-18,23992,15,21,מסוף קדמה-רמת השרון<->מסוף כרמלית/הכרמל-תל אביב יפו-2#,59021,2,#,מטרופולין,3,59021
144513878,8944853,585887824_170526,2026-05-18T08:15:00+00:00,2026-05-18T09:23:59+00:00,2026-05-18,23991,15,21,מסוף כרמלית/הכרמל-תל אביב יפו<->מסוף קדמה-רמת השרון-1#,59021,1,#,מטרופולין,3,59021
144560200,8944854,38677139_170526,2026-05-18T08:40:00+00:00,2026-05-18T09:45:59+00:00,2026-05-18,23992,15,21,מסוף קדמה-רמת השרון<->מסוף כרמלית/הכרמל-תל אביב יפו-2#,59021,2,#,מטרופולין,3,59021
144512639,8944853,585887825_170526,2026-05-18T08:45:00+00:00,2026-05-18T09:53:59+00:00,2026-05-18,23991,15,21,מסוף כרמלית/הכרמל-תל אביב יפו<->מסוף קדמה-רמת השרון-1#,59021,1,#,מטרופולין,3,59021
144519666,8944854,585888369_170526,2026-05-18T09:15:00+00:00,2026-05-18T10:20:59+00:00,2026-05-18,23992,15,21,מסוף קדמה-רמת השרון<->מסוף כרמלית/הכרמל-תל אביב יפו-2#,59021,2,#,מטרופולין,3,59021
144513879,8944853,585887826_170526,2026-05-18T09:15:00+00:00,2026-05-18T10:23:59+00:00,2026-05-18,23991,15,21,מסוף כרמלית/הכרמל-תל אביב יפו<->מסוף קדמה-רמת השרון-1#,59021,1,#,מטרופולין,3,59021
144512640,8944853,585887827_170526,2026-05-18T09:45:00+00:00,2026-05-18T10:53:59+00:00,2026-05-18,23991,15,21,מסוף כרמלית/הכרמל-תל אביב יפו<->מסוף קדמה-רמת השרון-1#,59021,1,#,מטרופולין,3,59021
144509956,8944854,585252072_170526,2026-05-18T09:50:00+00:00,2026-05-18T10:55:59+00:00,2026-05-18,23992,15,21,מסוף קדמה-רמת השרון<->מסוף כרמלית/הכרמל-תל אביב יפו-2#,59021,2,#,מטרופולין,3,59021
144515969,8944853,585887828_170526,2026-05-18T10:15:00+00:00,2026-05-18T11:23:59+00:00,2026-05-18,23991,15,21,מסוף כרמלית/הכרמל-תל אביב יפו<->מסוף קדמה-רמת השרון-1#,59021,1,#,מטרופולין,3,59021
144509955,8944854,585243574_170526,2026-05-18T10:25:00+00:00,2026-05-18T11:30:59+00:00,2026-05-18,23992,15,21,מסוף קדמה-רמת השרון<->מסוף כרמלית/הכרמל-תל אביב יפו-2#,59021,2,#,מטרופולין,3,59021
144560194,8944853,585887829_170526,2026-05-18T10:45:00+00:00,2026-05-18T11:53:59+00:00,2026-05-18,23991,15,21,מסוף כרמלית/הכרמל-תל אביב יפו<->מסוף קדמה-רמת השרון-1#,59021,1,#,מטרופולין,3,59021
144512642,8944854,35895752_170526,2026-05-18T11:00:00+00:00,2026-05-18T12:05:59+00:00,2026-05-18,23992,15,21,מסוף קדמה-רמת השרון<->מסוף כרמלית/הכרמל-תל אביב יפו-2#,59021,2,#,מטרופולין,3,59021
144560195,8944853,585887830_170526,2026-05-18T11:15:00+00:00,2026-05-18T12:23:59+00:00,2026-05-18,23991,15,21,מסוף כרמלית/הכרמל-תל אביב יפו<->מסוף קדמה-רמת השרון-1#,59021,1,#,מטרופולין,3,59021
144513512,8944854,585888370_170526,2026-05-18T11:35:00+00:00,2026-05-18T12:40:59+00:00,2026-05-18,23992,15,21,מסוף קדמה-רמת השרון<->מסוף כרמלית/הכרמל-תל אביב יפו-2#,59021,2,#,מטרופולין,3,59021
144515970,8944853,585887831_170526,2026-05-18T11:45:00+00:00,2026-05-18T12:53:59+00:00,2026-05-18,23991,15,21,מסוף כרמלית/הכרמל-תל אביב יפו<->מסוף קדמה-רמת השרון-1#,59021,1,#,מטרופולין,3,59021
144516697,8944854,585888371_170526,2026-05-18T12:10:00+00:00,2026-05-18T13:15:59+00:00,2026-05-18,23992,15,21,מסוף קדמה-רמת השרון<->מסוף כרמלית/הכרמל-תל אביב יפו-2#,59021,2,#,מטרופולין,3,59021
144513504,8944853,585887832_170526,2026-05-18T12:15:00+00:00,2026-05-18T13:23:59+00:00,2026-05-18,23991,15,21,מסוף כרמלית/הכרמל-תל אביב יפו<->מסוף קדמה-רמת השרון-1#,59021,1,#,מטרופולין,3,59021
144560196,8944853,585887833_170526,2026-05-18T12:35:00+00:00,2026-05-18T13:43:59+00:00,2026-05-18,23991,15,21,מסוף כרמלית/הכרמל-תל אביב יפו<->מסוף קדמה-רמת השרון-1#,59021,1,#,מטרופולין,3,59021
144509957,8944854,585888372_170526,2026-05-18T12:35:00+00:00,2026-05-18T13:40:59+00:00,2026-05-18,23992,15,21,מסוף קדמה-רמת השרון<->מסוף כרמלית/הכרמל-תל אביב יפו-2#,59021,2,#,מטרופולין,3,59021
144513505,8944853,585887834_170526,2026-05-18T12:55:00+00:00,2026-05-18T14:03:59+00:00,2026-05-18,23991,15,21,מסוף כרמלית/הכרמל-תל אביב יפו<->מסוף קדמה-רמת השרון-1#,59021,1,#,מטרופולין,3,59021
144509912,8944854,35895730_170526,2026-05-18T13:00:00+00:00,2026-05-18T14:05:59+00:00,2026-05-18,23992,15,21,מסוף קדמה-רמת השרון<->מסוף כרמלית/הכרמל-תל אביב יפו-2#,59021,2,#,מטרופולין,3,59021
144560197,8944853,585887835_170526,2026-05-18T13:15:00+00:00,2026-05-18T14:23:59+00:00,2026-05-18,23991,15,21,מסוף כרמלית/הכרמל-תל אביב יפו<->מסוף קדמה-רמת השרון-1#,59021,1,#,מטרופולין,3,59021
144519662,8944854,585243580_170526,2026-05-18T13:25:00+00:00,2026-05-18T14:30:59+00:00,2026-05-18,23992,15,21,מסוף קדמה-רמת השרון<->מסוף כרמלית/הכרמל-תל אביב יפו-2#,59021,2,#,מטרופולין,3,59021
144512641,8944853,585887836_170526,2026-05-18T13:35:00+00:00,2026-05-18T14:43:59+00:00,2026-05-18,23991,15,21,מסוף כרמלית/הכרמל-תל אביב יפו<->מסוף קדמה-רמת השרון-1#,59021,1,#,מטרופולין,3,59021
144514267,8944854,585888373_170526,2026-05-18T13:50:00+00:00,2026-05-18T14:55:59+00:00,2026-05-18,23992,15,21,מסוף קדמה-רמת השרון<->מסוף כרמלית/הכרמל-תל אביב יפו-2#,59021,2,#,מטרופולין,3,59021
144515971,8944853,585887837_170526,2026-05-18T13:55:00+00:00,2026-05-18T15:03:59+00:00,2026-05-18,23991,15,21,מסוף כרמלית/הכרמל-תל אביב יפו<->מסוף קדמה-רמת השרון-1#,59021,1,#,מטרופולין,3,59021
144513880,8944853,585887838_170526,2026-05-18T14:15:00+00:00,2026-05-18T15:23:59+00:00,2026-05-18,23991,15,21,מסוף כרמלית/הכרמל-תל אביב יפו<->מסוף קדמה-רמת השרון-1#,59021,1,#,מטרופולין,3,59021
144519521,8944853,585887839_170526,2026-05-18T14:35:00+00:00,2026-05-18T15:43:59+00:00,2026-05-18,23991,15,21,מסוף כרמלית/הכרמל-תל אביב יפו<->מסוף קדמה-רמת השרון-1#,59021,1,#,מטרופולין,3,59021
144515974,8944854,38677229_170526,2026-05-18T14:40:00+00:00,2026-05-18T15:45:59+00:00,2026-05-18,23992,15,21,מסוף קדמה-רמת השרון<->מסוף כרמלית/הכרמל-תל אביב יפו-2#,59021,2,#,מטרופולין,3,59021
144513718,8944853,585054826_170526,2026-05-18T14:55:00+00:00,2026-05-18T16:03:59+00:00,2026-05-18,23991,15,21,מסוף כרמלית/הכרמל-תל אביב יפו<->מסוף קדמה-רמת השרון-1#,59021,1,#,מטרופולין,3,59021
144560202,8944854,585888375_170526,2026-05-18T15:05:00+00:00,2026-05-18T16:10:59+00:00,2026-05-18,23992,15,21,מסוף קדמה-רמת השרון<->מסוף כרמלית/הכרמל-תל אביב יפו-2#,59021,2,#,מטרופולין,3,59021
144513506,8944853,585887840_170526,2026-05-18T15:25:00+00:00,2026-05-18T16:33:59+00:00,2026-05-18,23991,15,21,מסוף כרמלית/הכרמל-תל אביב יפו<->מסוף קדמה-רמת השרון-1#,59021,1,#,מטרופולין,3,59021
144516694,8944854,38677244_170526,2026-05-18T15:40:00+00:00,2026-05-18T16:45:59+00:00,2026-05-18,23992,15,21,מסוף קדמה-רמת השרון<->מסוף כרמלית/הכרמל-תל אביב יפו-2#,59021,2,#,מטרופולין,3,59021
144509910,8944853,585887841_170526,2026-05-18T15:55:00+00:00,2026-05-18T17:03:59+00:00,2026-05-18,23991,15,21,מסוף כרמלית/הכרמל-תל אביב יפו<->מסוף קדמה-רמת השרון-1#,59021,1,#,מטרופולין,3,59021
144560201,8944854,585252115_170526,2026-05-18T16:15:00+00:00,2026-05-18T17:20:59+00:00,2026-05-18,23992,15,21,מסוף קדמה-רמת השרון<->מסוף כרמלית/הכרמל-תל אביב יפו-2#,59021,2,#,מטרופולין,3,59021
144509911,8944853,585887842_170526,2026-05-18T16:25:00+00:00,2026-05-18T17:33:59+00:00,2026-05-18,23991,15,21,מסוף כרמלית/הכרמל-תל אביב יפו<->מסוף קדמה-רמת השרון-1#,59021,1,#,מטרופולין,3,59021
144513513,8944854,585888376_170526,2026-05-18T16:50:00+00:00,2026-05-18T17:55:59+00:00,2026-05-18,23992,15,21,מסוף קדמה-רמת השרון<->מסוף כרמלית/הכרמל-תל אביב יפו-2#,59021,2,#,מטרופולין,3,59021
144515972,8944853,585887843_170526,2026-05-18T16:55:00+00:00,2026-05-18T18:03:59+00:00,2026-05-18,23991,15,21,מסוף כרמלית/הכרמל-תל אביב יפו<->מסוף קדמה-רמת השרון-1#,59021,1,#,מטרופולין,3,59021
144560198,8944853,585887844_170526,2026-05-18T17:25:00+00:00,2026-05-18T18:33:59+00:00,2026-05-18,23991,15,21,מסוף כרמלית/הכרמל-תל אביב יפו<->מסוף קדמה-רמת השרון-1#,59021,1,#,מטרופולין,3,59021
144512644,8944854,585888377_170526,2026-05-18T17:25:00+00:00,2026-05-18T18:30:59+00:00,2026-05-18,23992,15,21,מסוף קדמה-רמת השרון<->מסוף כרמלית/הכרמל-תל אביב יפו-2#,59021,2,#,מטרופולין,3,59021
144513896,8944853,585887845_170526,2026-05-18T17:55:00+00:00,2026-05-18T19:03:59+00:00,2026-05-18,23991,15,21,מסוף כרמלית/הכרמל-תל אביב יפו<->מסוף קדמה-רמת השרון-1#,59021,1,#,מטרופולין,3,59021
144519667,8944854,585888378_170526,2026-05-18T18:10:00+00:00,2026-05-18T19:15:59+00:00,2026-05-18,23992,15,21,מסוף קדמה-רמת השרון<->מסוף כרמלית/הכרמל-תל אביב יפו-2#,59021,2,#,מטרופולין,3,59021
144513503,8944853,40282123_170526,2026-05-18T18:40:00+00:00,2026-05-18T19:48:59+00:00,2026-05-18,23991,15,21,מסוף כרמלית/הכרמל-תל אביב יפו<->מסוף קדמה-רמת השרון-1#,59021,1,#,מטרופולין,3,59021
144509913,8944854,35895754_170526,2026-05-18T19:00:00+00:00,2026-05-18T20:05:59+00:00,2026-05-18,23992,15,21,מסוף קדמה-רמת השרון<->מסוף כרמלית/הכרמל-תל אביב יפו-2#,59021,2,#,מטרופולין,3,59021
144515968,8944853,585532076_170526,2026-05-18T19:25:00+00:00,2026-05-18T20:33:59+00:00,2026-05-18,23991,15,21,מסוף כרמלית/הכרמל-תל אביב יפו<->מסוף קדמה-רמת השרון-1#,59021,1,#,מטרופולין,3,59021
144513507,8944853,586136362_170526,2026-05-18T19:50:00+00:00,2026-05-18T20:58:59+00:00,2026-05-18,23991,15,21,מסוף כרמלית/הכרמל-תל אביב יפו<->מסוף קדמה-רמת השרון-1#,59021,1,#,מטרופולין,3,59021
144512645,8944854,585888379_170526,2026-05-18T19:50:00+00:00,2026-05-18T20:55:59+00:00,2026-05-18,23992,15,21,מסוף קדמה-רמת השרון<->מסוף כרמלית/הכרמל-תל אביב יפו-2#,59021,2,#,מטרופולין,3,59021
144512638,8944853,585251919_170526,2026-05-18T20:15:00+00:00,2026-05-18T21:23:59+00:00,2026-05-18,23991,15,21,מסוף כרמלית/הכרמל-תל אביב יפו<->מסוף קדמה-רמת השרון-1#,59021,1,#,מטרופולין,3,59021
144519663,8944854,585243591_170526,2026-05-18T20:40:00+00:00,2026-05-18T21:45:59+00:00,2026-05-18,23992,15,21,מסוף קדמה-רמת השרון<->מסוף כרמלית/הכרמל-תל אביב יפו-2#,59021,2,#,מטרופולין,3,59021
144704135,8951269,585252085_180526,2026-05-19T02:30:00+00:00,2026-05-19T03:35:59+00:00,2026-05-19,23992,15,21,מסוף קדמה-רמת השרון<->מסוף כרמלית/הכרמל-תל אביב יפו-2#,59021,2,#,מטרופולין,3,59021
144704124,8951268,585514776_180526,2026-05-19T03:00:00+00:00,2026-05-19T04:08:59+00:00,2026-05-19,23991,15,21,מסוף כרמלית/הכרמל-תל אביב יפו<->מסוף קדמה-רמת השרון-1#,59021,1,#,מטרופולין,3,59021
144657097,8951269,35895733_180526,2026-05-19T03:00:00+00:00,2026-05-19T04:05:59+00:00,2026-05-19,23992,15,21,מסוף קדמה-רמת השרון<->מסוף כרמלית/הכרמל-תל אביב יפו-2#,59021,2,#,מטרופולין,3,59021
144656737,8951268,585887819_180526,2026-05-19T03:25:00+00:00,2026-05-19T04:33:59+00:00,2026-05-19,23991,15,21,מסוף כרמלית/הכרמל-תל אביב יפו<->מסוף קדמה-רמת השרון-1#,59021,1,#,מטרופולין,3,59021
144655029,8951269,585888365_180526,2026-05-19T03:25:00+00:00,2026-05-19T04:30:59+00:00,2026-05-19,23992,15,21,מסוף קדמה-רמת השרון<->מסוף כרמלית/הכרמל-תל אביב יפו-2#,59021,2,#,מטרופולין,3,59021
144658573,8951268,38676801_180526,2026-05-19T03:50:00+00:00,2026-05-19T04:58:59+00:00,2026-05-19,23991,15,21,מסוף כרמלית/הכרמל-תל אביב יפו<->מסוף קדמה-רמת השרון-1#,59021,1,#,מטרופולין,3,59021
144657105,8951269,585054779_180526,2026-05-19T03:50:00+00:00,2026-05-19T04:55:59+00:00,2026-05-19,23992,15,21,מסוף קדמה-רמת השרון<->מסוף כרמלית/הכרמל-תל אביב יפו-2#,59021,2,#,מטרופולין,3,59021
144667831,8951269,585888366_180526,2026-05-19T04:10:00+00:00,2026-05-19T05:15:59+00:00,2026-05-19,23992,15,21,מסוף קדמה-רמת השרון<->מסוף כרמלית/הכרמל-תל אביב יפו-2#,59021,2,#,מטרופולין,3,59021
144663898,8951268,38676806_180526,2026-05-19T04:10:00+00:00,2026-05-19T05:18:59+00:00,2026-05-19,23991,15,21,מסוף כרמלית/הכרמל-תל אביב יפו<->מסוף קדמה-רמת השרון-1#,59021,1,#,מטרופולין,3,59021
144704133,8951269,35895736_180526,2026-05-19T04:30:00+00:00,2026-05-19T05:35:59+00:00,2026-05-19,23992,15,21,מסוף קדמה-רמת השרון<->מסוף כרמלית/הכרמל-תל אביב יפו-2#,59021,2,#,מטרופולין,3,59021
144663895,8951268,35895586_180526,2026-05-19T04:30:00+00:00,2026-05-19T05:38:59+00:00,2026-05-19,23991,15,21,מסוף כרמלית/הכרמל-תל אביב יפו<->מסוף קדמה-רמת השרון-1#,59021,1,#,מטרופולין,3,59021
144667830,8951269,585252088_180526,2026-05-19T04:50:00+00:00,2026-05-19T05:55:59+00:00,2026-05-19,23992,15,21,מסוף קדמה-רמת השרון<->מסוף כרמלית/הכרמל-תל אביב יפו-2#,59021,2,#,מטרופולין,3,59021
144661997,8951268,38676816_180526,2026-05-19T04:50:00+00:00,2026-05-19T05:58:59+00:00,2026-05-19,23991,15,21,מסוף כרמלית/הכרמל-תל אביב יפו<->מסוף קדמה-רמת השרון-1#,59021,1,#,מטרופולין,3,59021
144662069,8951269,585888367_180526,2026-05-19T05:10:00+00:00,2026-05-19T06:15:59+00:00,2026-05-19,23992,15,21,מסוף קדמה-רמת השרון<->מסוף כרמלית/הכרמל-תל אביב יפו-2#,59021,2,#,מטרופולין,3,59021
144654976,8951268,38676821_180526,2026-05-19T05:10:00+00:00,2026-05-19T06:18:59+00:00,2026-05-19,23991,15,21,מסוף כרמלית/הכרמל-תל אביב יפו<->מסוף קדמה-רמת השרון-1#,59021,1,#,מטרופולין,3,59021
144704134,8951269,35895757_180526,2026-05-19T05:30:00+00:00,2026-05-19T06:35:59+00:00,2026-05-19,23992,15,21,מסוף קדמה-רמת השרון<->מסוף כרמלית/הכרמל-תל אביב יפו-2#,59021,2,#,מטרופולין,3,59021
144663892,8951268,35895569_180526,2026-05-19T05:30:00+00:00,2026-05-19T06:38:59+00:00,2026-05-19,23991,15,21,מסוף כרמלית/הכרמל-תל אביב יפו<->מסוף קדמה-רמת השרון-1#,59021,1,#,מטרופולין,3,59021
144656724,8951268,38676831_180526,2026-05-19T05:50:00+00:00,2026-05-19T06:58:59+00:00,2026-05-19,23991,15,21,מסוף כרמלית/הכרמל-תל אביב יפו<->מסוף קדמה-רמת השרון-1#,59021,1,#,מטרופולין,3,59021
144656774,8951269,585243565_180526,2026-05-19T05:55:00+00:00,2026-05-19T07:00:59+00:00,2026-05-19,23992,15,21,מסוף קדמה-רמת השרון<->מסוף כרמלית/הכרמל-תל אביב יפו-2#,59021,2,#,מטרופולין,3,59021
144654980,8951268,585887820_180526,2026-05-19T06:15:00+00:00,2026-05-19T07:23:59+00:00,2026-05-19,23991,15,21,מסוף כרמלית/הכרמל-תל אביב יפו<->מסוף קדמה-רמת השרון-1#,59021,1,#,מטרופולין,3,59021
144662058,8951269,38677104_180526,2026-05-19T06:20:00+00:00,2026-05-19T07:25:59+00:00,2026-05-19,23992,15,21,מסוף קדמה-רמת השרון<->מסוף כרמלית/הכרמל-תל אביב יפו-2#,59021,2,#,מטרופולין,3,59021
144662000,8951268,585887821_180526,2026-05-19T06:45:00+00:00,2026-05-19T07:53:59+00:00,2026-05-19,23991,15,21,מסוף כרמלית/הכרמל-תל אביב יפו<->מסוף קדמה-רמת השרון-1#,59021,1,#,מטרופולין,3,59021
144667828,8951269,585243567_180526,2026-05-19T06:55:00+00:00,2026-05-19T08:00:59+00:00,2026-05-19,23992,15,21,מסוף קדמה-רמת השרון<->מסוף כרמלית/הכרמל-תל אביב יפו-2#,59021,2,#,מטרופולין,3,59021
144704126,8951268,585887822_180526,2026-05-19T07:15:00+00:00,2026-05-19T08:23:59+00:00,2026-05-19,23991,15,21,מסוף כרמלית/הכרמל-תל אביב יפו<->מסוף קדמה-רמת השרון-1#,59021,1,#,מטרופולין,3,59021
144655026,8951269,35895749_180526,2026-05-19T07:30:00+00:00,2026-05-19T08:35:59+00:00,2026-05-19,23992,15,21,מסוף קדמה-רמת השרון<->מסוף כרמלית/הכרמל-תל אביב יפו-2#,59021,2,#,מטרופולין,3,59021
144662071,8951269,585888368_180526,2026-05-19T08:05:00+00:00,2026-05-19T09:10:59+00:00,2026-05-19,23992,15,21,מסוף קדמה-רמת השרון<->מסוף כרמלית/הכרמל-תל אביב יפו-2#,59021,2,#,מטרופולין,3,59021
144663899,8951268,585887824_180526,2026-05-19T08:15:00+00:00,2026-05-19T09:23:59+00:00,2026-05-19,23991,15,21,מסוף כרמלית/הכרמל-תל אביב יפו<->מסוף קדמה-רמת השרון-1#,59021,1,#,מטרופולין,3,59021
144657102,8951269,38677139_180526,2026-05-19T08:40:00+00:00,2026-05-19T09:45:59+00:00,2026-05-19,23992,15,21,מסוף קדמה-רמת השרון<->מסוף כרמלית/הכרמל-תל אביב יפו-2#,59021,2,#,מטרופולין,3,59021
144657018,8951268,585887825_180526,2026-05-19T08:45:00+00:00,2026-05-19T09:53:59+00:00,2026-05-19,23991,15,21,מסוף כרמלית/הכרמל-תל אביב יפו<->מסוף קדמה-רמת השרון-1#,59021,1,#,מטרופולין,3,59021
144663901,8951268,585887826_180526,2026-05-19T09:15:00+00:00,2026-05-19T10:23:59+00:00,2026-05-19,23991,15,21,מסוף כרמלית/הכרמל-תל אביב יפו<->מסוף קדמה-רמת השרון-1#,59021,1,#,מטרופולין,3,59021
144657109,8951269,585888369_180526,2026-05-19T09:15:00+00:00,2026-05-19T10:20:59+00:00,2026-05-19,23992,15,21,מסוף קדמה-רמת השרון<->מסוף כרמלית/הכרמל-תל אביב יפו-2#,59021,2,#,מטרופולין,3,59021
144662001,8951268,585887827_180526,2026-05-19T09:45:00+00:00,2026-05-19T10:53:59+00:00,2026-05-19,23991,15,21,מסוף כרמלית/הכרמל-תל אביב יפו<->מסוף קדמה-רמת השרון-1#,59021,1,#,מטרופולין,3,59021
144662059,8951269,585252072_180526,2026-05-19T09:50:00+00:00,2026-05-19T10:55:59+00:00,2026-05-19,23992,15,21,מסוף קדמה-רמת השרון<->מסוף כרמלית/הכרמל-תל אביב יפו-2#,59021,2,#,מטרופולין,3,59021
144663910,8951268,585887828_180526,2026-05-19T10:15:00+00:00,2026-05-19T11:23:59+00:00,2026-05-19,23991,15,21,מסוף כרמלית/הכרמל-תל אביב יפו<->מסוף קדמה-רמת השרון-1#,59021,1,#,מטרופולין,3,59021
144667829,8951269,585243574_180526,2026-05-19T10:25:00+00:00,2026-05-19T11:30:59+00:00,2026-05-19,23992,15,21,מסוף קדמה-רמת השרון<->מסוף כרמלית/הכרמל-תל אביב יפו-2#,59021,2,#,מטרופולין,3,59021
144704127,8951268,585887829_180526,2026-05-19T10:45:00+00:00,2026-05-19T11:53:59+00:00,2026-05-19,23991,15,21,מסוף כרמלית/הכרמל-תל אביב יפו<->מסוף קדמה-רמת השרון-1#,59021,1,#,מטרופולין,3,59021
144657100,8951269,35895752_180526,2026-05-19T11:00:00+00:00,2026-05-19T12:05:59+00:00,2026-05-19,23992,15,21,מסוף קדמה-רמת השרון<->מסוף כרמלית/הכרמל-תל אביב יפו-2#,59021,2,#,מטרופולין,3,59021
144704128,8951268,585887830_180526,2026-05-19T11:15:00+00:00,2026-05-19T12:23:59+00:00,2026-05-19,23991,15,21,מסוף כרמלית/הכרמל-תל אביב יפו<->מסוף קדמה-רמת השרון-1#,59021,1,#,מטרופולין,3,59021
144658605,8951269,585888370_180526,2026-05-19T11:35:00+00:00,2026-05-19T12:40:59+00:00,2026-05-19,23992,15,21,מסוף קדמה-רמת השרון<->מסוף כרמלית/הכרמל-תל אביב יפו-2#,59021,2,#,מטרופולין,3,59021
144656745,8951268,585887831_180526,2026-05-19T11:45:00+00:00,2026-05-19T12:53:59+00:00,2026-05-19,23991,15,21,מסוף כרמלית/הכרמל-תל אביב יפו<->מסוף קדמה-רמת השרון-1#,59021,1,#,מטרופולין,3,59021
144667832,8951269,585888371_180526,2026-05-19T12:10:00+00:00,2026-05-19T13:15:59+00:00,2026-05-19,23992,15,21,מסוף קדמה-רמת השרון<->מסוף כרמלית/הכרמל-תל אביב יפו-2#,59021,2,#,מטרופולין,3,59021
144657026,8951268,585887832_180526,2026-05-19T12:15:00+00:00,2026-05-19T13:23:59+00:00,2026-05-19,23991,15,21,מסוף כרמלית/הכרמל-תל אביב יפו<->מסוף קדמה-רמת השרון-1#,59021,1,#,מטרופולין,3,59021
144663967,8951269,585888372_180526,2026-05-19T12:35:00+00:00,2026-05-19T13:40:59+00:00,2026-05-19,23992,15,21,מסוף קדמה-רמת השרון<->מסוף כרמלית/הכרמל-תל אביב יפו-2#,59021,2,#,מטרופולין,3,59021
144654981,8951268,585887833_180526,2026-05-19T12:35:00+00:00,2026-05-19T13:43:59+00:00,2026-05-19,23991,15,21,מסוף כרמלית/הכרמל-תל אביב יפו<->מסוף קדמה-רמת השרון-1#,59021,1,#,מטרופולין,3,59021
144704129,8951268,585887834_180526,2026-05-19T12:55:00+00:00,2026-05-19T14:03:59+00:00,2026-05-19,23991,15,21,מסוף כרמלית/הכרמל-תל אביב יפו<->מסוף קדמה-רמת השרון-1#,59021,1,#,מטרופולין,3,59021
144704132,8951269,35895730_180526,2026-05-19T13:00:00+00:00,2026-05-19T14:05:59+00:00,2026-05-19,23992,15,21,מסוף קדמה-רמת השרון<->מסוף כרמלית/הכרמל-תל אביב יפו-2#,59021,2,#,מטרופולין,3,59021
144663911,8951268,585887835_180526,2026-05-19T13:15:00+00:00,2026-05-19T14:23:59+00:00,2026-05-19,23991,15,21,מסוף כרמלית/הכרמל-תל אביב יפו<->מסוף קדמה-רמת השרון-1#,59021,1,#,מטרופולין,3,59021
144655028,8951269,585243580_180526,2026-05-19T13:25:00+00:00,2026-05-19T14:30:59+00:00,2026-05-19,23992,15,21,מסוף קדמה-רמת השרון<->מסוף כרמלית/הכרמל-תל אביב יפו-2#,59021,2,#,מטרופולין,3,59021
144656747,8951268,585887836_180526,2026-05-19T13:35:00+00:00,2026-05-19T14:43:59+00:00,2026-05-19,23991,15,21,מסוף כרמלית/הכרמל-תל אביב יפו<->מסוף קדמה-רמת השרון-1#,59021,1,#,מטרופולין,3,59021
144656778,8951269,585888373_180526,2026-05-19T13:50:00+00:00,2026-05-19T14:55:59+00:00,2026-05-19,23992,15,21,מסוף קדמה-רמת השרון<->מסוף כרמלית/הכרמל-תל אביב יפו-2#,59021,2,#,מטרופולין,3,59021
144704130,8951268,585887837_180526,2026-05-19T13:55:00+00:00,2026-05-19T15:03:59+00:00,2026-05-19,23991,15,21,מסוף כרמלית/הכרמל-תל אביב יפו<->מסוף קדמה-רמת השרון-1#,59021,1,#,מטרופולין,3,59021
144663913,8951268,585887838_180526,2026-05-19T14:15:00+00:00,2026-05-19T15:23:59+00:00,2026-05-19,23991,15,21,מסוף כרמלית/הכרמל-תל אביב יפו<->מסוף קדמה-רמת השרון-1#,59021,1,#,מטרופולין,3,59021
144662002,8951268,585887839_180526,2026-05-19T14:35:00+00:00,2026-05-19T15:43:59+00:00,2026-05-19,23991,15,21,מסוף כרמלית/הכרמל-תל אביב יפו<->מסוף קדמה-רמת השרון-1#,59021,1,#,מטרופולין,3,59021
144667827,8951269,38677229_180526,2026-05-19T14:40:00+00:00,2026-05-19T15:45:59+00:00,2026-05-19,23992,15,21,מסוף קדמה-רמת השרון<->מסוף כרמלית/הכרמל-תל אביב יפו-2#,59021,2,#,מטרופולין,3,59021
144654978,8951268,585054826_180526,2026-05-19T14:55:00+00:00,2026-05-19T16:03:59+00:00,2026-05-19,23991,15,21,מסוף כרמלית/הכרמל-תל אביב יפו<->מסוף קדמה-רמת השרון-1#,59021,1,#,מטרופולין,3,59021
144667833,8951269,585888375_180526,2026-05-19T15:05:00+00:00,2026-05-19T16:10:59+00:00,2026-05-19,23992,15,21,מסוף קדמה-רמת השרון<->מסוף כרמלית/הכרמל-תל אביב יפו-2#,59021,2,#,מטרופולין,3,59021
144662007,8951268,585887840_180526,2026-05-19T15:25:00+00:00,2026-05-19T16:33:59+00:00,2026-05-19,23991,15,21,מסוף כרמלית/הכרמל-תל אביב יפו<->מסוף קדמה-רמת השרון-1#,59021,1,#,מטרופולין,3,59021
144655027,8951269,38677244_180526,2026-05-19T15:40:00+00:00,2026-05-19T16:45:59+00:00,2026-05-19,23992,15,21,מסוף קדמה-רמת השרון<->מסוף כרמלית/הכרמל-תל אביב יפו-2#,59021,2,#,מטרופולין,3,59021
144662010,8951268,585887841_180526,2026-05-19T15:55:00+00:00,2026-05-19T17:03:59+00:00,2026-05-19,23991,15,21,מסוף כרמלית/הכרמל-תל אביב יפו<->מסוף קדמה-רמת השרון-1#,59021,1,#,מטרופולין,3,59021
144657108,8951269,585252115_180526,2026-05-19T16:15:00+00:00,2026-05-19T17:20:59+00:00,2026-05-19,23992,15,21,מסוף קדמה-רמת השרון<->מסוף כרמלית/הכרמל-תל אביב יפו-2#,59021,2,#,מטרופולין,3,59021
144704131,8951268,585887842_180526,2026-05-19T16:25:00+00:00,2026-05-19T17:33:59+00:00,2026-05-19,23991,15,21,מסוף כרמלית/הכרמל-תל אביב יפו<->מסוף קדמה-רמת השרון-1#,59021,1,#,מטרופולין,3,59021
144658608,8951269,585888376_180526,2026-05-19T16:50:00+00:00,2026-05-19T17:55:59+00:00,2026-05-19,23992,15,21,מסוף קדמה-רמת השרון<->מסוף כרמלית/הכרמל-תל אביב יפו-2#,59021,2,#,מטרופולין,3,59021
144667826,8951268,585887843_180526,2026-05-19T16:55:00+00:00,2026-05-19T18:03:59+00:00,2026-05-19,23991,15,21,מסוף כרמלית/הכרמל-תל אביב יפו<->מסוף קדמה-רמת השרון-1#,59021,1,#,מטרופולין,3,59021
144656751,8951268,585887844_180526,2026-05-19T17:25:00+00:00,2026-05-19T18:33:59+00:00,2026-05-19,23991,15,21,מסוף כרמלית/הכרמל-תל אביב יפו<->מסוף קדמה-רמת השרון-1#,59021,1,#,מטרופולין,3,59021
144655030,8951269,585888377_180526,2026-05-19T17:25:00+00:00,2026-05-19T18:30:59+00:00,2026-05-19,23992,15,21,מסוף קדמה-רמת השרון<->מסוף כרמלית/הכרמל-תל אביב יפו-2#,59021,2,#,מטרופולין,3,59021
144662011,8951268,585887845_180526,2026-05-19T17:55:00+00:00,2026-05-19T19:03:59+00:00,2026-05-19,23991,15,21,מסוף כרמלית/הכרמל-תל אביב יפו<->מסוף קדמה-רמת השרון-1#,59021,1,#,מטרופולין,3,59021
144656782,8951269,585888378_180526,2026-05-19T18:10:00+00:00,2026-05-19T19:15:59+00:00,2026-05-19,23992,15,21,מסוף קדמה-רמת השרון<->מסוף כרמלית/הכרמל-תל אביב יפו-2#,59021,2,#,מטרופולין,3,59021
144657015,8951268,40282123_180526,2026-05-19T18:40:00+00:00,2026-05-19T19:48:59+00:00,2026-05-19,23991,15,21,מסוף כרמלית/הכרמל-תל אביב יפו<->מסוף קדמה-רמת השרון-1#,59021,1,#,מטרופולין,3,59021
144663963,8951269,35895754_180526,2026-05-19T19:00:00+00:00,2026-05-19T20:05:59+00:00,2026-05-19,23992,15,21,מסוף קדמה-רמת השרון<->מסוף כרמלית/הכרמל-תל אביב יפו-2#,59021,2,#,מטרופולין,3,59021
144704125,8951268,585532076_180526,2026-05-19T19:25:00+00:00,2026-05-19T20:33:59+00:00,2026-05-19,23991,15,21,מסוף כרמלית/הכרמל-תל אביב יפו<->מסוף קדמה-רמת השרון-1#,59021,1,#,מטרופולין,3,59021
144663968,8951269,585888379_180526,2026-05-19T19:50:00+00:00,2026-05-19T20:55:59+00:00,2026-05-19,23992,15,21,מסוף קדמה-רמת השרון<->מסוף כרמלית/הכרמל-תל אביב יפו-2#,59021,2,#,מטרופולין,3,59021
144654982,8951268,586136362_180526,2026-05-19T19:50:00+00:00,2026-05-19T20:58:59+00:00,2026-05-19,23991,15,21,מסוף כרמלית/הכרמל-תל אביב יפו<->מסוף קדמה-רמת השרון-1#,59021,1,#,מטרופולין,3,59021
144656725,8951268,585251919_180526,2026-05-19T20:15:00+00:00,2026-05-19T21:23:59+00:00,2026-05-19,23991,15,21,מסוף כרמלית/הכרמל-תל אביב יפו<->מסוף קדמה-רמת השרון-1#,59021,1,#,מטרופולין,3,59021
144656777,8951269,585243591_180526,2026-05-19T20:40:00+00:00,2026-05-19T21:45:59+00:00,2026-05-19,23992,15,21,מסוף קדמה-רמת השרון<->מסוף כרמלית/הכרמל-תל אביב יפו-2#,59021,2,#,מטרופולין,3,59021
144805289,8957677,585252085_190526,2026-05-20T02:30:00+00:00,2026-05-20T03:35:59+00:00,2026-05-20,23992,15,21,מסוף קדמה-רמת השרון<->מסוף כרמלית/הכרמל-תל אביב יפו-2#,59021,2,#,מטרופולין,3,59021
144848910,8957676,585514776_190526,2026-05-20T03:00:00+00:00,2026-05-20T04:08:59+00:00,2026-05-20,23991,15,21,מסוף כרמלית/הכרמל-תל אביב יפו<->מסוף קדמה-רמת השרון-1#,59021,1,#,מטרופולין,3,59021
144803849,8957677,35895733_190526,2026-05-20T03:00:00+00:00,2026-05-20T04:05:59+00:00,2026-05-20,23992,15,21,מסוף קדמה-רמת השרון<->מסוף כרמלית/הכרמל-תל אביב יפו-2#,59021,2,#,מטרופולין,3,59021
144805785,8957676,585887819_190526,2026-05-20T03:25:00+00:00,2026-05-20T04:33:59+00:00,2026-05-20,23991,15,21,מסוף כרמלית/הכרמל-תל אביב יפו<->מסוף קדמה-רמת השרון-1#,59021,1,#,מטרופולין,3,59021
144803851,8957677,585888365_190526,2026-05-20T03:25:00+00:00,2026-05-20T04:30:59+00:00,2026-05-20,23992,15,21,מסוף קדמה-רמת השרון<->מסוף כרמלית/הכרמל-תל אביב יפו-2#,59021,2,#,מטרופולין,3,59021
144805051,8957676,38676801_190526,2026-05-20T03:50:00+00:00,2026-05-20T04:58:59+00:00,2026-05-20,23991,15,21,מסוף כרמלית/הכרמל-תל אביב יפו<->מסוף קדמה-רמת השרון-1#,59021,1,#,מטרופולין,3,59021
144797701,8957677,585054779_190526,2026-05-20T03:50:00+00:00,2026-05-20T04:55:59+00:00,2026-05-20,23992,15,21,מסוף קדמה-רמת השרון<->מסוף כרמלית/הכרמל-תל אביב יפו-2#,59021,2,#,מטרופולין,3,59021
144806112,8957676,38676806_190526,2026-05-20T04:10:00+00:00,2026-05-20T05:18:59+00:00,2026-05-20,23991,15,21,מסוף כרמלית/הכרמל-תל אביב יפו<->מסוף קדמה-רמת השרון-1#,59021,1,#,מטרופולין,3,59021
144803852,8957677,585888366_190526,2026-05-20T04:10:00+00:00,2026-05-20T05:15:59+00:00,2026-05-20,23992,15,21,מסוף קדמה-רמת השרון<->מסוף כרמלית/הכרמל-תל אביב יפו-2#,59021,2,#,מטרופולין,3,59021
144848916,8957677,35895736_190526,2026-05-20T04:30:00+00:00,2026-05-20T05:35:59+00:00,2026-05-20,23992,15,21,מסוף קדמה-רמת השרון<->מסוף כרמלית/הכרמל-תל אביב יפו-2#,59021,2,#,מטרופולין,3,59021
144806111,8957676,35895586_190526,2026-05-20T04:30:00+00:00,2026-05-20T05:38:59+00:00,2026-05-20,23991,15,21,מסוף כרמלית/הכרמל-תל אביב יפו<->מסוף קדמה-רמת השרון-1#,59021,1,#,מטרופולין,3,59021
144848920,8957677,585252088_190526,2026-05-20T04:50:00+00:00,2026-05-20T05:55:59+00:00,2026-05-20,23992,15,21,מסוף קדמה-רמת השרון<->מסוף כרמלית/הכרמל-תל אביב יפו-2#,59021,2,#,מטרופולין,3,59021
144803841,8957676,38676816_190526,2026-05-20T04:50:00+00:00,2026-05-20T05:58:59+00:00,2026-05-20,23991,15,21,מסוף כרמלית/הכרמל-תל אביב יפו<->מסוף קדמה-רמת השרון-1#,59021,1,#,מטרופולין,3,59021
144803842,8957676,38676821_190526,2026-05-20T05:10:00+00:00,2026-05-20T06:18:59+00:00,2026-05-20,23991,15,21,מסוף כרמלית/הכרמל-תל אביב יפו<->מסוף קדמה-רמת השרון-1#,59021,1,#,מטרופולין,3,59021
144801615,8957677,585888367_190526,2026-05-20T05:10:00+00:00,2026-05-20T06:15:59+00:00,2026-05-20,23992,15,21,מסוף קדמה-רמת השרון<->מסוף כרמלית/הכרמל-תל אביב יפו-2#,59021,2,#,מטרופולין,3,59021
144801417,8957676,35895569_190526,2026-05-20T05:30:00+00:00,2026-05-20T06:38:59+00:00,2026-05-20,23991,15,21,מסוף כרמלית/הכרמל-תל אביב יפו<->מסוף קדמה-רמת השרון-1#,59021,1,#,מטרופולין,3,59021
144797700,8957677,35895757_190526,2026-05-20T05:30:00+00:00,2026-05-20T06:35:59+00:00,2026-05-20,23992,15,21,מסוף קדמה-רמת השרון<->מסוף כרמלית/הכרמל-תל אביב יפו-2#,59021,2,#,מטרופולין,3,59021
144801418,8957676,38676831_190526,2026-05-20T05:50:00+00:00,2026-05-20T06:58:59+00:00,2026-05-20,23991,15,21,מסוף כרמלית/הכרמל-תל אביב יפו<->מסוף קדמה-רמת השרון-1#,59021,1,#,מטרופולין,3,59021
144805287,8957677,585243565_190526,2026-05-20T05:55:00+00:00,2026-05-20T07:00:59+00:00,2026-05-20,23992,15,21,מסוף קדמה-רמת השרון<->מסוף כרמלית/הכרמל-תל אביב יפו-2#,59021,2,#,מטרופולין,3,59021
144848911,8957676,585887820_190526,2026-05-20T06:15:00+00:00,2026-05-20T07:23:59+00:00,2026-05-20,23991,15,21,מסוף כרמלית/הכרמל-תל אביב יפו<->מסוף קדמה-רמת השרון-1#,59021,1,#,מטרופולין,3,59021
144848918,8957677,38677104_190526,2026-05-20T06:20:00+00:00,2026-05-20T07:25:59+00:00,2026-05-20,23992,15,21,מסוף קדמה-רמת השרון<->מסוף כרמלית/הכרמל-תל אביב יפו-2#,59021,2,#,מטרופולין,3,59021
144805786,8957676,585887821_190526,2026-05-20T06:45:00+00:00,2026-05-20T07:53:59+00:00,2026-05-20,23991,15,21,מסוף כרמלית/הכרמל-תל אביב יפו<->מסוף קדמה-רמת השרון-1#,59021,1,#,מטרופולין,3,59021
144805288,8957677,585243567_190526,2026-05-20T06:55:00+00:00,2026-05-20T08:00:59+00:00,2026-05-20,23992,15,21,מסוף קדמה-רמת השרון<->מסוף כרמלית/הכרמל-תל אביב יפו-2#,59021,2,#,מטרופולין,3,59021
144805052,8957676,585887822_190526,2026-05-20T07:15:00+00:00,2026-05-20T08:23:59+00:00,2026-05-20,23991,15,21,מסוף כרמלית/הכרמל-תל אביב יפו<->מסוף קדמה-רמת השרון-1#,59021,1,#,מטרופולין,3,59021
144806153,8957677,35895749_190526,2026-05-20T07:30:00+00:00,2026-05-20T08:35:59+00:00,2026-05-20,23992,15,21,מסוף קדמה-רמת השרון<->מסוף כרמלית/הכרמל-תל אביב יפו-2#,59021,2,#,מטרופולין,3,59021
144803853,8957677,585888368_190526,2026-05-20T08:05:00+00:00,2026-05-20T09:10:59+00:00,2026-05-20,23992,15,21,מסוף קדמה-רמת השרון<->מסוף כרמלית/הכרמל-תל אביב יפו-2#,59021,2,#,מטרופולין,3,59021
144848912,8957676,585887824_190526,2026-05-20T08:15:00+00:00,2026-05-20T09:23:59+00:00,2026-05-20,23991,15,21,מסוף כרמלית/הכרמל-תל אביב יפו<->מסוף קדמה-רמת השרון-1#,59021,1,#,מטרופולין,3,59021
144807470,8957677,38677139_190526,2026-05-20T08:40:00+00:00,2026-05-20T09:45:59+00:00,2026-05-20,23992,15,21,מסוף קדמה-רמת השרון<->מסוף כרמלית/הכרמל-תל אביב יפו-2#,59021,2,#,מטרופולין,3,59021
144805787,8957676,585887825_190526,2026-05-20T08:45:00+00:00,2026-05-20T09:53:59+00:00,2026-05-20,23991,15,21,מסוף כרמלית/הכרמל-תל אביב יפו<->מסוף קדמה-רמת השרון-1#,59021,1,#,מטרופולין,3,59021
144848913,8957676,585887826_190526,2026-05-20T09:15:00+00:00,2026-05-20T10:23:59+00:00,2026-05-20,23991,15,21,מסוף כרמלית/הכרמל-תל אביב יפו<->מסוף קדמה-רמת השרון-1#,59021,1,#,מטרופולין,3,59021
144807472,8957677,585888369_190526,2026-05-20T09:15:00+00:00,2026-05-20T10:20:59+00:00,2026-05-20,23992,15,21,מסוף קדמה-רמת השרון<->מסוף כרמלית/הכרמל-תל אביב יפו-2#,59021,2,#,מטרופולין,3,59021
144807466,8957676,585887827_190526,2026-05-20T09:45:00+00:00,2026-05-20T10:53:59+00:00,2026-05-20,23991,15,21,מסוף כרמלית/הכרמל-תל אביב יפו<->מסוף קדמה-רמת השרון-1#,59021,1,#,מטרופולין,3,59021
144807471,8957677,585252072_190526,2026-05-20T09:50:00+00:00,2026-05-20T10:55:59+00:00,2026-05-20,23992,15,21,מסוף קדמה-רמת השרון<->מסוף כרמלית/הכרמל-תל אביב יפו-2#,59021,2,#,מטרופולין,3,59021
144797699,8957676,585887828_190526,2026-05-20T10:15:00+00:00,2026-05-20T11:23:59+00:00,2026-05-20,23991,15,21,מסוף כרמלית/הכרמל-תל אביב יפו<->מסוף קדמה-רמת השרון-1#,59021,1,#,מטרופולין,3,59021
144797702,8957677,585243574_190526,2026-05-20T10:25:00+00:00,2026-05-20T11:30:59+00:00,2026-05-20,23992,15,21,מסוף קדמה-רמת השרון<->מסוף כרמלית/הכרמל-תל אביב יפו-2#,59021,2,#,מטרופולין,3,59021
144806113,8957676,585887829_190526,2026-05-20T10:45:00+00:00,2026-05-20T11:53:59+00:00,2026-05-20,23991,15,21,מסוף כרמלית/הכרמל-תל אביב יפו<->מסוף קדמה-רמת השרון-1#,59021,1,#,מטרופולין,3,59021
144805792,8957677,35895752_190526,2026-05-20T11:00:00+00:00,2026-05-20T12:05:59+00:00,2026-05-20,23992,15,21,מסוף קדמה-רמת השרון<->מסוף כרמלית/הכרמל-תל אביב יפו-2#,59021,2,#,מטרופולין,3,59021
144848914,8957676,585887830_190526,2026-05-20T11:15:00+00:00,2026-05-20T12:23:59+00:00,2026-05-20,23991,15,21,מסוף כרמלית/הכרמל-תל אביב יפו<->מסוף קדמה-רמת השרון-1#,59021,1,#,מטרופולין,3,59021
144806154,8957677,585888370_190526,2026-05-20T11:35:00+00:00,2026-05-20T12:40:59+00:00,2026-05-20,23992,15,21,מסוף קדמה-רמת השרון<->מסוף כרמלית/הכרמל-תל אביב יפו-2#,59021,2,#,מטרופולין,3,59021
144806114,8957676,585887831_190526,2026-05-20T11:45:00+00:00,2026-05-20T12:53:59+00:00,2026-05-20,23991,15,21,מסוף כרמלית/הכרמל-תל אביב יפו<->מסוף קדמה-רמת השרון-1#,59021,1,#,מטרופולין,3,59021
144806156,8957677,585888371_190526,2026-05-20T12:10:00+00:00,2026-05-20T13:15:59+00:00,2026-05-20,23992,15,21,מסוף קדמה-רמת השרון<->מסוף כרמלית/הכרמל-תל אביב יפו-2#,59021,2,#,מטרופולין,3,59021
144803844,8957676,585887832_190526,2026-05-20T12:15:00+00:00,2026-05-20T13:23:59+00:00,2026-05-20,23991,15,21,מסוף כרמלית/הכרמל-תל אביב יפו<->מסוף קדמה-רמת השרון-1#,59021,1,#,מטרופולין,3,59021
144805833,8957677,585888372_190526,2026-05-20T12:35:00+00:00,2026-05-20T13:40:59+00:00,2026-05-20,23992,15,21,מסוף קדמה-רמת השרון<->מסוף כרמלית/הכרמל-תל אביב יפו-2#,59021,2,#,מטרופולין,3,59021
144803845,8957676,585887833_190526,2026-05-20T12:35:00+00:00,2026-05-20T13:43:59+00:00,2026-05-20,23991,15,21,מסוף כרמלית/הכרמל-תל אביב יפו<->מסוף קדמה-רמת השרון-1#,59021,1,#,מטרופולין,3,59021
144801420,8957676,585887834_190526,2026-05-20T12:55:00+00:00,2026-05-20T14:03:59+00:00,2026-05-20,23991,15,21,מסוף כרמלית/הכרמל-תל אביב יפו<->מסוף קדמה-רמת השרון-1#,59021,1,#,מטרופולין,3,59021
144803848,8957677,35895730_190526,2026-05-20T13:00:00+00:00,2026-05-20T14:05:59+00:00,2026-05-20,23992,15,21,מסוף קדמה-רמת השרון<->מסוף כרמלית/הכרמל-תל אביב יפו-2#,59021,2,#,מטרופולין,3,59021
144803846,8957676,585887835_190526,2026-05-20T13:15:00+00:00,2026-05-20T14:23:59+00:00,2026-05-20,23991,15,21,מסוף כרמלית/הכרמל-תל אביב יפו<->מסוף קדמה-רמת השרון-1#,59021,1,#,מטרופולין,3,59021
144803850,8957677,585243580_190526,2026-05-20T13:25:00+00:00,2026-05-20T14:30:59+00:00,2026-05-20,23992,15,21,מסוף קדמה-רמת השרון<->מסוף כרמלית/הכרמל-תל אביב יפו-2#,59021,2,#,מטרופולין,3,59021
144806115,8957676,585887836_190526,2026-05-20T13:35:00+00:00,2026-05-20T14:43:59+00:00,2026-05-20,23991,15,21,מסוף כרמלית/הכרמל-תל אביב יפו<->מסוף קדמה-רמת השרון-1#,59021,1,#,מטרופולין,3,59021
144797704,8957677,585888373_190526,2026-05-20T13:50:00+00:00,2026-05-20T14:55:59+00:00,2026-05-20,23992,15,21,מסוף קדמה-רמת השרון<->מסוף כרמלית/הכרמל-תל אביב יפו-2#,59021,2,#,מטרופולין,3,59021
144807467,8957676,585887837_190526,2026-05-20T13:55:00+00:00,2026-05-20T15:03:59+00:00,2026-05-20,23991,15,21,מסוף כרמלית/הכרמל-תל אביב יפו<->מסוף קדמה-רמת השרון-1#,59021,1,#,מטרופולין,3,59021
144805053,8957676,585887838_190526,2026-05-20T14:15:00+00:00,2026-05-20T15:23:59+00:00,2026-05-20,23991,15,21,מסוף כרמלית/הכרמל-תל אביב יפו<->מסוף קדמה-רמת השרון-1#,59021,1,#,מטרופולין,3,59021
144803847,8957676,585887839_190526,2026-05-20T14:35:00+00:00,2026-05-20T15:43:59+00:00,2026-05-20,23991,15,21,מסוף כרמלית/הכרמל-תל אביב יפו<->מסוף קדמה-רמת השרון-1#,59021,1,#,מטרופולין,3,59021
144805793,8957677,38677229_190526,2026-05-20T14:40:00+00:00,2026-05-20T15:45:59+00:00,2026-05-20,23992,15,21,מסוף קדמה-רמת השרון<->מסוף כרמלית/הכרמל-תל אביב יפו-2#,59021,2,#,מטרופולין,3,59021
144848909,8957676,585054826_190526,2026-05-20T14:55:00+00:00,2026-05-20T16:03:59+00:00,2026-05-20,23991,15,21,מסוף כרמלית/הכרמל-תל אביב יפו<->מסוף קדמה-רמת השרון-1#,59021,1,#,מטרופולין,3,59021
144803854,8957677,585888375_190526,2026-05-20T15:05:00+00:00,2026-05-20T16:10:59+00:00,2026-05-20,23992,15,21,מסוף קדמה-רמת השרון<->מסוף כרמלית/הכרמל-תל אביב יפו-2#,59021,2,#,מטרופולין,3,59021
144805054,8957676,585887840_190526,2026-05-20T15:25:00+00:00,2026-05-20T16:33:59+00:00,2026-05-20,23991,15,21,מסוף כרמלית/הכרמל-תל אביב יפו<->מסוף קדמה-רמת השרון-1#,59021,1,#,מטרופולין,3,59021
144848919,8957677,38677244_190526,2026-05-20T15:40:00+00:00,2026-05-20T16:45:59+00:00,2026-05-20,23992,15,21,מסוף קדמה-רמת השרון<->מסוף כרמלית/הכרמל-תל אביב יפו-2#,59021,2,#,מטרופולין,3,59021
144805055,8957676,585887841_190526,2026-05-20T15:55:00+00:00,2026-05-20T17:03:59+00:00,2026-05-20,23991,15,21,מסוף כרמלית/הכרמל-תל אביב יפו<->מסוף קדמה-רמת השרון-1#,59021,1,#,מטרופולין,3,59021
144797703,8957677,585252115_190526,2026-05-20T16:15:00+00:00,2026-05-20T17:20:59+00:00,2026-05-20,23992,15,21,מסוף קדמה-רמת השרון<->מסוף כרמלית/הכרמל-תל אביב יפו-2#,59021,2,#,מטרופולין,3,59021
144805056,8957676,585887842_190526,2026-05-20T16:25:00+00:00,2026-05-20T17:33:59+00:00,2026-05-20,23991,15,21,מסוף כרמלית/הכרמל-תל אביב יפו<->מסוף קדמה-רמת השרון-1#,59021,1,#,מטרופולין,3,59021
144807480,8957677,585888376_190526,2026-05-20T16:50:00+00:00,2026-05-20T17:55:59+00:00,2026-05-20,23992,15,21,מסוף קדמה-רמת השרון<->מסוף כרמלית/הכרמל-תל אביב יפו-2#,59021,2,#,מטרופולין,3,59021
144807468,8957676,585887843_190526,2026-05-20T16:55:00+00:00,2026-05-20T18:03:59+00:00,2026-05-20,23991,15,21,מסוף כרמלית/הכרמל-תל אביב יפו<->מסוף קדמה-רמת השרון-1#,59021,1,#,מטרופולין,3,59021
144805290,8957677,585888377_190526,2026-05-20T17:25:00+00:00,2026-05-20T18:30:59+00:00,2026-05-20,23992,15,21,מסוף קדמה-רמת השרון<->מסוף כרמלית/הכרמל-תל אביב יפו-2#,59021,2,#,מטרופולין,3,59021
144801421,8957676,585887844_190526,2026-05-20T17:25:00+00:00,2026-05-20T18:33:59+00:00,2026-05-20,23991,15,21,מסוף כרמלית/הכרמל-תל אביב יפו<->מסוף קדמה-רמת השרון-1#,59021,1,#,מטרופולין,3,59021
144848915,8957676,585887845_190526,2026-05-20T17:55:00+00:00,2026-05-20T19:03:59+00:00,2026-05-20,23991,15,21,מסוף כרמלית/הכרמל-תל אביב יפו<->מסוף קדמה-רמת השרון-1#,59021,1,#,מטרופולין,3,59021
144848921,8957677,585888378_190526,2026-05-20T18:10:00+00:00,2026-05-20T19:15:59+00:00,2026-05-20,23992,15,21,מסוף קדמה-רמת השרון<->מסוף כרמלית/הכרמל-תל אביב יפו-2#,59021,2,#,מטרופולין,3,59021
144805784,8957676,40282123_190526,2026-05-20T18:40:00+00:00,2026-05-20T19:48:59+00:00,2026-05-20,23991,15,21,מסוף כרמלית/הכרמל-תל אביב יפו<->מסוף קדמה-רמת השרון-1#,59021,1,#,מטרופולין,3,59021
144848917,8957677,35895754_190526,2026-05-20T19:00:00+00:00,2026-05-20T20:05:59+00:00,2026-05-20,23992,15,21,מסוף קדמה-רמת השרון<->מסוף כרמלית/הכרמל-תל אביב יפו-2#,59021,2,#,מטרופולין,3,59021
144801419,8957676,585532076_190526,2026-05-20T19:25:00+00:00,2026-05-20T20:33:59+00:00,2026-05-20,23991,15,21,מסוף כרמלית/הכרמל-תל אביב יפו<->מסוף קדמה-רמת השרון-1#,59021,1,#,מטרופולין,3,59021
144807481,8957677,585888379_190526,2026-05-20T19:50:00+00:00,2026-05-20T20:55:59+00:00,2026-05-20,23992,15,21,מסוף קדמה-רמת השרון<->מסוף כרמלית/הכרמל-תל אביב יפו-2#,59021,2,#,מטרופולין,3,59021
144806116,8957676,586136362_190526,2026-05-20T19:50:00+00:00,2026-05-20T20:58:59+00:00,2026-05-20,23991,15,21,מסוף כרמלית/הכרמל-תל אביב יפו<->מסוף קדמה-רמת השרון-1#,59021,1,#,מטרופולין,3,59021
144803843,8957676,585251919_190526,2026-05-20T20:15:00+00:00,2026-05-20T21:23:59+00:00,2026-05-20,23991,15,21,מסוף כרמלית/הכרמל-תל אביב יפו<->מסוף קדמה-רמת השרון-1#,59021,1,#,מטרופולין,3,59021
144801614,8957677,585243591_190526,2026-05-20T20:40:00+00:00,2026-05-20T21:45:59+00:00,2026-05-20,23992,15,21,מסוף קדמה-רמת השרון<->מסוף כרמלית/הכרמל-תל אביב יפו-2#,59021,2,#,מטרופולין,3,59021
144894142,8962893,35895863_210526,2026-05-21T03:30:00+00:00,2026-05-21T04:35:59+00:00,2026-05-21,23992,15,21,מסוף קדמה-רמת השרון<->מסוף כרמלית/הכרמל-תל אביב יפו-2#,59021,2,#,מטרופולין,3,59021
144895239,8962892,35895717_210526,2026-05-21T04:00:00+00:00,2026-05-21T05:08:59+00:00,2026-05-21,23991,15,21,מסוף כרמלית/הכרמל-תל אביב יפו<->מסוף קדמה-רמת השרון-1#,59021,1,#,מטרופולין,3,59021
144894145,8962893,35895877_210526,2026-05-21T04:00:00+00:00,2026-05-21T05:05:59+00:00,2026-05-21,23992,15,21,מסוף קדמה-רמת השרון<->מסוף כרמלית/הכרמל-תל אביב יפו-2#,59021,2,#,מטרופולין,3,59021
144890368,8962892,35895714_210526,2026-05-21T04:30:00+00:00,2026-05-21T05:38:59+00:00,2026-05-21,23991,15,21,מסוף כרמלית/הכרמל-תל אביב יפו<->מסוף קדמה-רמת השרון-1#,59021,1,#,מטרופולין,3,59021
144889447,8962893,35895868_210526,2026-05-21T04:30:00+00:00,2026-05-21T05:35:59+00:00,2026-05-21,23992,15,21,מסוף קדמה-רמת השרון<->מסוף כרמלית/הכרמל-תל אביב יפו-2#,59021,2,#,מטרופולין,3,59021
144894148,8962893,35895887_210526,2026-05-21T05:00:00+00:00,2026-05-21T06:05:59+00:00,2026-05-21,23992,15,21,מסוף קדמה-רמת השרון<->מסוף כרמלית/הכרמל-תל אביב יפו-2#,59021,2,#,מטרופולין,3,59021
144890367,8962892,35895699_210526,2026-05-21T05:00:00+00:00,2026-05-21T06:08:59+00:00,2026-05-21,23991,15,21,מסוף כרמלית/הכרמל-תל אביב יפו<->מסוף קדמה-רמת השרון-1#,59021,1,#,מטרופולין,3,59021
144895008,8962892,35895697_210526,2026-05-21T05:30:00+00:00,2026-05-21T06:38:59+00:00,2026-05-21,23991,15,21,מסוף כרמלית/הכרמל-תל אביב יפו<->מסוף קדמה-רמת השרון-1#,59021,1,#,מטרופולין,3,59021
144890390,8962893,35895889_210526,2026-05-21T05:30:00+00:00,2026-05-21T06:35:59+00:00,2026-05-21,23992,15,21,מסוף קדמה-רמת השרון<->מסוף כרמלית/הכרמל-תל אביב יפו-2#,59021,2,#,מטרופולין,3,59021
144916482,8962893,35895882_210526,2026-05-21T06:00:00+00:00,2026-05-21T07:05:59+00:00,2026-05-21,23992,15,21,מסוף קדמה-רמת השרון<->מסוף כרמלית/הכרמל-תל אביב יפו-2#,59021,2,#,מטרופולין,3,59021
144894041,8962892,35895711_210526,2026-05-21T06:00:00+00:00,2026-05-21T07:08:59+00:00,2026-05-21,23991,15,21,מסוף כרמלית/הכרמל-תל אביב יפו<->מסוף קדמה-רמת השרון-1#,59021,1,#,מטרופולין,3,59021
144895238,8962892,35895702_210526,2026-05-21T06:30:00+00:00,2026-05-21T07:38:59+00:00,2026-05-21,23991,15,21,מסוף כרמלית/הכרמל-תל אביב יפו<->מסוף קדמה-רמת השרון-1#,59021,1,#,מטרופולין,3,59021
144890388,8962893,35895880_210526,2026-05-21T06:30:00+00:00,2026-05-21T07:35:59+00:00,2026-05-21,23992,15,21,מסוף קדמה-רמת השרון<->מסוף כרמלית/הכרמל-תל אביב יפו-2#,59021,2,#,מטרופולין,3,59021
144890387,8962893,35895866_210526,2026-05-21T07:00:00+00:00,2026-05-21T08:05:59+00:00,2026-05-21,23992,15,21,מסוף קדמה-רמת השרון<->מסוף כרמלית/הכרמל-תל אביב יפו-2#,59021,2,#,מטרופולין,3,59021
144889442,8962892,35895721_210526,2026-05-21T07:00:00+00:00,2026-05-21T08:08:59+00:00,2026-05-21,23991,15,21,מסוף כרמלית/הכרמל-תל אביב יפו<->מסוף קדמה-רמת השרון-1#,59021,1,#,מטרופולין,3,59021
144895610,8962892,35895724_210526,2026-05-21T07:30:00+00:00,2026-05-21T08:38:59+00:00,2026-05-21,23991,15,21,מסוף כרמלית/הכרמל-תל אביב יפו<->מסוף קדמה-רמת השרון-1#,59021,1,#,מטרופולין,3,59021
144895011,8962893,35895881_210526,2026-05-21T07:30:00+00:00,2026-05-21T08:35:59+00:00,2026-05-21,23992,15,21,מסוף קדמה-רמת השרון<->מסוף כרמלית/הכרמל-תל אביב יפו-2#,59021,2,#,מטרופולין,3,59021
144916480,8962892,35895718_210526,2026-05-21T08:00:00+00:00,2026-05-21T09:08:59+00:00,2026-05-21,23991,15,21,מסוף כרמלית/הכרמל-תל אביב יפו<->מסוף קדמה-רמת השרון-1#,59021,1,#,מטרופולין,3,59021
144890026,8962893,35895864_210526,2026-05-21T08:00:00+00:00,2026-05-21T09:05:59+00:00,2026-05-21,23992,15,21,מסוף קדמה-רמת השרון<->מסוף כרמלית/הכרמל-תל אביב יפו-2#,59021,2,#,מטרופולין,3,59021
144916479,8962892,35895715_210526,2026-05-21T08:30:00+00:00,2026-05-21T09:38:59+00:00,2026-05-21,23991,15,21,מסוף כרמלית/הכרמל-תל אביב יפו<->מסוף קדמה-רמת השרון-1#,59021,1,#,מטרופולין,3,59021
144895010,8962893,35895869_210526,2026-05-21T08:30:00+00:00,2026-05-21T09:35:59+00:00,2026-05-21,23992,15,21,מסוף קדמה-רמת השרון<->מסוף כרמלית/הכרמל-תל אביב יפו-2#,59021,2,#,מטרופולין,3,59021
144895611,8962893,35895861_210526,2026-05-21T09:00:00+00:00,2026-05-21T10:05:59+00:00,2026-05-21,23992,15,21,מסוף קדמה-רמת השרון<->מסוף כרמלית/הכרמל-תל אביב יפו-2#,59021,2,#,מטרופולין,3,59021
144889441,8962892,35895700_210526,2026-05-21T09:00:00+00:00,2026-05-21T10:08:59+00:00,2026-05-21,23991,15,21,מסוף כרמלית/הכרמל-תל אביב יפו<->מסוף קדמה-רמת השרון-1#,59021,1,#,מטרופולין,3,59021
144894042,8962892,35895716_210526,2026-05-21T09:30:00+00:00,2026-05-21T10:38:59+00:00,2026-05-21,23991,15,21,מסוף כרמלית/הכרמל-תל אביב יפו<->מסוף קדמה-רמת השרון-1#,59021,1,#,מטרופולין,3,59021
144890389,8962893,35895888_210526,2026-05-21T09:30:00+00:00,2026-05-21T10:35:59+00:00,2026-05-21,23992,15,21,מסוף קדמה-רמת השרון<->מסוף כרמלית/הכרמל-תל אביב יפו-2#,59021,2,#,מטרופולין,3,59021
144916481,8962893,35895875_210526,2026-05-21T10:00:00+00:00,2026-05-21T11:05:59+00:00,2026-05-21,23992,15,21,מסוף קדמה-רמת השרון<->מסוף כרמלית/הכרמל-תל אביב יפו-2#,59021,2,#,מטרופולין,3,59021
144895009,8962892,35895698_210526,2026-05-21T10:00:00+00:00,2026-05-21T11:08:59+00:00,2026-05-21,23991,15,21,מסוף כרמלית/הכרמל-תל אביב יפו<->מסוף קדמה-רמת השרון-1#,59021,1,#,מטרופולין,3,59021
144895608,8962892,35895703_210526,2026-05-21T10:30:00+00:00,2026-05-21T11:38:59+00:00,2026-05-21,23991,15,21,מסוף כרמלית/הכרמל-תל אביב יפו<->מסוף קדמה-רמת השרון-1#,59021,1,#,מטרופולין,3,59021
144895257,8962893,35895867_210526,2026-05-21T10:30:00+00:00,2026-05-21T11:35:59+00:00,2026-05-21,23992,15,21,מסוף קדמה-רמת השרון<->מסוף כרמלית/הכרמל-תל אביב יפו-2#,59021,2,#,מטרופולין,3,59021
144916483,8962893,35895884_210526,2026-05-21T11:00:00+00:00,2026-05-21T12:05:59+00:00,2026-05-21,23992,15,21,מסוף קדמה-רמת השרון<->מסוף כרמלית/הכרמל-תל אביב יפו-2#,59021,2,#,מטרופולין,3,59021
144890366,8962892,35895695_210526,2026-05-21T11:00:00+00:00,2026-05-21T12:08:59+00:00,2026-05-21,23991,15,21,מסוף כרמלית/הכרמל-תל אביב יפו<->מסוף קדמה-רמת השרון-1#,59021,1,#,מטרופולין,3,59021
144895256,8962892,35895722_210526,2026-05-21T11:30:00+00:00,2026-05-21T12:38:59+00:00,2026-05-21,23991,15,21,מסוף כרמלית/הכרמל-תל אביב יפו<->מסוף קדמה-רמת השרון-1#,59021,1,#,מטרופולין,3,59021
144894146,8962893,35895878_210526,2026-05-21T11:30:00+00:00,2026-05-21T12:35:59+00:00,2026-05-21,23992,15,21,מסוף קדמה-רמת השרון<->מסוף כרמלית/הכרמל-תל אביב יפו-2#,59021,2,#,מטרופולין,3,59021
144916478,8962892,35895708_210526,2026-05-21T12:00:00+00:00,2026-05-21T13:08:59+00:00,2026-05-21,23991,15,21,מסוף כרמלית/הכרמל-תל אביב יפו<->מסוף קדמה-רמת השרון-1#,59021,1,#,מטרופולין,3,59021
144890025,8962893,35895858_210526,2026-05-21T12:00:00+00:00,2026-05-21T13:05:59+00:00,2026-05-21,23992,15,21,מסוף קדמה-רמת השרון<->מסוף כרמלית/הכרמל-תל אביב יפו-2#,59021,2,#,מטרופולין,3,59021
144895609,8962892,35895709_210526,2026-05-21T12:30:00+00:00,2026-05-21T13:38:59+00:00,2026-05-21,23991,15,21,מסוף כרמלית/הכרמל-תל אביב יפו<->מסוף קדמה-רמת השרון-1#,59021,1,#,מטרופולין,3,59021
144894143,8962893,35895870_210526,2026-05-21T12:30:00+00:00,2026-05-21T13:35:59+00:00,2026-05-21,23992,15,21,מסוף קדמה-רמת השרון<->מסוף כרמלית/הכרמל-תל אביב יפו-2#,59021,2,#,מטרופולין,3,59021
144895612,8962893,35895862_210526,2026-05-21T13:00:00+00:00,2026-05-21T14:05:59+00:00,2026-05-21,23992,15,21,מסוף קדמה-רמת השרון<->מסוף כרמלית/הכרמל-תל אביב יפו-2#,59021,2,#,מטרופולין,3,59021
144523298,8945414,584669368_170526,2026-05-17T21:00:00+00:00,2026-05-17T21:28:56+00:00,2026-05-18,29095,15,8,סינמה סיטי-רמת השרון<->מסוף קדמה-רמת השרון-2#,73008,2,#,מטרופולין,3,73008
144527217,8945413,584669292_170526,2026-05-17T21:15:00+00:00,2026-05-17T21:41:59+00:00,2026-05-18,29094,15,8,מסוף קדמה-רמת השרון<->סינמה סיטי-רמת השרון-1#,73008,1,#,מטרופולין,3,73008
144525969,8945413,584669257_170526,2026-05-18T03:45:00+00:00,2026-05-18T04:11:59+00:00,2026-05-18,29094,15,8,מסוף קדמה-רמת השרון<->סינמה סיטי-רמת השרון-1#,73008,1,#,מטרופולין,3,73008
144531775,8945414,584669334_170526,2026-05-18T04:00:00+00:00,2026-05-18T04:28:56+00:00,2026-05-18,29095,15,8,סינמה סיטי-רמת השרון<->מסוף קדמה-רמת השרון-2#,73008,2,#,מטרופולין,3,73008
144527212,8945413,584669258_170526,2026-05-18T04:15:00+00:00,2026-05-18T04:41:59+00:00,2026-05-18,29094,15,8,מסוף קדמה-רמת השרון<->סינמה סיטי-רמת השרון-1#,73008,1,#,מטרופולין,3,73008
144561606,8945414,584669335_170526,2026-05-18T04:30:00+00:00,2026-05-18T04:58:56+00:00,2026-05-18,29095,15,8,סינמה סיטי-רמת השרון<->מסוף קדמה-רמת השרון-2#,73008,2,#,מטרופולין,3,73008
144527213,8945413,584669259_170526,2026-05-18T04:45:00+00:00,2026-05-18T05:11:59+00:00,2026-05-18,29094,15,8,מסוף קדמה-רמת השרון<->סינמה סיטי-רמת השרון-1#,73008,1,#,מטרופולין,3,73008
144523299,8945414,584669336_170526,2026-05-18T05:00:00+00:00,2026-05-18T05:28:56+00:00,2026-05-18,29095,15,8,סינמה סיטי-רמת השרון<->מסוף קדמה-רמת השרון-2#,73008,2,#,מטרופולין,3,73008
144523843,8945413,584669260_170526,2026-05-18T05:15:00+00:00,2026-05-18T05:41:59+00:00,2026-05-18,29094,15,8,מסוף קדמה-רמת השרון<->סינמה סיטי-רמת השרון-1#,73008,1,#,מטרופולין,3,73008
144525972,8945414,584669337_170526,2026-05-18T05:30:00+00:00,2026-05-18T05:58:56+00:00,2026-05-18,29095,15,8,סינמה סיטי-רמת השרון<->מסוף קדמה-רמת השרון-2#,73008,2,#,מטרופולין,3,73008
144523687,8945413,584669261_170526,2026-05-18T05:45:00+00:00,2026-05-18T06:11:59+00:00,2026-05-18,29094,15,8,מסוף קדמה-רמת השרון<->סינמה סיטי-רמת השרון-1#,73008,1,#,מטרופולין,3,73008
144524363,8945414,584669338_170526,2026-05-18T06:00:00+00:00,2026-05-18T06:28:56+00:00,2026-05-18,29095,15,8,סינמה סיטי-רמת השרון<->מסוף קדמה-רמת השרון-2#,73008,2,#,מטרופולין,3,73008
144523688,8945413,584669262_170526,2026-05-18T06:15:00+00:00,2026-05-18T06:41:59+00:00,2026-05-18,29094,15,8,מסוף קדמה-רמת השרון<->סינמה סיטי-רמת השרון-1#,73008,1,#,מטרופולין,3,73008
144527247,8945414,584669339_170526,2026-05-18T06:30:00+00:00,2026-05-18T06:58:56+00:00,2026-05-18,29095,15,8,סינמה סיטי-רמת השרון<->מסוף קדמה-רמת השרון-2#,73008,2,#,מטרופולין,3,73008
144531718,8945413,584669263_170526,2026-05-18T06:45:00+00:00,2026-05-18T07:11:59+00:00,2026-05-18,29094,15,8,מסוף קדמה-רמת השרון<->סינמה סיטי-רמת השרון-1#,73008,1,#,מטרופולין,3,73008
144523844,8945414,584669340_170526,2026-05-18T07:00:00+00:00,2026-05-18T07:28:56+00:00,2026-05-18,29095,15,8,סינמה סיטי-רמת השרון<->מסוף קדמה-רמת השרון-2#,73008,2,#,מטרופולין,3,73008
144523689,8945413,584669264_170526,2026-05-18T07:15:00+00:00,2026-05-18T07:41:59+00:00,2026-05-18,29094,15,8,מסוף קדמה-רמת השרון<->סינמה סיטי-רמת השרון-1#,73008,1,#,מטרופולין,3,73008
144523845,8945414,584669341_170526,2026-05-18T07:30:00+00:00,2026-05-18T07:58:56+00:00,2026-05-18,29095,15,8,סינמה סיטי-רמת השרון<->מסוף קדמה-רמת השרון-2#,73008,2,#,מטרופולין,3,73008
144531719,8945413,584669265_170526,2026-05-18T07:45:00+00:00,2026-05-18T08:11:59+00:00,2026-05-18,29094,15,8,מסוף קדמה-רמת השרון<->סינמה סיטי-רמת השרון-1#,73008,1,#,מטרופולין,3,73008
144527248,8945414,584669342_170526,2026-05-18T08:00:00+00:00,2026-05-18T08:28:56+00:00,2026-05-18,29095,15,8,סינמה סיטי-רמת השרון<->מסוף קדמה-רמת השרון-2#,73008,2,#,מטרופולין,3,73008
144523690,8945413,584669266_170526,2026-05-18T08:15:00+00:00,2026-05-18T08:41:59+00:00,2026-05-18,29094,15,8,מסוף קדמה-רמת השרון<->סינמה סיטי-רמת השרון-1#,73008,1,#,מטרופולין,3,73008
144523691,8945414,584669343_170526,2026-05-18T08:30:00+00:00,2026-05-18T08:58:56+00:00,2026-05-18,29095,15,8,סינמה סיטי-רמת השרון<->מסוף קדמה-רמת השרון-2#,73008,2,#,מטרופולין,3,73008
144524306,8945413,584669267_170526,2026-05-18T08:45:00+00:00,2026-05-18T09:11:59+00:00,2026-05-18,29094,15,8,מסוף קדמה-רמת השרון<->סינמה סיטי-רמת השרון-1#,73008,1,#,מטרופולין,3,73008
144527249,8945414,584669344_170526,2026-05-18T09:00:00+00:00,2026-05-18T09:28:56+00:00,2026-05-18,29095,15,8,סינמה סיטי-רמת השרון<->מסוף קדמה-רמת השרון-2#,73008,2,#,מטרופולין,3,73008
144531720,8945413,584669268_170526,2026-05-18T09:15:00+00:00,2026-05-18T09:41:59+00:00,2026-05-18,29094,15,8,מסוף קדמה-רמת השרון<->סינמה סיטי-רמת השרון-1#,73008,1,#,מטרופולין,3,73008
144561607,8945414,584669345_170526,2026-05-18T09:30:00+00:00,2026-05-18T09:58:56+00:00,2026-05-18,29095,15,8,סינמה סיטי-רמת השרון<->מסוף קדמה-רמת השרון-2#,73008,2,#,מטרופולין,3,73008
144531721,8945413,584669269_170526,2026-05-18T09:45:00+00:00,2026-05-18T10:11:59+00:00,2026-05-18,29094,15,8,מסוף קדמה-רמת השרון<->סינמה סיטי-רמת השרון-1#,73008,1,#,מטרופולין,3,73008
144523300,8945414,584669346_170526,2026-05-18T10:00:00+00:00,2026-05-18T10:28:56+00:00,2026-05-18,29095,15,8,סינמה סיטי-רמת השרון<->מסוף קדמה-רמת השרון-2#,73008,2,#,מטרופולין,3,73008
144527214,8945413,584669270_170526,2026-05-18T10:15:00+00:00,2026-05-18T10:41:59+00:00,2026-05-18,29094,15,8,מסוף קדמה-רמת השרון<->סינמה סיטי-רמת השרון-1#,73008,1,#,מטרופולין,3,73008
144561608,8945414,584669347_170526,2026-05-18T10:30:00+00:00,2026-05-18T10:58:56+00:00,2026-05-18,29095,15,8,סינמה סיטי-רמת השרון<->מסוף קדמה-רמת השרון-2#,73008,2,#,מטרופולין,3,73008
144527215,8945413,584669271_170526,2026-05-18T10:45:00+00:00,2026-05-18T11:11:59+00:00,2026-05-18,29094,15,8,מסוף קדמה-רמת השרון<->סינמה סיטי-רמת השרון-1#,73008,1,#,מטרופולין,3,73008
144527250,8945414,584669348_170526,2026-05-18T11:00:00+00:00,2026-05-18T11:28:56+00:00,2026-05-18,29095,15,8,סינמה סיטי-רמת השרון<->מסוף קדמה-רמת השרון-2#,73008,2,#,מטרופולין,3,73008
144531722,8945413,584669272_170526,2026-05-18T11:15:00+00:00,2026-05-18T11:41:59+00:00,2026-05-18,29094,15,8,מסוף קדמה-רמת השרון<->סינמה סיטי-רמת השרון-1#,73008,1,#,מטרופולין,3,73008
144524364,8945414,584669349_170526,2026-05-18T11:30:00+00:00,2026-05-18T11:58:56+00:00,2026-05-18,29095,15,8,סינמה סיטי-רמת השרון<->מסוף קדמה-רמת השרון-2#,73008,2,#,מטרופולין,3,73008
144561601,8945413,584669273_170526,2026-05-18T11:45:00+00:00,2026-05-18T12:11:59+00:00,2026-05-18,29094,15,8,מסוף קדמה-רמת השרון<->סינמה סיטי-רמת השרון-1#,73008,1,#,מטרופולין,3,73008
144525970,8945413,584669274_170526,2026-05-18T12:15:00+00:00,2026-05-18T12:41:59+00:00,2026-05-18,29094,15,8,מסוף קדמה-רמת השרון<->סינמה סיטי-רמת השרון-1#,73008,1,#,מטרופולין,3,73008
144527251,8945414,584669351_170526,2026-05-18T12:30:00+00:00,2026-05-18T12:58:56+00:00,2026-05-18,29095,15,8,סינמה סיטי-רמת השרון<->מסוף קדמה-רמת השרון-2#,73008,2,#,מטרופולין,3,73008
144531776,8945414,584669352_170526,2026-05-18T13:00:00+00:00,2026-05-18T13:28:56+00:00,2026-05-18,29095,15,8,סינמה סיטי-רמת השרון<->מסוף קדמה-רמת השרון-2#,73008,2,#,מטרופולין,3,73008
144561602,8945413,584669276_170526,2026-05-18T13:15:00+00:00,2026-05-18T13:41:59+00:00,2026-05-18,29094,15,8,מסוף קדמה-רמת השרון<->סינמה סיטי-רמת השרון-1#,73008,1,#,מטרופולין,3,73008
144561603,8945413,584669277_170526,2026-05-18T13:45:00+00:00,2026-05-18T14:11:59+00:00,2026-05-18,29094,15,8,מסוף קדמה-רמת השרון<->סינמה סיטי-רמת השרון-1#,73008,1,#,מטרופולין,3,73008
144523322,8945414,584669354_170526,2026-05-18T14:00:00+00:00,2026-05-18T14:28:56+00:00,2026-05-18,29095,15,8,סינמה סיטי-רמת השרון<->מסוף קדמה-רמת השרון-2#,73008,2,#,מטרופולין,3,73008
144527252,8945414,584669355_170526,2026-05-18T14:30:00+00:00,2026-05-18T14:58:56+00:00,2026-05-18,29095,15,8,סינמה סיטי-רמת השרון<->מסוף קדמה-רמת השרון-2#,73008,2,#,מטרופולין,3,73008
144523295,8945413,584669279_170526,2026-05-18T14:45:00+00:00,2026-05-18T15:11:59+00:00,2026-05-18,29094,15,8,מסוף קדמה-רמת השרון<->סינמה סיטי-רמת השרון-1#,73008,1,#,מטרופולין,3,73008
144523323,8945414,584669356_170526,2026-05-18T15:00:00+00:00,2026-05-18T15:28:56+00:00,2026-05-18,29095,15,8,סינמה סיטי-רמת השרון<->מסוף קדמה-רמת השרון-2#,73008,2,#,מטרופולין,3,73008
144561604,8945413,584669280_170526,2026-05-18T15:15:00+00:00,2026-05-18T15:41:59+00:00,2026-05-18,29094,15,8,מסוף קדמה-רמת השרון<->סינמה סיטי-רמת השרון-1#,73008,1,#,מטרופולין,3,73008
144531723,8945413,584669281_170526,2026-05-18T15:45:00+00:00,2026-05-18T16:11:59+00:00,2026-05-18,29094,15,8,מסוף קדמה-רמת השרון<->סינמה סיטי-רמת השרון-1#,73008,1,#,מטרופולין,3,73008
144523846,8945414,584669358_170526,2026-05-18T16:00:00+00:00,2026-05-18T16:28:56+00:00,2026-05-18,29095,15,8,סינמה סיטי-רמת השרון<->מסוף קדמה-רמת השרון-2#,73008,2,#,מטרופולין,3,73008
144525973,8945414,584669359_170526,2026-05-18T16:30:00+00:00,2026-05-18T16:58:56+00:00,2026-05-18,29095,15,8,סינמה סיטי-רמת השרון<->מסוף קדמה-רמת השרון-2#,73008,2,#,מטרופולין,3,73008
144527216,8945413,584669283_170526,2026-05-18T16:45:00+00:00,2026-05-18T17:11:59+00:00,2026-05-18,29094,15,8,מסוף קדמה-רמת השרון<->סינמה סיטי-רמת השרון-1#,73008,1,#,מטרופולין,3,73008
144531724,8945413,584669284_170526,2026-05-18T17:15:00+00:00,2026-05-18T17:41:59+00:00,2026-05-18,29094,15,8,מסוף קדמה-רמת השרון<->סינמה סיטי-רמת השרון-1#,73008,1,#,מטרופולין,3,73008
144525974,8945414,584669361_170526,2026-05-18T17:30:00+00:00,2026-05-18T17:58:56+00:00,2026-05-18,29095,15,8,סינמה סיטי-רמת השרון<->מסוף קדמה-רמת השרון-2#,73008,2,#,מטרופולין,3,73008
144523692,8945414,584669362_170526,2026-05-18T18:00:00+00:00,2026-05-18T18:28:56+00:00,2026-05-18,29095,15,8,סינמה סיטי-רמת השרון<->מסוף קדמה-רמת השרון-2#,73008,2,#,מטרופולין,3,73008
144523296,8945413,584669286_170526,2026-05-18T18:15:00+00:00,2026-05-18T18:41:59+00:00,2026-05-18,29094,15,8,מסוף קדמה-רמת השרון<->סינמה סיטי-רמת השרון-1#,73008,1,#,מטרופולין,3,73008
144524307,8945413,584669287_170526,2026-05-18T18:45:00+00:00,2026-05-18T19:11:59+00:00,2026-05-18,29094,15,8,מסוף קדמה-רמת השרון<->סינמה סיטי-רמת השרון-1#,73008,1,#,מטרופולין,3,73008
144525975,8945414,584669364_170526,2026-05-18T19:00:00+00:00,2026-05-18T19:28:56+00:00,2026-05-18,29095,15,8,סינמה סיטי-רמת השרון<->מסוף קדמה-רמת השרון-2#,73008,2,#,מטרופולין,3,73008
144531777,8945414,584669365_170526,2026-05-18T19:30:00+00:00,2026-05-18T19:58:56+00:00,2026-05-18,29095,15,8,סינמה סיטי-רמת השרון<->מסוף קדמה-רמת השרון-2#,73008,2,#,מטרופולין,3,73008
144525971,8945413,584669289_170526,2026-05-18T19:45:00+00:00,2026-05-18T20:11:59+00:00,2026-05-18,29094,15,8,מסוף קדמה-רמת השרון<->סינמה סיטי-רמת השרון-1#,73008,1,#,מטרופולין,3,73008
144561605,8945413,584669290_170526,2026-05-18T20:15:00+00:00,2026-05-18T20:41:59+00:00,2026-05-18,29094,15,8,מסוף קדמה-רמת השרון<->סינמה סיטי-רמת השרון-1#,73008,1,#,מטרופולין,3,73008
144523325,8945414,584669367_170526,2026-05-18T20:30:00+00:00,2026-05-18T20:58:56+00:00,2026-05-18,29095,15,8,סינמה סיטי-רמת השרון<->מסוף קדמה-רמת השרון-2#,73008,2,#,מטרופולין,3,73008
144705603,8951829,584669368_180526,2026-05-18T21:00:00+00:00,2026-05-18T21:28:56+00:00,2026-05-19,29095,15,8,סינמה סיטי-רמת השרון<->מסוף קדמה-רמת השרון-2#,73008,2,#,מטרופולין,3,73008
144671400,8951828,584669292_180526,2026-05-18T21:15:00+00:00,2026-05-18T21:41:59+00:00,2026-05-19,29094,15,8,מסוף קדמה-רמת השרון<->סינמה סיטי-רמת השרון-1#,73008,1,#,מטרופולין,3,73008
144665052,8951828,584669257_180526,2026-05-19T03:45:00+00:00,2026-05-19T04:11:59+00:00,2026-05-19,29094,15,8,מסוף קדמה-רמת השרון<->סינמה סיטי-רמת השרון-1#,73008,1,#,מטרופולין,3,73008
144676967,8951829,584669334_180526,2026-05-19T04:00:00+00:00,2026-05-19T04:28:56+00:00,2026-05-19,29095,15,8,סינמה סיטי-רמת השרון<->מסוף קדמה-רמת השרון-2#,73008,2,#,מטרופולין,3,73008
144665053,8951828,584669258_180526,2026-05-19T04:15:00+00:00,2026-05-19T04:41:59+00:00,2026-05-19,29094,15,8,מסוף קדמה-רמת השרון<->סינמה סיטי-רמת השרון-1#,73008,1,#,מטרופולין,3,73008
144666300,8951829,584669335_180526,2026-05-19T04:30:00+00:00,2026-05-19T04:58:56+00:00,2026-05-19,29095,15,8,סינמה סיטי-רמת השרון<->מסוף קדמה-רמת השרון-2#,73008,2,#,מטרופולין,3,73008
144666293,8951828,584669259_180526,2026-05-19T04:45:00+00:00,2026-05-19T05:11:59+00:00,2026-05-19,29094,15,8,מסוף קדמה-רמת השרון<->סינמה סיטי-רמת השרון-1#,73008,1,#,מטרופולין,3,73008
144666301,8951829,584669336_180526,2026-05-19T05:00:00+00:00,2026-05-19T05:28:56+00:00,2026-05-19,29095,15,8,סינמה סיטי-רמת השרון<->מסוף קדמה-רמת השרון-2#,73008,2,#,מטרופולין,3,73008
144666294,8951828,584669260_180526,2026-05-19T05:15:00+00:00,2026-05-19T05:41:59+00:00,2026-05-19,29094,15,8,מסוף קדמה-רמת השרון<->סינמה סיטי-רמת השרון-1#,73008,1,#,מטרופולין,3,73008
144705604,8951829,584669337_180526,2026-05-19T05:30:00+00:00,2026-05-19T05:58:56+00:00,2026-05-19,29095,15,8,סינמה סיטי-רמת השרון<->מסוף קדמה-רמת השרון-2#,73008,2,#,מטרופולין,3,73008
144665055,8951828,584669261_180526,2026-05-19T05:45:00+00:00,2026-05-19T06:11:59+00:00,2026-05-19,29094,15,8,מסוף קדמה-רמת השרון<->סינמה סיטי-רמת השרון-1#,73008,1,#,מטרופולין,3,73008
144665161,8951829,584669338_180526,2026-05-19T06:00:00+00:00,2026-05-19T06:28:56+00:00,2026-05-19,29095,15,8,סינמה סיטי-רמת השרון<->מסוף קדמה-רמת השרון-2#,73008,2,#,מטרופולין,3,73008
144676965,8951828,584669262_180526,2026-05-19T06:15:00+00:00,2026-05-19T06:41:59+00:00,2026-05-19,29094,15,8,מסוף קדמה-רמת השרון<->סינמה סיטי-רמת השרון-1#,73008,1,#,מטרופולין,3,73008
144665183,8951829,584669339_180526,2026-05-19T06:30:00+00:00,2026-05-19T06:58:56+00:00,2026-05-19,29095,15,8,סינמה סיטי-רמת השרון<->מסוף קדמה-רמת השרון-2#,73008,2,#,מטרופולין,3,73008
144671397,8951828,584669263_180526,2026-05-19T06:45:00+00:00,2026-05-19T07:11:59+00:00,2026-05-19,29094,15,8,מסוף קדמה-רמת השרון<->סינמה סיטי-רמת השרון-1#,73008,1,#,מטרופולין,3,73008
144666302,8951829,584669340_180526,2026-05-19T07:00:00+00:00,2026-05-19T07:28:56+00:00,2026-05-19,29095,15,8,סינמה סיטי-רמת השרון<->מסוף קדמה-רמת השרון-2#,73008,2,#,מטרופולין,3,73008
144668397,8951828,584669264_180526,2026-05-19T07:15:00+00:00,2026-05-19T07:41:59+00:00,2026-05-19,29094,15,8,מסוף קדמה-רמת השרון<->סינמה סיטי-רמת השרון-1#,73008,1,#,מטרופולין,3,73008
144665184,8951829,584669341_180526,2026-05-19T07:30:00+00:00,2026-05-19T07:58:56+00:00,2026-05-19,29095,15,8,סינמה סיטי-רמת השרון<->מסוף קדמה-רמת השרון-2#,73008,2,#,מטרופולין,3,73008
144671398,8951828,584669265_180526,2026-05-19T07:45:00+00:00,2026-05-19T08:11:59+00:00,2026-05-19,29094,15,8,מסוף קדמה-רמת השרון<->סינמה סיטי-רמת השרון-1#,73008,1,#,מטרופולין,3,73008
144671428,8951829,584669342_180526,2026-05-19T08:00:00+00:00,2026-05-19T08:28:56+00:00,2026-05-19,29095,15,8,סינמה סיטי-רמת השרון<->מסוף קדמה-רמת השרון-2#,73008,2,#,מטרופולין,3,73008
144670377,8951828,584669266_180526,2026-05-19T08:15:00+00:00,2026-05-19T08:41:59+00:00,2026-05-19,29094,15,8,מסוף קדמה-רמת השרון<->סינמה סיטי-רמת השרון-1#,73008,1,#,מטרופולין,3,73008
144670379,8951829,584669343_180526,2026-05-19T08:30:00+00:00,2026-05-19T08:58:56+00:00,2026-05-19,29095,15,8,סינמה סיטי-רמת השרון<->מסוף קדמה-רמת השרון-2#,73008,2,#,מטרופולין,3,73008
144705599,8951828,584669267_180526,2026-05-19T08:45:00+00:00,2026-05-19T09:11:59+00:00,2026-05-19,29094,15,8,מסוף קדמה-רמת השרון<->סינמה סיטי-רמת השרון-1#,73008,1,#,מטרופולין,3,73008
144666303,8951829,584669344_180526,2026-05-19T09:00:00+00:00,2026-05-19T09:28:56+00:00,2026-05-19,29095,15,8,סינמה סיטי-רמת השרון<->מסוף קדמה-רמת השרון-2#,73008,2,#,מטרופולין,3,73008
144673717,8951828,584669268_180526,2026-05-19T09:15:00+00:00,2026-05-19T09:41:59+00:00,2026-05-19,29094,15,8,מסוף קדמה-רמת השרון<->סינמה סיטי-רמת השרון-1#,73008,1,#,מטרופולין,3,73008
144666304,8951829,584669345_180526,2026-05-19T09:30:00+00:00,2026-05-19T09:58:56+00:00,2026-05-19,29095,15,8,סינמה סיטי-רמת השרון<->מסוף קדמה-רמת השרון-2#,73008,2,#,מטרופולין,3,73008
144665056,8951828,584669269_180526,2026-05-19T09:45:00+00:00,2026-05-19T10:11:59+00:00,2026-05-19,29094,15,8,מסוף קדמה-רמת השרון<->סינמה סיטי-רמת השרון-1#,73008,1,#,מטרופולין,3,73008
144668465,8951829,584669346_180526,2026-05-19T10:00:00+00:00,2026-05-19T10:28:56+00:00,2026-05-19,29095,15,8,סינמה סיטי-רמת השרון<->מסוף קדמה-רמת השרון-2#,73008,2,#,מטרופולין,3,73008
144705600,8951828,584669270_180526,2026-05-19T10:15:00+00:00,2026-05-19T10:41:59+00:00,2026-05-19,29094,15,8,מסוף קדמה-רמת השרון<->סינמה סיטי-רמת השרון-1#,73008,1,#,מטרופולין,3,73008
144668466,8951829,584669347_180526,2026-05-19T10:30:00+00:00,2026-05-19T10:58:56+00:00,2026-05-19,29095,15,8,סינמה סיטי-רמת השרון<->מסוף קדמה-רמת השרון-2#,73008,2,#,מטרופולין,3,73008
144665063,8951828,584669271_180526,2026-05-19T10:45:00+00:00,2026-05-19T11:11:59+00:00,2026-05-19,29094,15,8,מסוף קדמה-רמת השרון<->סינמה סיטי-רמת השרון-1#,73008,1,#,מטרופולין,3,73008
144705605,8951829,584669348_180526,2026-05-19T11:00:00+00:00,2026-05-19T11:28:56+00:00,2026-05-19,29095,15,8,סינמה סיטי-רמת השרון<->מסוף קדמה-רמת השרון-2#,73008,2,#,מטרופולין,3,73008
144668398,8951828,584669272_180526,2026-05-19T11:15:00+00:00,2026-05-19T11:41:59+00:00,2026-05-19,29094,15,8,מסוף קדמה-רמת השרון<->סינמה סיטי-רמת השרון-1#,73008,1,#,מטרופולין,3,73008
144705606,8951829,584669349_180526,2026-05-19T11:30:00+00:00,2026-05-19T11:58:56+00:00,2026-05-19,29095,15,8,סינמה סיטי-רמת השרון<->מסוף קדמה-רמת השרון-2#,73008,2,#,מטרופולין,3,73008
144665064,8951828,584669273_180526,2026-05-19T11:45:00+00:00,2026-05-19T12:11:59+00:00,2026-05-19,29094,15,8,מסוף קדמה-רמת השרון<->סינמה סיטי-רמת השרון-1#,73008,1,#,מטרופולין,3,73008
144668399,8951828,584669274_180526,2026-05-19T12:15:00+00:00,2026-05-19T12:41:59+00:00,2026-05-19,29094,15,8,מסוף קדמה-רמת השרון<->סינמה סיטי-רמת השרון-1#,73008,1,#,מטרופולין,3,73008
144676968,8951829,584669351_180526,2026-05-19T12:30:00+00:00,2026-05-19T12:58:56+00:00,2026-05-19,29095,15,8,סינמה סיטי-רמת השרון<->מסוף קדמה-רמת השרון-2#,73008,2,#,מטרופולין,3,73008
144666305,8951829,584669352_180526,2026-05-19T13:00:00+00:00,2026-05-19T13:28:56+00:00,2026-05-19,29095,15,8,סינמה סיטי-רמת השרון<->מסוף קדמה-רמת השרון-2#,73008,2,#,מטרופולין,3,73008
144673718,8951828,584669276_180526,2026-05-19T13:15:00+00:00,2026-05-19T13:41:59+00:00,2026-05-19,29094,15,8,מסוף קדמה-רמת השרון<->סינמה סיטי-רמת השרון-1#,73008,1,#,מטרופולין,3,73008
144665065,8951828,584669277_180526,2026-05-19T13:45:00+00:00,2026-05-19T14:11:59+00:00,2026-05-19,29094,15,8,מסוף קדמה-רמת השרון<->סינמה סיטי-רמת השרון-1#,73008,1,#,מטרופולין,3,73008
144673748,8951829,584669354_180526,2026-05-19T14:00:00+00:00,2026-05-19T14:28:56+00:00,2026-05-19,29095,15,8,סינמה סיטי-רמת השרון<->מסוף קדמה-רמת השרון-2#,73008,2,#,מטרופולין,3,73008
144671429,8951829,584669355_180526,2026-05-19T14:30:00+00:00,2026-05-19T14:58:56+00:00,2026-05-19,29095,15,8,סינמה סיטי-רמת השרון<->מסוף קדמה-רמת השרון-2#,73008,2,#,מטרופולין,3,73008
144705601,8951828,584669279_180526,2026-05-19T14:45:00+00:00,2026-05-19T15:11:59+00:00,2026-05-19,29094,15,8,מסוף קדמה-רמת השרון<->סינמה סיטי-רמת השרון-1#,73008,1,#,מטרופולין,3,73008
144670380,8951829,584669356_180526,2026-05-19T15:00:00+00:00,2026-05-19T15:28:56+00:00,2026-05-19,29095,15,8,סינמה סיטי-רמת השרון<->מסוף קדמה-רמת השרון-2#,73008,2,#,מטרופולין,3,73008
144671399,8951828,584669280_180526,2026-05-19T15:15:00+00:00,2026-05-19T15:41:59+00:00,2026-05-19,29094,15,8,מסוף קדמה-רמת השרון<->סינמה סיטי-רמת השרון-1#,73008,1,#,מטרופולין,3,73008
144673719,8951828,584669281_180526,2026-05-19T15:45:00+00:00,2026-05-19T16:11:59+00:00,2026-05-19,29094,15,8,מסוף קדמה-רמת השרון<->סינמה סיטי-רמת השרון-1#,73008,1,#,מטרופולין,3,73008
144665185,8951829,584669358_180526,2026-05-19T16:00:00+00:00,2026-05-19T16:28:56+00:00,2026-05-19,29095,15,8,סינמה סיטי-רמת השרון<->מסוף קדמה-רמת השרון-2#,73008,2,#,מטרופולין,3,73008
144666306,8951829,584669359_180526,2026-05-19T16:30:00+00:00,2026-05-19T16:58:56+00:00,2026-05-19,29095,15,8,סינמה סיטי-רמת השרון<->מסוף קדמה-רמת השרון-2#,73008,2,#,מטרופולין,3,73008
144665066,8951828,584669283_180526,2026-05-19T16:45:00+00:00,2026-05-19T17:11:59+00:00,2026-05-19,29094,15,8,מסוף קדמה-רמת השרון<->סינמה סיטי-רמת השרון-1#,73008,1,#,מטרופולין,3,73008
144705602,8951828,584669284_180526,2026-05-19T17:15:00+00:00,2026-05-19T17:41:59+00:00,2026-05-19,29094,15,8,מסוף קדמה-רמת השרון<->סינמה סיטי-רמת השרון-1#,73008,1,#,מטרופולין,3,73008
144671430,8951829,584669361_180526,2026-05-19T17:30:00+00:00,2026-05-19T17:58:56+00:00,2026-05-19,29095,15,8,סינמה סיטי-רמת השרון<->מסוף קדמה-רמת השרון-2#,73008,2,#,מטרופולין,3,73008
144666307,8951829,584669362_180526,2026-05-19T18:00:00+00:00,2026-05-19T18:28:56+00:00,2026-05-19,29095,15,8,סינמה סיטי-רמת השרון<->מסוף קדמה-רמת השרון-2#,73008,2,#,מטרופולין,3,73008
144673720,8951828,584669286_180526,2026-05-19T18:15:00+00:00,2026-05-19T18:41:59+00:00,2026-05-19,29094,15,8,מסוף קדמה-רמת השרון<->סינמה סיטי-רמת השרון-1#,73008,1,#,מטרופולין,3,73008
144676966,8951828,584669287_180526,2026-05-19T18:45:00+00:00,2026-05-19T19:11:59+00:00,2026-05-19,29094,15,8,מסוף קדמה-רמת השרון<->סינמה סיטי-רמת השרון-1#,73008,1,#,מטרופולין,3,73008
144670381,8951829,584669364_180526,2026-05-19T19:00:00+00:00,2026-05-19T19:28:56+00:00,2026-05-19,29095,15,8,סינמה סיטי-רמת השרון<->מסוף קדמה-רמת השרון-2#,73008,2,#,מטרופולין,3,73008
144673750,8951829,584669365_180526,2026-05-19T19:30:00+00:00,2026-05-19T19:58:56+00:00,2026-05-19,29095,15,8,סינמה סיטי-רמת השרון<->מסוף קדמה-רמת השרון-2#,73008,2,#,מטרופולין,3,73008
144670378,8951828,584669289_180526,2026-05-19T19:45:00+00:00,2026-05-19T20:11:59+00:00,2026-05-19,29094,15,8,מסוף קדמה-רמת השרון<->סינמה סיטי-רמת השרון-1#,73008,1,#,מטרופולין,3,73008
144666295,8951828,584669290_180526,2026-05-19T20:15:00+00:00,2026-05-19T20:41:59+00:00,2026-05-19,29094,15,8,מסוף קדמה-רמת השרון<->סינמה סיטי-רמת השרון-1#,73008,1,#,מטרופולין,3,73008
144671431,8951829,584669367_180526,2026-05-19T20:30:00+00:00,2026-05-19T20:58:56+00:00,2026-05-19,29095,15,8,סינמה סיטי-רמת השרון<->מסוף קדמה-רמת השרון-2#,73008,2,#,מטרופולין,3,73008
144813881,8958233,584669368_190526,2026-05-19T21:00:00+00:00,2026-05-19T21:28:56+00:00,2026-05-20,29095,15,8,סינמה סיטי-רמת השרון<->מסוף קדמה-רמת השרון-2#,73008,2,#,מטרופולין,3,73008
144818523,8958232,584669292_190526,2026-05-19T21:15:00+00:00,2026-05-19T21:41:59+00:00,2026-05-20,29094,15,8,מסוף קדמה-רמת השרון<->סינמה סיטי-רמת השרון-1#,73008,1,#,מטרופולין,3,73008
144818524,8958232,584669257_190526,2026-05-20T03:45:00+00:00,2026-05-20T04:11:59+00:00,2026-05-20,29094,15,8,מסוף קדמה-רמת השרון<->סינמה סיטי-רמת השרון-1#,73008,1,#,מטרופולין,3,73008
144808870,8958233,584669334_190526,2026-05-20T04:00:00+00:00,2026-05-20T04:28:56+00:00,2026-05-20,29095,15,8,סינמה סיטי-רמת השרון<->מסוף קדמה-רמת השרון-2#,73008,2,#,מטרופולין,3,73008
144808864,8958232,584669258_190526,2026-05-20T04:15:00+00:00,2026-05-20T04:41:59+00:00,2026-05-20,29094,15,8,מסוף קדמה-רמת השרון<->סינמה סיטי-רמת השרון-1#,73008,1,#,מטרופולין,3,73008
144810733,8958233,584669335_190526,2026-05-20T04:30:00+00:00,2026-05-20T04:58:56+00:00,2026-05-20,29095,15,8,סינמה סיטי-רמת השרון<->מסוף קדמה-רמת השרון-2#,73008,2,#,מטרופולין,3,73008
144850394,8958232,584669259_190526,2026-05-20T04:45:00+00:00,2026-05-20T05:11:59+00:00,2026-05-20,29094,15,8,מסוף קדמה-רמת השרון<->סינמה סיטי-רמת השרון-1#,73008,1,#,מטרופולין,3,73008
144818531,8958233,584669336_190526,2026-05-20T05:00:00+00:00,2026-05-20T05:28:56+00:00,2026-05-20,29095,15,8,סינמה סיטי-רמת השרון<->מסוף קדמה-רמת השרון-2#,73008,2,#,מטרופולין,3,73008
144813728,8958232,584669260_190526,2026-05-20T05:15:00+00:00,2026-05-20T05:41:59+00:00,2026-05-20,29094,15,8,מסוף קדמה-רמת השרון<->סינמה סיטי-רמת השרון-1#,73008,1,#,מטרופולין,3,73008
144850397,8958233,584669337_190526,2026-05-20T05:30:00+00:00,2026-05-20T05:58:56+00:00,2026-05-20,29095,15,8,סינמה סיטי-רמת השרון<->מסוף קדמה-רמת השרון-2#,73008,2,#,מטרופולין,3,73008
144808865,8958232,584669261_190526,2026-05-20T05:45:00+00:00,2026-05-20T06:11:59+00:00,2026-05-20,29094,15,8,מסוף קדמה-רמת השרון<->סינמה סיטי-רמת השרון-1#,73008,1,#,מטרופולין,3,73008
144808871,8958233,584669338_190526,2026-05-20T06:00:00+00:00,2026-05-20T06:28:56+00:00,2026-05-20,29095,15,8,סינמה סיטי-רמת השרון<->מסוף קדמה-רמת השרון-2#,73008,2,#,מטרופולין,3,73008
144810708,8958232,584669262_190526,2026-05-20T06:15:00+00:00,2026-05-20T06:41:59+00:00,2026-05-20,29094,15,8,מסוף קדמה-רמת השרון<->סינמה סיטי-רמת השרון-1#,73008,1,#,מטרופולין,3,73008
144813882,8958233,584669339_190526,2026-05-20T06:30:00+00:00,2026-05-20T06:58:56+00:00,2026-05-20,29095,15,8,סינמה סיטי-רמת השרון<->מסוף קדמה-רמת השרון-2#,73008,2,#,מטרופולין,3,73008
144817026,8958232,584669263_190526,2026-05-20T06:45:00+00:00,2026-05-20T07:11:59+00:00,2026-05-20,29094,15,8,מסוף קדמה-רמת השרון<->סינמה סיטי-רמת השרון-1#,73008,1,#,מטרופולין,3,73008
144810734,8958233,584669340_190526,2026-05-20T07:00:00+00:00,2026-05-20T07:28:56+00:00,2026-05-20,29095,15,8,סינמה סיטי-רמת השרון<->מסוף קדמה-רמת השרון-2#,73008,2,#,מטרופולין,3,73008
144816250,8958232,584669264_190526,2026-05-20T07:15:00+00:00,2026-05-20T07:41:59+00:00,2026-05-20,29094,15,8,מסוף קדמה-רמת השרון<->סינמה סיטי-רמת השרון-1#,73008,1,#,מטרופולין,3,73008
144850398,8958233,584669341_190526,2026-05-20T07:30:00+00:00,2026-05-20T07:58:56+00:00,2026-05-20,29095,15,8,סינמה סיטי-רמת השרון<->מסוף קדמה-רמת השרון-2#,73008,2,#,מטרופולין,3,73008
144816251,8958232,584669265_190526,2026-05-20T07:45:00+00:00,2026-05-20T08:11:59+00:00,2026-05-20,29094,15,8,מסוף קדמה-רמת השרון<->סינמה סיטי-רמת השרון-1#,73008,1,#,מטרופולין,3,73008
144816412,8958233,584669342_190526,2026-05-20T08:00:00+00:00,2026-05-20T08:28:56+00:00,2026-05-20,29095,15,8,סינמה סיטי-רמת השרון<->מסוף קדמה-רמת השרון-2#,73008,2,#,מטרופולין,3,73008
144808866,8958232,584669266_190526,2026-05-20T08:15:00+00:00,2026-05-20T08:41:59+00:00,2026-05-20,29094,15,8,מסוף קדמה-רמת השרון<->סינמה סיטי-רמת השרון-1#,73008,1,#,מטרופולין,3,73008
144850399,8958233,584669343_190526,2026-05-20T08:30:00+00:00,2026-05-20T08:58:56+00:00,2026-05-20,29095,15,8,סינמה סיטי-רמת השרון<->מסוף קדמה-רמת השרון-2#,73008,2,#,מטרופולין,3,73008
144808867,8958232,584669267_190526,2026-05-20T08:45:00+00:00,2026-05-20T09:11:59+00:00,2026-05-20,29094,15,8,מסוף קדמה-רמת השרון<->סינמה סיטי-רמת השרון-1#,73008,1,#,מטרופולין,3,73008
144810735,8958233,584669344_190526,2026-05-20T09:00:00+00:00,2026-05-20T09:28:56+00:00,2026-05-20,29095,15,8,סינמה סיטי-רמת השרון<->מסוף קדמה-רמת השרון-2#,73008,2,#,מטרופולין,3,73008
144813729,8958232,584669268_190526,2026-05-20T09:15:00+00:00,2026-05-20T09:41:59+00:00,2026-05-20,29094,15,8,מסוף קדמה-רמת השרון<->סינמה סיטי-רמת השרון-1#,73008,1,#,מטרופולין,3,73008
144810736,8958233,584669345_190526,2026-05-20T09:30:00+00:00,2026-05-20T09:58:56+00:00,2026-05-20,29095,15,8,סינמה סיטי-רמת השרון<->מסוף קדמה-רמת השרון-2#,73008,2,#,מטרופולין,3,73008
144817027,8958232,584669269_190526,2026-05-20T09:45:00+00:00,2026-05-20T10:11:59+00:00,2026-05-20,29094,15,8,מסוף קדמה-רמת השרון<->סינמה סיטי-רמת השרון-1#,73008,1,#,מטרופולין,3,73008
144850400,8958233,584669346_190526,2026-05-20T10:00:00+00:00,2026-05-20T10:28:56+00:00,2026-05-20,29095,15,8,סינמה סיטי-רמת השרון<->מסוף קדמה-רמת השרון-2#,73008,2,#,מטרופולין,3,73008
144808868,8958232,584669270_190526,2026-05-20T10:15:00+00:00,2026-05-20T10:41:59+00:00,2026-05-20,29094,15,8,מסוף קדמה-רמת השרון<->סינמה סיטי-רמת השרון-1#,73008,1,#,מטרופולין,3,73008
144810737,8958233,584669347_190526,2026-05-20T10:30:00+00:00,2026-05-20T10:58:56+00:00,2026-05-20,29095,15,8,סינמה סיטי-רמת השרון<->מסוף קדמה-רמת השרון-2#,73008,2,#,מטרופולין,3,73008
144818525,8958232,584669271_190526,2026-05-20T10:45:00+00:00,2026-05-20T11:11:59+00:00,2026-05-20,29094,15,8,מסוף קדמה-רמת השרון<->סינמה סיטי-רמת השרון-1#,73008,1,#,מטרופולין,3,73008
144808872,8958233,584669348_190526,2026-05-20T11:00:00+00:00,2026-05-20T11:28:56+00:00,2026-05-20,29095,15,8,סינמה סיטי-רמת השרון<->מסוף קדמה-רמת השרון-2#,73008,2,#,מטרופולין,3,73008
144810709,8958232,584669272_190526,2026-05-20T11:15:00+00:00,2026-05-20T11:41:59+00:00,2026-05-20,29094,15,8,מסוף קדמה-רמת השרון<->סינמה סיטי-רמת השרון-1#,73008,1,#,מטרופולין,3,73008
144808873,8958233,584669349_190526,2026-05-20T11:30:00+00:00,2026-05-20T11:58:56+00:00,2026-05-20,29095,15,8,סינמה סיטי-רמת השרון<->מסוף קדמה-רמת השרון-2#,73008,2,#,מטרופולין,3,73008
144810710,8958232,584669273_190526,2026-05-20T11:45:00+00:00,2026-05-20T12:11:59+00:00,2026-05-20,29094,15,8,מסוף קדמה-רמת השרון<->סינמה סיטי-רמת השרון-1#,73008,1,#,מטרופולין,3,73008
144818526,8958232,584669274_190526,2026-05-20T12:15:00+00:00,2026-05-20T12:41:59+00:00,2026-05-20,29094,15,8,מסוף קדמה-רמת השרון<->סינמה סיטי-רמת השרון-1#,73008,1,#,מטרופולין,3,73008
144810738,8958233,584669351_190526,2026-05-20T12:30:00+00:00,2026-05-20T12:58:56+00:00,2026-05-20,29095,15,8,סינמה סיטי-רמת השרון<->מסוף קדמה-רמת השרון-2#,73008,2,#,מטרופולין,3,73008
144813883,8958233,584669352_190526,2026-05-20T13:00:00+00:00,2026-05-20T13:28:56+00:00,2026-05-20,29095,15,8,סינמה סיטי-רמת השרון<->מסוף קדמה-רמת השרון-2#,73008,2,#,מטרופולין,3,73008
144818527,8958232,584669276_190526,2026-05-20T13:15:00+00:00,2026-05-20T13:41:59+00:00,2026-05-20,29094,15,8,מסוף קדמה-רמת השרון<->סינמה סיטי-רמת השרון-1#,73008,1,#,מטרופולין,3,73008
144818528,8958232,584669277_190526,2026-05-20T13:45:00+00:00,2026-05-20T14:11:59+00:00,2026-05-20,29094,15,8,מסוף קדמה-רמת השרון<->סינמה סיטי-רמת השרון-1#,73008,1,#,מטרופולין,3,73008
144818532,8958233,584669354_190526,2026-05-20T14:00:00+00:00,2026-05-20T14:28:56+00:00,2026-05-20,29095,15,8,סינמה סיטי-רמת השרון<->מסוף קדמה-רמת השרון-2#,73008,2,#,מטרופולין,3,73008
144818533,8958233,584669355_190526,2026-05-20T14:30:00+00:00,2026-05-20T14:58:56+00:00,2026-05-20,29095,15,8,סינמה סיטי-רמת השרון<->מסוף קדמה-רמת השרון-2#,73008,2,#,מטרופולין,3,73008
144817056,8958232,584669279_190526,2026-05-20T14:45:00+00:00,2026-05-20T15:11:59+00:00,2026-05-20,29094,15,8,מסוף קדמה-רמת השרון<->סינמה סיטי-רמת השרון-1#,73008,1,#,מטרופולין,3,73008
144817094,8958233,584669356_190526,2026-05-20T15:00:00+00:00,2026-05-20T15:28:56+00:00,2026-05-20,29095,15,8,סינמה סיטי-רמת השרון<->מסוף קדמה-רמת השרון-2#,73008,2,#,מטרופולין,3,73008
144850395,8958232,584669280_190526,2026-05-20T15:15:00+00:00,2026-05-20T15:41:59+00:00,2026-05-20,29094,15,8,מסוף קדמה-רמת השרון<->סינמה סיטי-רמת השרון-1#,73008,1,#,מטרופולין,3,73008
144816252,8958232,584669281_190526,2026-05-20T15:45:00+00:00,2026-05-20T16:11:59+00:00,2026-05-20,29094,15,8,מסוף קדמה-רמת השרון<->סינמה סיטי-רמת השרון-1#,73008,1,#,מטרופולין,3,73008
144813805,8958233,584669358_190526,2026-05-20T16:00:00+00:00,2026-05-20T16:28:56+00:00,2026-05-20,29095,15,8,סינמה סיטי-רמת השרון<->מסוף קדמה-רמת השרון-2#,73008,2,#,מטרופולין,3,73008
144850401,8958233,584669359_190526,2026-05-20T16:30:00+00:00,2026-05-20T16:58:56+00:00,2026-05-20,29095,15,8,סינמה סיטי-רמת השרון<->מסוף קדמה-רמת השרון-2#,73008,2,#,מטרופולין,3,73008
144817057,8958232,584669283_190526,2026-05-20T16:45:00+00:00,2026-05-20T17:11:59+00:00,2026-05-20,29094,15,8,מסוף קדמה-רמת השרון<->סינמה סיטי-רמת השרון-1#,73008,1,#,מטרופולין,3,73008
144850396,8958232,584669284_190526,2026-05-20T17:15:00+00:00,2026-05-20T17:41:59+00:00,2026-05-20,29094,15,8,מסוף קדמה-רמת השרון<->סינמה סיטי-רמת השרון-1#,73008,1,#,מטרופולין,3,73008
144810739,8958233,584669361_190526,2026-05-20T17:30:00+00:00,2026-05-20T17:58:56+00:00,2026-05-20,29095,15,8,סינמה סיטי-רמת השרון<->מסוף קדמה-רמת השרון-2#,73008,2,#,מטרופולין,3,73008
144816413,8958233,584669362_190526,2026-05-20T18:00:00+00:00,2026-05-20T18:28:56+00:00,2026-05-20,29095,15,8,סינמה סיטי-רמת השרון<->מסוף קדמה-רמת השרון-2#,73008,2,#,מטרופולין,3,73008
144818529,8958232,584669286_190526,2026-05-20T18:15:00+00:00,2026-05-20T18:41:59+00:00,2026-05-20,29094,15,8,מסוף קדמה-רמת השרון<->סינמה סיטי-רמת השרון-1#,73008,1,#,מטרופולין,3,73008
144808869,8958232,584669287_190526,2026-05-20T18:45:00+00:00,2026-05-20T19:11:59+00:00,2026-05-20,29094,15,8,מסוף קדמה-רמת השרון<->סינמה סיטי-רמת השרון-1#,73008,1,#,מטרופולין,3,73008
144813884,8958233,584669364_190526,2026-05-20T19:00:00+00:00,2026-05-20T19:28:56+00:00,2026-05-20,29095,15,8,סינמה סיטי-רמת השרון<->מסוף קדמה-רמת השרון-2#,73008,2,#,מטרופולין,3,73008
144813885,8958233,584669365_190526,2026-05-20T19:30:00+00:00,2026-05-20T19:58:56+00:00,2026-05-20,29095,15,8,סינמה סיטי-רמת השרון<->מסוף קדמה-רמת השרון-2#,73008,2,#,מטרופולין,3,73008
144813730,8958232,584669289_190526,2026-05-20T19:45:00+00:00,2026-05-20T20:11:59+00:00,2026-05-20,29094,15,8,מסוף קדמה-רמת השרון<->סינמה סיטי-רמת השרון-1#,73008,1,#,מטרופולין,3,73008
144818530,8958232,584669290_190526,2026-05-20T20:15:00+00:00,2026-05-20T20:41:59+00:00,2026-05-20,29094,15,8,מסוף קדמה-רמת השרון<->סינמה סיטי-רמת השרון-1#,73008,1,#,מטרופולין,3,73008
144813808,8958233,584669367_190526,2026-05-20T20:30:00+00:00,2026-05-20T20:58:56+00:00,2026-05-20,29095,15,8,סינמה סיטי-רמת השרון<->מסוף קדמה-רמת השרון-2#,73008,2,#,מטרופולין,3,73008
144900370,8963276,57922526_210526,2026-05-21T03:35:00+00:00,2026-05-21T04:01:59+00:00,2026-05-21,29094,15,8,מסוף קדמה-רמת השרון<->סינמה סיטי-רמת השרון-1#,73008,1,#,מטרופולין,3,73008
144894767,8963277,57922734_210526,2026-05-21T03:50:00+00:00,2026-05-21T04:18:56+00:00,2026-05-21,29095,15,8,סינמה סיטי-רמת השרון<->מסוף קדמה-רמת השרון-2#,73008,2,#,מטרופולין,3,73008
144899766,8963276,57922527_210526,2026-05-21T04:05:00+00:00,2026-05-21T04:31:59+00:00,2026-05-21,29094,15,8,מסוף קדמה-רמת השרון<->סינמה סיטי-רמת השרון-1#,73008,1,#,מטרופולין,3,73008
144901096,8963277,57922735_210526,2026-05-21T04:20:00+00:00,2026-05-21T04:48:56+00:00,2026-05-21,29095,15,8,סינמה סיטי-רמת השרון<->מסוף קדמה-רמת השרון-2#,73008,2,#,מטרופולין,3,73008
144901015,8963276,57922528_210526,2026-05-21T04:35:00+00:00,2026-05-21T05:01:59+00:00,2026-05-21,29094,15,8,מסוף קדמה-רמת השרון<->סינמה סיטי-רמת השרון-1#,73008,1,#,מטרופולין,3,73008
144895061,8963277,57922736_210526,2026-05-21T04:50:00+00:00,2026-05-21T05:18:56+00:00,2026-05-21,29095,15,8,סינמה סיטי-רמת השרון<->מסוף קדמה-רמת השרון-2#,73008,2,#,מטרופולין,3,73008
144901043,8963276,57922529_210526,2026-05-21T05:05:00+00:00,2026-05-21T05:31:59+00:00,2026-05-21,29094,15,8,מסוף קדמה-רמת השרון<->סינמה סיטי-רמת השרון-1#,73008,1,#,מטרופולין,3,73008
144894635,8963277,57922737_210526,2026-05-21T05:20:00+00:00,2026-05-21T05:48:56+00:00,2026-05-21,29095,15,8,סינמה סיטי-רמת השרון<->מסוף קדמה-רמת השרון-2#,73008,2,#,מטרופולין,3,73008
144901044,8963276,57922530_210526,2026-05-21T05:35:00+00:00,2026-05-21T06:01:59+00:00,2026-05-21,29094,15,8,מסוף קדמה-רמת השרון<->סינמה סיטי-רמת השרון-1#,73008,1,#,מטרופולין,3,73008
144894768,8963277,57922738_210526,2026-05-21T05:50:00+00:00,2026-05-21T06:18:56+00:00,2026-05-21,29095,15,8,סינמה סיטי-רמת השרון<->מסוף קדמה-רמת השרון-2#,73008,2,#,מטרופולין,3,73008
144917197,8963276,57922531_210526,2026-05-21T06:05:00+00:00,2026-05-21T06:31:59+00:00,2026-05-21,29094,15,8,מסוף קדמה-רמת השרון<->סינמה סיטי-רמת השרון-1#,73008,1,#,מטרופולין,3,73008
144900546,8963277,57922739_210526,2026-05-21T06:20:00+00:00,2026-05-21T06:48:56+00:00,2026-05-21,29095,15,8,סינמה סיטי-רמת השרון<->מסוף קדמה-רמת השרון-2#,73008,2,#,מטרופולין,3,73008
144900371,8963276,57922532_210526,2026-05-21T06:35:00+00:00,2026-05-21T07:01:59+00:00,2026-05-21,29094,15,8,מסוף קדמה-רמת השרון<->סינמה סיטי-רמת השרון-1#,73008,1,#,מטרופולין,3,73008
144900427,8963277,57922740_210526,2026-05-21T06:50:00+00:00,2026-05-21T07:18:56+00:00,2026-05-21,29095,15,8,סינמה סיטי-רמת השרון<->מסוף קדמה-רמת השרון-2#,73008,2,#,מטרופולין,3,73008
144899770,8963276,57922533_210526,2026-05-21T07:05:00+00:00,2026-05-21T07:31:59+00:00,2026-05-21,29094,15,8,מסוף קדמה-רמת השרון<->סינמה סיטי-רמת השרון-1#,73008,1,#,מטרופולין,3,73008
144894636,8963277,57922741_210526,2026-05-21T07:20:00+00:00,2026-05-21T07:48:56+00:00,2026-05-21,29095,15,8,סינמה סיטי-רמת השרון<->מסוף קדמה-רמת השרון-2#,73008,2,#,מטרופולין,3,73008
144901045,8963276,57922534_210526,2026-05-21T07:35:00+00:00,2026-05-21T08:01:59+00:00,2026-05-21,29094,15,8,מסוף קדמה-רמת השרון<->סינמה סיטי-רמת השרון-1#,73008,1,#,מטרופולין,3,73008
144917200,8963277,57922742_210526,2026-05-21T07:50:00+00:00,2026-05-21T08:18:56+00:00,2026-05-21,29095,15,8,סינמה סיטי-רמת השרון<->מסוף קדמה-רמת השרון-2#,73008,2,#,מטרופולין,3,73008
144895038,8963276,57922535_210526,2026-05-21T08:05:00+00:00,2026-05-21T08:31:59+00:00,2026-05-21,29094,15,8,מסוף קדמה-רמת השרון<->סינמה סיטי-רמת השרון-1#,73008,1,#,מטרופולין,3,73008
144895062,8963277,57922743_210526,2026-05-21T08:20:00+00:00,2026-05-21T08:48:56+00:00,2026-05-21,29095,15,8,סינמה סיטי-רמת השרון<->מסוף קדמה-רמת השרון-2#,73008,2,#,מטרופולין,3,73008
144894493,8963276,57922536_210526,2026-05-21T08:35:00+00:00,2026-05-21T09:01:59+00:00,2026-05-21,29094,15,8,מסוף קדמה-רמת השרון<->סינמה סיטי-רמת השרון-1#,73008,1,#,מטרופולין,3,73008
144900428,8963277,57922744_210526,2026-05-21T08:50:00+00:00,2026-05-21T09:18:56+00:00,2026-05-21,29095,15,8,סינמה סיטי-רמת השרון<->מסוף קדמה-רמת השרון-2#,73008,2,#,מטרופולין,3,73008
144899771,8963276,57922537_210526,2026-05-21T09:05:00+00:00,2026-05-21T09:31:59+00:00,2026-05-21,29094,15,8,מסוף קדמה-רמת השרון<->סינמה סיטי-רמת השרון-1#,73008,1,#,מטרופולין,3,73008
144894637,8963277,57922745_210526,2026-05-21T09:20:00+00:00,2026-05-21T09:48:56+00:00,2026-05-21,29095,15,8,סינמה סיטי-רמת השרון<->מסוף קדמה-רמת השרון-2#,73008,2,#,מטרופולין,3,73008
144900377,8963276,57922538_210526,2026-05-21T09:35:00+00:00,2026-05-21T10:01:59+00:00,2026-05-21,29094,15,8,מסוף קדמה-רמת השרון<->סינמה סיטי-רמת השרון-1#,73008,1,#,מטרופולין,3,73008
144901097,8963277,57922746_210526,2026-05-21T09:50:00+00:00,2026-05-21T10:18:56+00:00,2026-05-21,29095,15,8,סינמה סיטי-רמת השרון<->מסוף קדמה-רמת השרון-2#,73008,2,#,מטרופולין,3,73008
144901046,8963276,57922539_210526,2026-05-21T10:05:00+00:00,2026-05-21T10:31:59+00:00,2026-05-21,29094,15,8,מסוף קדמה-רמת השרון<->סינמה סיטי-רמת השרון-1#,73008,1,#,מטרופולין,3,73008
144900547,8963277,57922747_210526,2026-05-21T10:20:00+00:00,2026-05-21T10:48:56+00:00,2026-05-21,29095,15,8,סינמה סיטי-רמת השרון<->מסוף קדמה-רמת השרון-2#,73008,2,#,מטרופולין,3,73008
144895039,8963276,57922540_210526,2026-05-21T10:35:00+00:00,2026-05-21T11:01:59+00:00,2026-05-21,29094,15,8,מסוף קדמה-רמת השרון<->סינמה סיטי-רמת השרון-1#,73008,1,#,מטרופולין,3,73008
144901098,8963277,57922748_210526,2026-05-21T10:50:00+00:00,2026-05-21T11:18:56+00:00,2026-05-21,29095,15,8,סינמה סיטי-רמת השרון<->מסוף קדמה-רמת השרון-2#,73008,2,#,מטרופולין,3,73008
144894494,8963276,57922541_210526,2026-05-21T11:05:00+00:00,2026-05-21T11:31:59+00:00,2026-05-21,29094,15,8,מסוף קדמה-רמת השרון<->סינמה סיטי-רמת השרון-1#,73008,1,#,מטרופולין,3,73008
144894638,8963277,57922749_210526,2026-05-21T11:20:00+00:00,2026-05-21T11:48:56+00:00,2026-05-21,29095,15,8,סינמה סיטי-רמת השרון<->מסוף קדמה-רמת השרון-2#,73008,2,#,מטרופולין,3,73008
144917198,8963276,57922542_210526,2026-05-21T11:35:00+00:00,2026-05-21T12:01:59+00:00,2026-05-21,29094,15,8,מסוף קדמה-רמת השרון<->סינמה סיטי-רמת השרון-1#,73008,1,#,מטרופולין,3,73008
144894769,8963277,57922750_210526,2026-05-21T11:50:00+00:00,2026-05-21T12:18:56+00:00,2026-05-21,29095,15,8,סינמה סיטי-רמת השרון<->מסוף קדמה-רמת השרון-2#,73008,2,#,מטרופולין,3,73008
144901089,8963276,57922543_210526,2026-05-21T12:05:00+00:00,2026-05-21T12:31:59+00:00,2026-05-21,29094,15,8,מסוף קדמה-רמת השרון<->סינמה סיטי-רמת השרון-1#,73008,1,#,מטרופולין,3,73008
144894770,8963277,584770764_210526,2026-05-21T12:10:00+00:00,2026-05-21T12:38:56+00:00,2026-05-21,29095,15,8,סינמה סיטי-רמת השרון<->מסוף קדמה-רמת השרון-2#,73008,2,#,מטרופולין,3,73008
144917199,8963276,57922544_210526,2026-05-21T12:35:00+00:00,2026-05-21T13:01:59+00:00,2026-05-21,29094,15,8,מסוף קדמה-רמת השרון<->סינמה סיטי-רמת השרון-1#,73008,1,#,מטרופולין,3,73008
144895063,8963277,584770765_210526,2026-05-21T12:40:00+00:00,2026-05-21T13:08:56+00:00,2026-05-21,29095,15,8,סינמה סיטי-רמת השרון<->מסוף קדמה-רמת השרון-2#,73008,2,#,מטרופולין,3,73008
144895048,8963276,57922545_210526,2026-05-21T13:05:00+00:00,2026-05-21T13:31:59+00:00,2026-05-21,29094,15,8,מסוף קדמה-רמת השרון<->סינמה סיטי-רמת השרון-1#,73008,1,#,מטרופולין,3,73008
