id,gtfs_route_id,journey_ref,start_time,end_time,gtfs_route__date,gtfs_route__line_ref,gtfs_route__operator_ref,gtfs_route__route_short_name,gtfs_route__route_long_name,gtfs_route__route_mkt,gtfs_route__route_direction,gtfs_route__route_alternative,gtfs_route__agency_name,gtfs_route__route_type,makat_input
144552688,8941490,3961151_170526,2026-05-18T02:00:00+00:00,2026-05-18T02:58:33+00:00,2026-05-18,5189,15,501,מסוף רעננה/רציפים-רעננה<->ת.מרכזית תל אביב קומה 6/הורדה-תל אביב יפו-1#,11501,1,#,מטרופולין,3,11501
144586471,8941491,53399469_170526,2026-05-18T02:05:00+00:00,2026-05-18T03:04:40+00:00,2026-05-18,5193,15,501,ת.מרכזית תל אביב קומה 6/רציפים-תל אביב יפו<->מסוף רעננה/דרך השרון-רעננה-2#,11501,2,#,מטרופולין,3,11501
144586456,8941490,586143302_170526,2026-05-18T02:05:00+00:00,2026-05-18T03:03:33+00:00,2026-05-18,5189,15,501,מסוף רעננה/רציפים-רעננה<->ת.מרכזית תל אביב קומה 6/הורדה-תל אביב יפו-1#,11501,1,#,מטרופולין,3,11501
144584334,8941490,586143301_170526,2026-05-18T02:10:00+00:00,2026-05-18T03:08:33+00:00,2026-05-18,5189,15,501,מסוף רעננה/רציפים-רעננה<->ת.מרכזית תל אביב קומה 6/הורדה-תל אביב יפו-1#,11501,1,#,מטרופולין,3,11501
144586451,8941490,3961152_170526,2026-05-18T02:15:00+00:00,2026-05-18T03:13:33+00:00,2026-05-18,5189,15,501,מסוף רעננה/רציפים-רעננה<->ת.מרכזית תל אביב קומה 6/הורדה-תל אביב יפו-1#,11501,1,#,מטרופולין,3,11501
144585702,8941490,45805917_170526,2026-05-18T02:20:00+00:00,2026-05-18T03:18:33+00:00,2026-05-18,5189,15,501,מסוף רעננה/רציפים-רעננה<->ת.מרכזית תל אביב קומה 6/הורדה-תל אביב יפו-1#,11501,1,#,מטרופולין,3,11501
144584345,8941491,53399470_170526,2026-05-18T02:20:00+00:00,2026-05-18T03:19:40+00:00,2026-05-18,5193,15,501,ת.מרכזית תל אביב קומה 6/רציפים-תל אביב יפו<->מסוף רעננה/דרך השרון-רעננה-2#,11501,2,#,מטרופולין,3,11501
144582398,8941490,1346193_170526,2026-05-18T02:30:00+00:00,2026-05-18T03:28:33+00:00,2026-05-18,5189,15,501,מסוף רעננה/רציפים-רעננה<->ת.מרכזית תל אביב קומה 6/הורדה-תל אביב יפו-1#,11501,1,#,מטרופולין,3,11501
144586602,8941491,45497331_170526,2026-05-18T02:35:00+00:00,2026-05-18T03:34:40+00:00,2026-05-18,5193,15,501,ת.מרכזית תל אביב קומה 6/רציפים-תל אביב יפו<->מסוף רעננה/דרך השרון-רעננה-2#,11501,2,#,מטרופולין,3,11501
144582783,8941490,46672039_170526,2026-05-18T02:40:00+00:00,2026-05-18T03:38:33+00:00,2026-05-18,5189,15,501,מסוף רעננה/רציפים-רעננה<->ת.מרכזית תל אביב קומה 6/הורדה-תל אביב יפו-1#,11501,1,#,מטרופולין,3,11501
144582399,8941490,1346194_170526,2026-05-18T02:50:00+00:00,2026-05-18T03:48:33+00:00,2026-05-18,5189,15,501,מסוף רעננה/רציפים-רעננה<->ת.מרכזית תל אביב קומה 6/הורדה-תל אביב יפו-1#,11501,1,#,מטרופולין,3,11501
144552691,8941490,6731298_170526,2026-05-18T03:00:00+00:00,2026-05-18T03:58:33+00:00,2026-05-18,5189,15,501,מסוף רעננה/רציפים-רעננה<->ת.מרכזית תל אביב קומה 6/הורדה-תל אביב יפו-1#,11501,1,#,מטרופולין,3,11501
144584337,8941491,1346614_170526,2026-05-18T03:05:00+00:00,2026-05-18T04:04:40+00:00,2026-05-18,5193,15,501,ת.מרכזית תל אביב קומה 6/רציפים-תל אביב יפו<->מסוף רעננה/דרך השרון-רעננה-2#,11501,2,#,מטרופולין,3,11501
144584329,8941490,3834726_170526,2026-05-18T03:10:00+00:00,2026-05-18T04:08:33+00:00,2026-05-18,5189,15,501,מסוף רעננה/רציפים-רעננה<->ת.מרכזית תל אביב קומה 6/הורדה-תל אביב יפו-1#,11501,1,#,מטרופולין,3,11501
144582441,8941491,7276803_170526,2026-05-18T03:20:00+00:00,2026-05-18T04:19:40+00:00,2026-05-18,5193,15,501,ת.מרכזית תל אביב קומה 6/רציפים-תל אביב יפו<->מסוף רעננה/דרך השרון-רעננה-2#,11501,2,#,מטרופולין,3,11501
144582431,8941490,6731300_170526,2026-05-18T03:20:00+00:00,2026-05-18T04:18:33+00:00,2026-05-18,5189,15,501,מסוף רעננה/רציפים-רעננה<->ת.מרכזית תל אביב קומה 6/הורדה-תל אביב יפו-1#,11501,1,#,מטרופולין,3,11501
144552686,8941490,3834727_170526,2026-05-18T03:30:00+00:00,2026-05-18T04:28:33+00:00,2026-05-18,5189,15,501,מסוף רעננה/רציפים-רעננה<->ת.מרכזית תל אביב קומה 6/הורדה-תל אביב יפו-1#,11501,1,#,מטרופולין,3,11501
144582544,8941491,41623398_170526,2026-05-18T03:35:00+00:00,2026-05-18T04:34:40+00:00,2026-05-18,5193,15,501,ת.מרכזית תל אביב קומה 6/רציפים-תל אביב יפו<->מסוף רעננה/דרך השרון-רעננה-2#,11501,2,#,מטרופולין,3,11501
144586453,8941490,5092466_170526,2026-05-18T03:40:00+00:00,2026-05-18T04:38:33+00:00,2026-05-18,5189,15,501,מסוף רעננה/רציפים-רעננה<->ת.מרכזית תל אביב קומה 6/הורדה-תל אביב יפו-1#,11501,1,#,מטרופולין,3,11501
144586450,8941490,22319108_170526,2026-05-18T03:45:00+00:00,2026-05-18T04:43:33+00:00,2026-05-18,5189,15,501,מסוף רעננה/רציפים-רעננה<->ת.מרכזית תל אביב קומה 6/הורדה-תל אביב יפו-1#,11501,1,#,מטרופולין,3,11501
144586603,8941491,46672327_170526,2026-05-18T03:50:00+00:00,2026-05-18T04:49:40+00:00,2026-05-18,5193,15,501,ת.מרכזית תל אביב קומה 6/רציפים-תל אביב יפו<->מסוף רעננה/דרך השרון-רעננה-2#,11501,2,#,מטרופולין,3,11501
144529882,8945299,53399454_170526,2026-05-18T03:50:00+00:00,2026-05-18T04:45:29+00:00,2026-05-18,28213,15,501,קרית הספורט/וייצמן-רעננה<->ת.מרכזית תל אביב קומה 6/הורדה-תל אביב יפו-15,11501,1,5,מטרופולין,3,11501
144582405,8941490,5092468_170526,2026-05-18T04:00:00+00:00,2026-05-18T04:58:33+00:00,2026-05-18,5189,15,501,מסוף רעננה/רציפים-רעננה<->ת.מרכזית תל אביב קומה 6/הורדה-תל אביב יפו-1#,11501,1,#,מטרופולין,3,11501
144586472,8941491,6732185_170526,2026-05-18T04:05:00+00:00,2026-05-18T05:04:40+00:00,2026-05-18,5193,15,501,ת.מרכזית תל אביב קומה 6/רציפים-תל אביב יפו<->מסוף רעננה/דרך השרון-רעננה-2#,11501,2,#,מטרופולין,3,11501
144582402,8941490,22319111_170526,2026-05-18T04:15:00+00:00,2026-05-18T05:13:33+00:00,2026-05-18,5189,15,501,מסוף רעננה/רציפים-רעננה<->ת.מרכזית תל אביב קומה 6/הורדה-תל אביב יפו-1#,11501,1,#,מטרופולין,3,11501
144582438,8941491,1602674_170526,2026-05-18T04:20:00+00:00,2026-05-18T05:19:40+00:00,2026-05-18,5193,15,501,ת.מרכזית תל אביב קומה 6/רציפים-תל אביב יפו<->מסוף רעננה/דרך השרון-רעננה-2#,11501,2,#,מטרופולין,3,11501
144552689,8941490,4009893_170526,2026-05-18T04:30:00+00:00,2026-05-18T05:28:33+00:00,2026-05-18,5189,15,501,מסוף רעננה/רציפים-רעננה<->ת.מרכזית תל אביב קומה 6/הורדה-תל אביב יפו-1#,11501,1,#,מטרופולין,3,11501
144586470,8941491,4209628_170526,2026-05-18T04:35:00+00:00,2026-05-18T05:34:40+00:00,2026-05-18,5193,15,501,ת.מרכזית תל אביב קומה 6/רציפים-תל אביב יפו<->מסוף רעננה/דרך השרון-רעננה-2#,11501,2,#,מטרופולין,3,11501
144525335,8945299,53399455_170526,2026-05-18T04:40:00+00:00,2026-05-18T05:35:29+00:00,2026-05-18,28213,15,501,קרית הספורט/וייצמן-רעננה<->ת.מרכזית תל אביב קומה 6/הורדה-תל אביב יפו-15,11501,1,5,מטרופולין,3,11501
144586585,8941490,26397856_170526,2026-05-18T04:45:00+00:00,2026-05-18T05:43:33+00:00,2026-05-18,5189,15,501,מסוף רעננה/רציפים-רעננה<->ת.מרכזית תל אביב קומה 6/הורדה-תל אביב יפו-1#,11501,1,#,מטרופולין,3,11501
144586597,8941491,1602677_170526,2026-05-18T04:50:00+00:00,2026-05-18T05:49:40+00:00,2026-05-18,5193,15,501,ת.מרכזית תל אביב קומה 6/רציפים-תל אביב יפו<->מסוף רעננה/דרך השרון-רעננה-2#,11501,2,#,מטרופולין,3,11501
144552690,8941490,4009894_170526,2026-05-18T05:00:00+00:00,2026-05-18T05:58:33+00:00,2026-05-18,5189,15,501,מסוף רעננה/רציפים-רעננה<->ת.מרכזית תל אביב קומה 6/הורדה-תל אביב יפו-1#,11501,1,#,מטרופולין,3,11501
144582440,8941491,52042664_170526,2026-05-18T05:05:00+00:00,2026-05-18T06:04:40+00:00,2026-05-18,5193,15,501,ת.מרכזית תל אביב קומה 6/רציפים-תל אביב יפו<->מסוף רעננה/דרך השרון-רעננה-2#,11501,2,#,מטרופולין,3,11501
144586589,8941490,585690848_170526,2026-05-18T05:07:00+00:00,2026-05-18T06:05:33+00:00,2026-05-18,5189,15,501,מסוף רעננה/רציפים-רעננה<->ת.מרכזית תל אביב קומה 6/הורדה-תל אביב יפו-1#,11501,1,#,מטרופולין,3,11501
144582429,8941490,52042542_170526,2026-05-18T05:15:00+00:00,2026-05-18T06:13:33+00:00,2026-05-18,5189,15,501,מסוף רעננה/רציפים-רעננה<->ת.מרכזית תל אביב קומה 6/הורדה-תל אביב יפו-1#,11501,1,#,מטרופולין,3,11501
144582542,8941491,1346623_170526,2026-05-18T05:20:00+00:00,2026-05-18T06:19:40+00:00,2026-05-18,5193,15,501,ת.מרכזית תל אביב קומה 6/רציפים-תל אביב יפו<->מסוף רעננה/דרך השרון-רעננה-2#,11501,2,#,מטרופולין,3,11501
144529883,8945299,53399456_170526,2026-05-18T05:20:00+00:00,2026-05-18T06:15:29+00:00,2026-05-18,28213,15,501,קרית הספורט/וייצמן-רעננה<->ת.מרכזית תל אביב קומה 6/הורדה-תל אביב יפו-15,11501,1,5,מטרופולין,3,11501
144582403,8941490,3834734_170526,2026-05-18T05:30:00+00:00,2026-05-18T06:28:33+00:00,2026-05-18,5189,15,501,מסוף רעננה/רציפים-רעננה<->ת.מרכזית תל אביב קומה 6/הורדה-תל אביב יפו-1#,11501,1,#,מטרופולין,3,11501
144552697,8941491,45497340_170526,2026-05-18T05:35:00+00:00,2026-05-18T06:34:40+00:00,2026-05-18,5193,15,501,ת.מרכזית תל אביב קומה 6/רציפים-תל אביב יפו<->מסוף רעננה/דרך השרון-רעננה-2#,11501,2,#,מטרופולין,3,11501
144586586,8941490,3834735_170526,2026-05-18T05:45:00+00:00,2026-05-18T06:43:33+00:00,2026-05-18,5189,15,501,מסוף רעננה/רציפים-רעננה<->ת.מרכזית תל אביב קומה 6/הורדה-תל אביב יפו-1#,11501,1,#,מטרופולין,3,11501
144552692,8941491,1346625_170526,2026-05-18T05:50:00+00:00,2026-05-18T06:49:40+00:00,2026-05-18,5193,15,501,ת.מרכזית תל אביב קומה 6/רציפים-תל אביב יפו<->מסוף רעננה/דרך השרון-רעננה-2#,11501,2,#,מטרופולין,3,11501
144585697,8941490,1346207_170526,2026-05-18T06:00:00+00:00,2026-05-18T06:58:33+00:00,2026-05-18,5189,15,501,מסוף רעננה/רציפים-רעננה<->ת.מרכזית תל אביב קומה 6/הורדה-תל אביב יפו-1#,11501,1,#,מטרופולין,3,11501
144584343,8941491,52042640_170526,2026-05-18T06:05:00+00:00,2026-05-18T07:04:40+00:00,2026-05-18,5193,15,501,ת.מרכזית תל אביב קומה 6/רציפים-תל אביב יפו<->מסוף רעננה/דרך השרון-רעננה-2#,11501,2,#,מטרופולין,3,11501
144586601,8941491,41623493_170526,2026-05-18T06:20:00+00:00,2026-05-18T07:19:40+00:00,2026-05-18,5193,15,501,ת.מרכזית תל אביב קומה 6/רציפים-תל אביב יפו<->מסוף רעננה/דרך השרון-רעננה-2#,11501,2,#,מטרופולין,3,11501
144552685,8941490,18640509_170526,2026-05-18T06:20:00+00:00,2026-05-18T07:18:33+00:00,2026-05-18,5189,15,501,מסוף רעננה/רציפים-רעננה<->ת.מרכזית תל אביב קומה 6/הורדה-תל אביב יפו-1#,11501,1,#,מטרופולין,3,11501
144585982,8941491,45497343_170526,2026-05-18T06:35:00+00:00,2026-05-18T07:34:40+00:00,2026-05-18,5193,15,501,ת.מרכזית תל אביב קומה 6/רציפים-תל אביב יפו<->מסוף רעננה/דרך השרון-רעננה-2#,11501,2,#,מטרופולין,3,11501
144582420,8941490,1346210_170526,2026-05-18T06:40:00+00:00,2026-05-18T07:38:33+00:00,2026-05-18,5189,15,501,מסוף רעננה/רציפים-רעננה<->ת.מרכזית תל אביב קומה 6/הורדה-תל אביב יפו-1#,11501,1,#,מטרופולין,3,11501
144586469,8941491,41623508_170526,2026-05-18T06:50:00+00:00,2026-05-18T07:49:40+00:00,2026-05-18,5193,15,501,ת.מרכזית תל אביב קומה 6/רציפים-תל אביב יפו<->מסוף רעננה/דרך השרון-רעננה-2#,11501,2,#,מטרופולין,3,11501
144585701,8941490,3961170_170526,2026-05-18T07:00:00+00:00,2026-05-18T07:58:33+00:00,2026-05-18,5189,15,501,מסוף רעננה/רציפים-רעננה<->ת.מרכזית תל אביב קומה 6/הורדה-תל אביב יפו-1#,11501,1,#,מטרופולין,3,11501
144582823,8941491,52042637_170526,2026-05-18T07:05:00+00:00,2026-05-18T08:04:40+00:00,2026-05-18,5193,15,501,ת.מרכזית תל אביב קומה 6/רציפים-תל אביב יפו<->מסוף רעננה/דרך השרון-רעננה-2#,11501,2,#,מטרופולין,3,11501
144582424,8941490,22319127_170526,2026-05-18T07:25:00+00:00,2026-05-18T08:23:33+00:00,2026-05-18,5189,15,501,מסוף רעננה/רציפים-רעננה<->ת.מרכזית תל אביב קומה 6/הורדה-תל אביב יפו-1#,11501,1,#,מטרופולין,3,11501
144585981,8941491,3835054_170526,2026-05-18T07:30:00+00:00,2026-05-18T08:29:40+00:00,2026-05-18,5193,15,501,ת.מרכזית תל אביב קומה 6/רציפים-תל אביב יפו<->מסוף רעננה/דרך השרון-רעננה-2#,11501,2,#,מטרופולין,3,11501
144586588,8941490,41669028_170526,2026-05-18T07:50:00+00:00,2026-05-18T08:48:33+00:00,2026-05-18,5189,15,501,מסוף רעננה/רציפים-רעננה<->ת.מרכזית תל אביב קומה 6/הורדה-תל אביב יפו-1#,11501,1,#,מטרופולין,3,11501
144582547,8941491,45497347_170526,2026-05-18T07:55:00+00:00,2026-05-18T08:54:40+00:00,2026-05-18,5193,15,501,ת.מרכזית תל אביב קומה 6/רציפים-תל אביב יפו<->מסוף רעננה/דרך השרון-רעננה-2#,11501,2,#,מטרופולין,3,11501
144586587,8941490,4009692_170526,2026-05-18T08:15:00+00:00,2026-05-18T09:13:33+00:00,2026-05-18,5189,15,501,מסוף רעננה/רציפים-רעננה<->ת.מרכזית תל אביב קומה 6/הורדה-תל אביב יפו-1#,11501,1,#,מטרופולין,3,11501
144584340,8941491,20278137_170526,2026-05-18T08:20:00+00:00,2026-05-18T09:19:40+00:00,2026-05-18,5193,15,501,ת.מרכזית תל אביב קומה 6/רציפים-תל אביב יפו<->מסוף רעננה/דרך השרון-רעננה-2#,11501,2,#,מטרופולין,3,11501
144586582,8941490,1346220_170526,2026-05-18T08:40:00+00:00,2026-05-18T09:38:33+00:00,2026-05-18,5189,15,501,מסוף רעננה/רציפים-רעננה<->ת.מרכזית תל אביב קומה 6/הורדה-תל אביב יפו-1#,11501,1,#,מטרופולין,3,11501
144584342,8941491,45497348_170526,2026-05-18T08:45:00+00:00,2026-05-18T09:44:40+00:00,2026-05-18,5193,15,501,ת.מרכזית תל אביב קומה 6/רציפים-תל אביב יפו<->מסוף רעננה/דרך השרון-רעננה-2#,11501,2,#,מטרופולין,3,11501
144582782,8941490,3960691_170526,2026-05-18T09:05:00+00:00,2026-05-18T10:03:33+00:00,2026-05-18,5189,15,501,מסוף רעננה/רציפים-רעננה<->ת.מרכזית תל אביב קומה 6/הורדה-תל אביב יפו-1#,11501,1,#,מטרופולין,3,11501
144582543,8941491,18641366_170526,2026-05-18T09:10:00+00:00,2026-05-18T10:09:40+00:00,2026-05-18,5193,15,501,ת.מרכזית תל אביב קומה 6/רציפים-תל אביב יפו<->מסוף רעננה/דרך השרון-רעננה-2#,11501,2,#,מטרופולין,3,11501
144582824,8941491,52042644_170526,2026-05-18T09:25:00+00:00,2026-05-18T10:24:40+00:00,2026-05-18,5193,15,501,ת.מרכזית תל אביב קומה 6/רציפים-תל אביב יפו<->מסוף רעננה/דרך השרון-רעננה-2#,11501,2,#,מטרופולין,3,11501
144586583,8941490,1346223_170526,2026-05-18T09:30:00+00:00,2026-05-18T10:28:33+00:00,2026-05-18,5189,15,501,מסוף רעננה/רציפים-רעננה<->ת.מרכזית תל אביב קומה 6/הורדה-תל אביב יפו-1#,11501,1,#,מטרופולין,3,11501
144552698,8941491,45497351_170526,2026-05-18T09:35:00+00:00,2026-05-18T10:34:40+00:00,2026-05-18,5193,15,501,ת.מרכזית תל אביב קומה 6/רציפים-תל אביב יפו<->מסוף רעננה/דרך השרון-רעננה-2#,11501,2,#,מטרופולין,3,11501
144586454,8941490,585887639_170526,2026-05-18T09:55:00+00:00,2026-05-18T10:53:33+00:00,2026-05-18,5189,15,501,מסוף רעננה/רציפים-רעננה<->ת.מרכזית תל אביב קומה 6/הורדה-תל אביב יפו-1#,11501,1,#,מטרופולין,3,11501
144582818,8941491,1346643_170526,2026-05-18T10:00:00+00:00,2026-05-18T10:59:40+00:00,2026-05-18,5193,15,501,ת.מרכזית תל אביב קומה 6/רציפים-תל אביב יפו<->מסוף רעננה/דרך השרון-רעננה-2#,11501,2,#,מטרופולין,3,11501
144582426,8941490,4009696_170526,2026-05-18T10:15:00+00:00,2026-05-18T11:13:33+00:00,2026-05-18,5189,15,501,מסוף רעננה/רציפים-רעננה<->ת.מרכזית תל אביב קומה 6/הורדה-תל אביב יפו-1#,11501,1,#,מטרופולין,3,11501
144584344,8941491,52042651_170526,2026-05-18T10:25:00+00:00,2026-05-18T11:24:40+00:00,2026-05-18,5193,15,501,ת.מרכזית תל אביב קומה 6/רציפים-תל אביב יפו<->מסוף רעננה/דרך השרון-רעננה-2#,11501,2,#,מטרופולין,3,11501
144582404,8941490,41345170_170526,2026-05-18T10:35:00+00:00,2026-05-18T11:33:33+00:00,2026-05-18,5189,15,501,מסוף רעננה/רציפים-רעננה<->ת.מרכזית תל אביב קומה 6/הורדה-תל אביב יפו-1#,11501,1,#,מטרופולין,3,11501
144552701,8941491,7057498_170526,2026-05-18T10:50:00+00:00,2026-05-18T11:49:40+00:00,2026-05-18,5193,15,501,ת.מרכזית תל אביב קומה 6/רציפים-תל אביב יפו<->מסוף רעננה/דרך השרון-רעננה-2#,11501,2,#,מטרופולין,3,11501
144586455,8941490,585887640_170526,2026-05-18T10:55:00+00:00,2026-05-18T11:53:33+00:00,2026-05-18,5189,15,501,מסוף רעננה/רציפים-רעננה<->ת.מרכזית תל אביב קומה 6/הורדה-תל אביב יפו-1#,11501,1,#,מטרופולין,3,11501
144582821,8941491,3835072_170526,2026-05-18T11:15:00+00:00,2026-05-18T12:14:40+00:00,2026-05-18,5193,15,501,ת.מרכזית תל אביב קומה 6/רציפים-תל אביב יפו<->מסוף רעננה/דרך השרון-רעננה-2#,11501,2,#,מטרופולין,3,11501
144582427,8941490,4009698_170526,2026-05-18T11:15:00+00:00,2026-05-18T12:13:33+00:00,2026-05-18,5189,15,501,מסוף רעננה/רציפים-רעננה<->ת.מרכזית תל אביב קומה 6/הורדה-תל אביב יפו-1#,11501,1,#,מטרופולין,3,11501
144552694,8941491,3835073_170526,2026-05-18T11:30:00+00:00,2026-05-18T12:29:40+00:00,2026-05-18,5193,15,501,ת.מרכזית תל אביב קומה 6/רציפים-תל אביב יפו<->מסוף רעננה/דרך השרון-רעננה-2#,11501,2,#,מטרופולין,3,11501
144584333,8941490,585887641_170526,2026-05-18T11:35:00+00:00,2026-05-18T12:33:33+00:00,2026-05-18,5189,15,501,מסוף רעננה/רציפים-רעננה<->ת.מרכזית תל אביב קומה 6/הורדה-תל אביב יפו-1#,11501,1,#,מטרופולין,3,11501
144582439,8941491,3835074_170526,2026-05-18T11:45:00+00:00,2026-05-18T12:44:40+00:00,2026-05-18,5193,15,501,ת.מרכזית תל אביב קומה 6/רציפים-תל אביב יפו<->מסוף רעננה/דרך השרון-רעננה-2#,11501,2,#,מטרופולין,3,11501
144582430,8941490,585887642_170526,2026-05-18T11:55:00+00:00,2026-05-18T12:53:33+00:00,2026-05-18,5189,15,501,מסוף רעננה/רציפים-רעננה<->ת.מרכזית תל אביב קומה 6/הורדה-תל אביב יפו-1#,11501,1,#,מטרופולין,3,11501
144586466,8941491,1346648_170526,2026-05-18T12:00:00+00:00,2026-05-18T12:59:40+00:00,2026-05-18,5193,15,501,ת.מרכזית תל אביב קומה 6/רציפים-תל אביב יפו<->מסוף רעננה/דרך השרון-רעננה-2#,11501,2,#,מטרופולין,3,11501
144584341,8941491,3835076_170526,2026-05-18T12:15:00+00:00,2026-05-18T13:14:40+00:00,2026-05-18,5193,15,501,ת.מרכזית תל אביב קומה 6/רציפים-תל אביב יפו<->מסוף רעננה/דרך השרון-רעננה-2#,11501,2,#,מטרופולין,3,11501
144584330,8941490,3960705_170526,2026-05-18T12:15:00+00:00,2026-05-18T13:13:33+00:00,2026-05-18,5189,15,501,מסוף רעננה/רציפים-רעננה<->ת.מרכזית תל אביב קומה 6/הורדה-תל אביב יפו-1#,11501,1,#,מטרופולין,3,11501
144584328,8941490,1588389_170526,2026-05-18T12:30:00+00:00,2026-05-18T13:28:33+00:00,2026-05-18,5189,15,501,מסוף רעננה/רציפים-רעננה<->ת.מרכזית תל אביב קומה 6/הורדה-תל אביב יפו-1#,11501,1,#,מטרופולין,3,11501
144582819,8941491,1346650_170526,2026-05-18T12:30:00+00:00,2026-05-18T13:29:40+00:00,2026-05-18,5193,15,501,ת.מרכזית תל אביב קומה 6/רציפים-תל אביב יפו<->מסוף רעננה/דרך השרון-רעננה-2#,11501,2,#,מטרופולין,3,11501
144586468,8941491,3835078_170526,2026-05-18T12:45:00+00:00,2026-05-18T13:44:40+00:00,2026-05-18,5193,15,501,ת.מרכזית תל אביב קומה 6/רציפים-תל אביב יפו<->מסוף רעננה/דרך השרון-רעננה-2#,11501,2,#,מטרופולין,3,11501
144585700,8941490,3960707_170526,2026-05-18T12:45:00+00:00,2026-05-18T13:43:33+00:00,2026-05-18,5189,15,501,מסוף רעננה/רציפים-רעננה<->ת.מרכזית תל אביב קומה 6/הורדה-תל אביב יפו-1#,11501,1,#,מטרופולין,3,11501
144582781,8941490,3834762_170526,2026-05-18T13:00:00+00:00,2026-05-18T13:58:33+00:00,2026-05-18,5189,15,501,מסוף רעננה/רציפים-רעננה<->ת.מרכזית תל אביב קומה 6/הורדה-תל אביב יפו-1#,11501,1,#,מטרופולין,3,11501
144552693,8941491,1346653_170526,2026-05-18T13:00:00+00:00,2026-05-18T13:59:40+00:00,2026-05-18,5193,15,501,ת.מרכזית תל אביב קומה 6/רציפים-תל אביב יפו<->מסוף רעננה/דרך השרון-רעננה-2#,11501,2,#,מטרופולין,3,11501
144586598,8941491,3835080_170526,2026-05-18T13:15:00+00:00,2026-05-18T14:14:40+00:00,2026-05-18,5193,15,501,ת.מרכזית תל אביב קומה 6/רציפים-תל אביב יפו<->מסוף רעננה/דרך השרון-רעננה-2#,11501,2,#,מטרופולין,3,11501
144582780,8941490,1346236_170526,2026-05-18T13:15:00+00:00,2026-05-18T14:13:33+00:00,2026-05-18,5189,15,501,מסוף רעננה/רציפים-רעננה<->ת.מרכזית תל אביב קומה 6/הורדה-תל אביב יפו-1#,11501,1,#,מטרופולין,3,11501
144586595,8941491,1346656_170526,2026-05-18T13:30:00+00:00,2026-05-18T14:29:40+00:00,2026-05-18,5193,15,501,ת.מרכזית תל אביב קומה 6/רציפים-תל אביב יפו<->מסוף רעננה/דרך השרון-רעננה-2#,11501,2,#,מטרופולין,3,11501
144586447,8941490,1346237_170526,2026-05-18T13:30:00+00:00,2026-05-18T14:28:33+00:00,2026-05-18,5189,15,501,מסוף רעננה/רציפים-רעננה<->ת.מרכזית תל אביב קומה 6/הורדה-תל אביב יפו-1#,11501,1,#,מטרופולין,3,11501
144552695,8941491,3835082_170526,2026-05-18T13:45:00+00:00,2026-05-18T14:44:40+00:00,2026-05-18,5193,15,501,ת.מרכזית תל אביב קומה 6/רציפים-תל אביב יפו<->מסוף רעננה/דרך השרון-רעננה-2#,11501,2,#,מטרופולין,3,11501
144582437,8941491,1346659_170526,2026-05-18T14:00:00+00:00,2026-05-18T14:59:40+00:00,2026-05-18,5193,15,501,ת.מרכזית תל אביב קומה 6/רציפים-תל אביב יפו<->מסוף רעננה/דרך השרון-רעננה-2#,11501,2,#,מטרופולין,3,11501
144582400,8941490,1346239_170526,2026-05-18T14:00:00+00:00,2026-05-18T14:58:33+00:00,2026-05-18,5189,15,501,מסוף רעננה/רציפים-רעננה<->ת.מרכזית תל אביב קומה 6/הורדה-תל אביב יפו-1#,11501,1,#,מטרופולין,3,11501
144586584,8941490,1346240_170526,2026-05-18T14:15:00+00:00,2026-05-18T15:13:33+00:00,2026-05-18,5189,15,501,מסוף רעננה/רציפים-רעננה<->ת.מרכזית תל אביב קומה 6/הורדה-תל אביב יפו-1#,11501,1,#,מטרופולין,3,11501
144585698,8941490,1346241_170526,2026-05-18T14:30:00+00:00,2026-05-18T15:28:33+00:00,2026-05-18,5189,15,501,מסוף רעננה/רציפים-רעננה<->ת.מרכזית תל אביב קומה 6/הורדה-תל אביב יפו-1#,11501,1,#,מטרופולין,3,11501
144582545,8941491,41623673_170526,2026-05-18T14:45:00+00:00,2026-05-18T15:44:40+00:00,2026-05-18,5193,15,501,ת.מרכזית תל אביב קומה 6/רציפים-תל אביב יפו<->מסוף רעננה/דרך השרון-רעננה-2#,11501,2,#,מטרופולין,3,11501
144582421,8941490,1346242_170526,2026-05-18T14:45:00+00:00,2026-05-18T15:43:33+00:00,2026-05-18,5189,15,501,מסוף רעננה/רציפים-רעננה<->ת.מרכזית תל אביב קומה 6/הורדה-תל אביב יפו-1#,11501,1,#,מטרופולין,3,11501
144585978,8941491,1346664_170526,2026-05-18T15:00:00+00:00,2026-05-18T15:59:40+00:00,2026-05-18,5193,15,501,ת.מרכזית תל אביב קומה 6/רציפים-תל אביב יפו<->מסוף רעננה/דרך השרון-רעננה-2#,11501,2,#,מטרופולין,3,11501
144552687,8941490,3960714_170526,2026-05-18T15:00:00+00:00,2026-05-18T15:58:33+00:00,2026-05-18,5189,15,501,מסוף רעננה/רציפים-רעננה<->ת.מרכזית תל אביב קומה 6/הורדה-תל אביב יפו-1#,11501,1,#,מטרופולין,3,11501
144585979,8941491,1346665_170526,2026-05-18T15:15:00+00:00,2026-05-18T16:14:40+00:00,2026-05-18,5193,15,501,ת.מרכזית תל אביב קומה 6/רציפים-תל אביב יפו<->מסוף רעננה/דרך השרון-רעננה-2#,11501,2,#,מטרופולין,3,11501
144584332,8941490,4009706_170526,2026-05-18T15:15:00+00:00,2026-05-18T16:13:33+00:00,2026-05-18,5189,15,501,מסוף רעננה/רציפים-רעננה<->ת.מרכזית תל אביב קומה 6/הורדה-תל אביב יפו-1#,11501,1,#,מטרופולין,3,11501
144584338,8941491,1346666_170526,2026-05-18T15:30:00+00:00,2026-05-18T16:29:40+00:00,2026-05-18,5193,15,501,ת.מרכזית תל אביב קומה 6/רציפים-תל אביב יפו<->מסוף רעננה/דרך השרון-רעננה-2#,11501,2,#,מטרופולין,3,11501
144582422,8941490,1346245_170526,2026-05-18T15:30:00+00:00,2026-05-18T16:28:33+00:00,2026-05-18,5189,15,501,מסוף רעננה/רציפים-רעננה<->ת.מרכזית תל אביב קומה 6/הורדה-תל אביב יפו-1#,11501,1,#,מטרופולין,3,11501
144586596,8941491,1346667_170526,2026-05-18T15:45:00+00:00,2026-05-18T16:44:40+00:00,2026-05-18,5193,15,501,ת.מרכזית תל אביב קומה 6/רציפים-תל אביב יפו<->מסוף רעננה/דרך השרון-רעננה-2#,11501,2,#,מטרופולין,3,11501
144586452,8941490,4009707_170526,2026-05-18T15:45:00+00:00,2026-05-18T16:43:33+00:00,2026-05-18,5189,15,501,מסוף רעננה/רציפים-רעננה<->ת.מרכזית תל אביב קומה 6/הורדה-תל אביב יפו-1#,11501,1,#,מטרופולין,3,11501
144586467,8941491,1346668_170526,2026-05-18T16:00:00+00:00,2026-05-18T16:59:40+00:00,2026-05-18,5193,15,501,ת.מרכזית תל אביב קומה 6/רציפים-תל אביב יפו<->מסוף רעננה/דרך השרון-רעננה-2#,11501,2,#,מטרופולין,3,11501
144582425,8941490,3960717_170526,2026-05-18T16:00:00+00:00,2026-05-18T16:58:33+00:00,2026-05-18,5189,15,501,מסוף רעננה/רציפים-רעננה<->ת.מרכזית תל אביב קומה 6/הורדה-תל אביב יפו-1#,11501,1,#,מטרופולין,3,11501
144585980,8941491,1346669_170526,2026-05-18T16:15:00+00:00,2026-05-18T17:14:40+00:00,2026-05-18,5193,15,501,ת.מרכזית תל אביב קומה 6/רציפים-תל אביב יפו<->מסוף רעננה/דרך השרון-רעננה-2#,11501,2,#,מטרופולין,3,11501
144584339,8941491,1346670_170526,2026-05-18T16:30:00+00:00,2026-05-18T17:29:40+00:00,2026-05-18,5193,15,501,ת.מרכזית תל אביב קומה 6/רציפים-תל אביב יפו<->מסוף רעננה/דרך השרון-רעננה-2#,11501,2,#,מטרופולין,3,11501
144582428,8941490,4009709_170526,2026-05-18T16:45:00+00:00,2026-05-18T17:43:33+00:00,2026-05-18,5189,15,501,מסוף רעננה/רציפים-רעננה<->ת.מרכזית תל אביב קומה 6/הורדה-תל אביב יפו-1#,11501,1,#,מטרופולין,3,11501
144552699,8941491,52042668_170526,2026-05-18T16:45:00+00:00,2026-05-18T17:44:40+00:00,2026-05-18,5193,15,501,ת.מרכזית תל אביב קומה 6/רציפים-תל אביב יפו<->מסוף רעננה/דרך השרון-רעננה-2#,11501,2,#,מטרופולין,3,11501
144582546,8941491,41623708_170526,2026-05-18T17:00:00+00:00,2026-05-18T17:59:40+00:00,2026-05-18,5193,15,501,ת.מרכזית תל אביב קומה 6/רציפים-תל אביב יפו<->מסוף רעננה/דרך השרון-רעננה-2#,11501,2,#,מטרופולין,3,11501
144582401,8941490,1346249_170526,2026-05-18T17:00:00+00:00,2026-05-18T17:58:33+00:00,2026-05-18,5189,15,501,מסוף רעננה/רציפים-רעננה<->ת.מרכזית תל אביב קומה 6/הורדה-תל אביב יפו-1#,11501,1,#,מטרופולין,3,11501
144586448,8941490,1346251_170526,2026-05-18T17:30:00+00:00,2026-05-18T18:28:33+00:00,2026-05-18,5189,15,501,מסוף רעננה/רציפים-רעננה<->ת.מרכזית תל אביב קומה 6/הורדה-תל אביב יפו-1#,11501,1,#,מטרופולין,3,11501
144582820,8941491,1346673_170526,2026-05-18T17:30:00+00:00,2026-05-18T18:29:40+00:00,2026-05-18,5193,15,501,ת.מרכזית תל אביב קומה 6/רציפים-תל אביב יפו<->מסוף רעננה/דרך השרון-רעננה-2#,11501,2,#,מטרופולין,3,11501
144585699,8941490,1346253_170526,2026-05-18T18:00:00+00:00,2026-05-18T18:58:33+00:00,2026-05-18,5189,15,501,מסוף רעננה/רציפים-רעננה<->ת.מרכזית תל אביב קומה 6/הורדה-תל אביב יפו-1#,11501,1,#,מטרופולין,3,11501
144586599,8941491,3887699_170526,2026-05-18T18:30:00+00:00,2026-05-18T19:29:40+00:00,2026-05-18,5193,15,501,ת.מרכזית תל אביב קומה 6/רציפים-תל אביב יפו<->מסוף רעננה/דרך השרון-רעננה-2#,11501,2,#,מטרופולין,3,11501
144586449,8941490,1346255_170526,2026-05-18T18:30:00+00:00,2026-05-18T19:28:33+00:00,2026-05-18,5189,15,501,מסוף רעננה/רציפים-רעננה<->ת.מרכזית תל אביב קומה 6/הורדה-תל אביב יפו-1#,11501,1,#,מטרופולין,3,11501
144586600,8941491,3887700_170526,2026-05-18T19:00:00+00:00,2026-05-18T19:59:40+00:00,2026-05-18,5193,15,501,ת.מרכזית תל אביב קומה 6/רציפים-תל אביב יפו<->מסוף רעננה/דרך השרון-רעננה-2#,11501,2,#,מטרופולין,3,11501
144582423,8941490,1346257_170526,2026-05-18T19:00:00+00:00,2026-05-18T19:58:33+00:00,2026-05-18,5189,15,501,מסוף רעננה/רציפים-רעננה<->ת.מרכזית תל אביב קומה 6/הורדה-תל אביב יפו-1#,11501,1,#,מטרופולין,3,11501
144552700,8941491,585888124_170526,2026-05-18T19:35:00+00:00,2026-05-18T20:34:40+00:00,2026-05-18,5193,15,501,ת.מרכזית תל אביב קומה 6/רציפים-תל אביב יפו<->מסוף רעננה/דרך השרון-רעננה-2#,11501,2,#,מטרופולין,3,11501
144582406,8941490,53398986_170526,2026-05-18T20:00:00+00:00,2026-05-18T20:58:33+00:00,2026-05-18,5189,15,501,מסוף רעננה/רציפים-רעננה<->ת.מרכזית תל אביב קומה 6/הורדה-תל אביב יפו-1#,11501,1,#,מטרופולין,3,11501
144552696,8941491,41623768_170526,2026-05-18T20:10:00+00:00,2026-05-18T21:09:40+00:00,2026-05-18,5193,15,501,ת.מרכזית תל אביב קומה 6/רציפים-תל אביב יפו<->מסוף רעננה/דרך השרון-רעננה-2#,11501,2,#,מטרופולין,3,11501
144585985,8941491,586152159_170526,2026-05-18T20:35:00+00:00,2026-05-18T21:34:40+00:00,2026-05-18,5193,15,501,ת.מרכזית תל אביב קומה 6/רציפים-תל אביב יפו<->מסוף רעננה/דרך השרון-רעננה-2#,11501,2,#,מטרופולין,3,11501
144582822,8941491,46672378_170526,2026-05-18T20:50:00+00:00,2026-05-18T21:49:40+00:00,2026-05-18,5193,15,501,ת.מרכזית תל אביב קומה 6/רציפים-תל אביב יפו<->מסוף רעננה/דרך השרון-רעננה-2#,11501,2,#,מטרופולין,3,11501
144725100,8947905,3961151_180526,2026-05-19T02:00:00+00:00,2026-05-19T02:58:33+00:00,2026-05-19,5189,15,501,מסוף רעננה/רציפים-רעננה<->ת.מרכזית תל אביב קומה 6/הורדה-תל אביב יפו-1#,11501,1,#,מטרופולין,3,11501
144730705,8947905,586143302_180526,2026-05-19T02:05:00+00:00,2026-05-19T03:03:33+00:00,2026-05-19,5189,15,501,מסוף רעננה/רציפים-רעננה<->ת.מרכזית תל אביב קומה 6/הורדה-תל אביב יפו-1#,11501,1,#,מטרופולין,3,11501
144724618,8947906,53399469_180526,2026-05-19T02:05:00+00:00,2026-05-19T03:04:40+00:00,2026-05-19,5193,15,501,ת.מרכזית תל אביב קומה 6/רציפים-תל אביב יפו<->מסוף רעננה/דרך השרון-רעננה-2#,11501,2,#,מטרופולין,3,11501
144724536,8947905,586143301_180526,2026-05-19T02:10:00+00:00,2026-05-19T03:08:33+00:00,2026-05-19,5189,15,501,מסוף רעננה/רציפים-רעננה<->ת.מרכזית תל אביב קומה 6/הורדה-תל אביב יפו-1#,11501,1,#,מטרופולין,3,11501
144728069,8947905,3961152_180526,2026-05-19T02:15:00+00:00,2026-05-19T03:13:33+00:00,2026-05-19,5189,15,501,מסוף רעננה/רציפים-רעננה<->ת.מרכזית תל אביב קומה 6/הורדה-תל אביב יפו-1#,11501,1,#,מטרופולין,3,11501
144732087,8947905,45805917_180526,2026-05-19T02:20:00+00:00,2026-05-19T03:18:33+00:00,2026-05-19,5189,15,501,מסוף רעננה/רציפים-רעננה<->ת.מרכזית תל אביב קומה 6/הורדה-תל אביב יפו-1#,11501,1,#,מטרופולין,3,11501
144724619,8947906,53399470_180526,2026-05-19T02:20:00+00:00,2026-05-19T03:19:40+00:00,2026-05-19,5193,15,501,ת.מרכזית תל אביב קומה 6/רציפים-תל אביב יפו<->מסוף רעננה/דרך השרון-רעננה-2#,11501,2,#,מטרופולין,3,11501
144696518,8947905,1346193_180526,2026-05-19T02:30:00+00:00,2026-05-19T03:28:33+00:00,2026-05-19,5189,15,501,מסוף רעננה/רציפים-רעננה<->ת.מרכזית תל אביב קומה 6/הורדה-תל אביב יפו-1#,11501,1,#,מטרופולין,3,11501
144610468,8947906,45497331_180526,2026-05-19T02:35:00+00:00,2026-05-19T03:34:40+00:00,2026-05-19,5193,15,501,ת.מרכזית תל אביב קומה 6/רציפים-תל אביב יפו<->מסוף רעננה/דרך השרון-רעננה-2#,11501,2,#,מטרופולין,3,11501
144724535,8947905,46672039_180526,2026-05-19T02:40:00+00:00,2026-05-19T03:38:33+00:00,2026-05-19,5189,15,501,מסוף רעננה/רציפים-רעננה<->ת.מרכזית תל אביב קומה 6/הורדה-תל אביב יפו-1#,11501,1,#,מטרופולין,3,11501
144725096,8947905,1346194_180526,2026-05-19T02:50:00+00:00,2026-05-19T03:48:33+00:00,2026-05-19,5189,15,501,מסוף רעננה/רציפים-רעננה<->ת.מרכזית תל אביב קומה 6/הורדה-תל אביב יפו-1#,11501,1,#,מטרופולין,3,11501
144728073,8947905,6731298_180526,2026-05-19T03:00:00+00:00,2026-05-19T03:58:33+00:00,2026-05-19,5189,15,501,מסוף רעננה/רציפים-רעננה<->ת.מרכזית תל אביב קומה 6/הורדה-תל אביב יפו-1#,11501,1,#,מטרופולין,3,11501
144696529,8947906,1346614_180526,2026-05-19T03:05:00+00:00,2026-05-19T04:04:40+00:00,2026-05-19,5193,15,501,ת.מרכזית תל אביב קומה 6/רציפים-תל אביב יפו<->מסוף רעננה/דרך השרון-רעננה-2#,11501,2,#,מטרופולין,3,11501
144730700,8947905,3834726_180526,2026-05-19T03:10:00+00:00,2026-05-19T04:08:33+00:00,2026-05-19,5189,15,501,מסוף רעננה/רציפים-רעננה<->ת.מרכזית תל אביב קומה 6/הורדה-תל אביב יפו-1#,11501,1,#,מטרופולין,3,11501
144728074,8947905,6731300_180526,2026-05-19T03:20:00+00:00,2026-05-19T04:18:33+00:00,2026-05-19,5189,15,501,מסוף רעננה/רציפים-רעננה<->ת.מרכזית תל אביב קומה 6/הורדה-תל אביב יפו-1#,11501,1,#,מטרופולין,3,11501
144610471,8947906,7276803_180526,2026-05-19T03:20:00+00:00,2026-05-19T04:19:40+00:00,2026-05-19,5193,15,501,ת.מרכזית תל אביב קומה 6/רציפים-תל אביב יפו<->מסוף רעננה/דרך השרון-רעננה-2#,11501,2,#,מטרופולין,3,11501
144696522,8947905,3834727_180526,2026-05-19T03:30:00+00:00,2026-05-19T04:28:33+00:00,2026-05-19,5189,15,501,מסוף רעננה/רציפים-רעננה<->ת.מרכזית תל אביב קומה 6/הורדה-תל אביב יפו-1#,11501,1,#,מטרופולין,3,11501
144724614,8947906,41623398_180526,2026-05-19T03:35:00+00:00,2026-05-19T04:34:40+00:00,2026-05-19,5193,15,501,ת.מרכזית תל אביב קומה 6/רציפים-תל אביב יפו<->מסוף רעננה/דרך השרון-רעננה-2#,11501,2,#,מטרופולין,3,11501
144728072,8947905,5092466_180526,2026-05-19T03:40:00+00:00,2026-05-19T04:38:33+00:00,2026-05-19,5189,15,501,מסוף רעננה/רציפים-רעננה<->ת.מרכזית תל אביב קומה 6/הורדה-תל אביב יפו-1#,11501,1,#,מטרופולין,3,11501
144728067,8947905,22319108_180526,2026-05-19T03:45:00+00:00,2026-05-19T04:43:33+00:00,2026-05-19,5189,15,501,מסוף רעננה/רציפים-רעננה<->ת.מרכזית תל אביב קומה 6/הורדה-תל אביב יפו-1#,11501,1,#,מטרופולין,3,11501
144663360,8951714,53399454_180526,2026-05-19T03:50:00+00:00,2026-05-19T04:45:29+00:00,2026-05-19,28213,15,501,קרית הספורט/וייצמן-רעננה<->ת.מרכזית תל אביב קומה 6/הורדה-תל אביב יפו-15,11501,1,5,מטרופולין,3,11501
144610319,8947906,46672327_180526,2026-05-19T03:50:00+00:00,2026-05-19T04:49:40+00:00,2026-05-19,5193,15,501,ת.מרכזית תל אביב קומה 6/רציפים-תל אביב יפו<->מסוף רעננה/דרך השרון-רעננה-2#,11501,2,#,מטרופולין,3,11501
144696528,8947905,5092468_180526,2026-05-19T04:00:00+00:00,2026-05-19T04:58:33+00:00,2026-05-19,5189,15,501,מסוף רעננה/רציפים-רעננה<->ת.מרכזית תל אביב קומה 6/הורדה-תל אביב יפו-1#,11501,1,#,מטרופולין,3,11501
144730722,8947906,6732185_180526,2026-05-19T04:05:00+00:00,2026-05-19T05:04:40+00:00,2026-05-19,5193,15,501,ת.מרכזית תל אביב קומה 6/רציפים-תל אביב יפו<->מסוף רעננה/דרך השרון-רעננה-2#,11501,2,#,מטרופולין,3,11501
144731410,8947905,22319111_180526,2026-05-19T04:15:00+00:00,2026-05-19T05:13:33+00:00,2026-05-19,5189,15,501,מסוף רעננה/רציפים-רעננה<->ת.מרכזית תל אביב קומה 6/הורדה-תל אביב יפו-1#,11501,1,#,מטרופולין,3,11501
144610465,8947906,1602674_180526,2026-05-19T04:20:00+00:00,2026-05-19T05:19:40+00:00,2026-05-19,5193,15,501,ת.מרכזית תל אביב קומה 6/רציפים-תל אביב יפו<->מסוף רעננה/דרך השרון-רעננה-2#,11501,2,#,מטרופולין,3,11501
144724534,8947905,4009893_180526,2026-05-19T04:30:00+00:00,2026-05-19T05:28:33+00:00,2026-05-19,5189,15,501,מסוף רעננה/רציפים-רעננה<->ת.מרכזית תל אביב קומה 6/הורדה-תל אביב יפו-1#,11501,1,#,מטרופולין,3,11501
144728079,8947906,4209628_180526,2026-05-19T04:35:00+00:00,2026-05-19T05:34:40+00:00,2026-05-19,5193,15,501,ת.מרכזית תל אביב קומה 6/רציפים-תל אביב יפו<->מסוף רעננה/דרך השרון-רעננה-2#,11501,2,#,מטרופולין,3,11501
144705356,8951714,53399455_180526,2026-05-19T04:40:00+00:00,2026-05-19T05:35:29+00:00,2026-05-19,28213,15,501,קרית הספורט/וייצמן-רעננה<->ת.מרכזית תל אביב קומה 6/הורדה-תל אביב יפו-15,11501,1,5,מטרופולין,3,11501
144728068,8947905,26397856_180526,2026-05-19T04:45:00+00:00,2026-05-19T05:43:33+00:00,2026-05-19,5189,15,501,מסוף רעננה/רציפים-רעננה<->ת.מרכזית תל אביב קומה 6/הורדה-תל אביב יפו-1#,11501,1,#,מטרופולין,3,11501
144696532,8947906,1602677_180526,2026-05-19T04:50:00+00:00,2026-05-19T05:49:40+00:00,2026-05-19,5193,15,501,ת.מרכזית תל אביב קומה 6/רציפים-תל אביב יפו<->מסוף רעננה/דרך השרון-רעננה-2#,11501,2,#,מטרופולין,3,11501
144725102,8947905,4009894_180526,2026-05-19T05:00:00+00:00,2026-05-19T05:58:33+00:00,2026-05-19,5189,15,501,מסוף רעננה/רציפים-רעננה<->ת.מרכזית תל אביב קומה 6/הורדה-תל אביב יפו-1#,11501,1,#,מטרופולין,3,11501
144696538,8947906,52042664_180526,2026-05-19T05:05:00+00:00,2026-05-19T06:04:40+00:00,2026-05-19,5193,15,501,ת.מרכזית תל אביב קומה 6/רציפים-תל אביב יפו<->מסוף רעננה/דרך השרון-רעננה-2#,11501,2,#,מטרופולין,3,11501
144731413,8947905,585690848_180526,2026-05-19T05:07:00+00:00,2026-05-19T06:05:33+00:00,2026-05-19,5189,15,501,מסוף רעננה/רציפים-רעננה<->ת.מרכזית תל אביב קומה 6/הורדה-תל אביב יפו-1#,11501,1,#,מטרופולין,3,11501
144731412,8947905,52042542_180526,2026-05-19T05:15:00+00:00,2026-05-19T06:13:33+00:00,2026-05-19,5189,15,501,מסוף רעננה/רציפים-רעננה<->ת.מרכזית תל אביב קומה 6/הורדה-תל אביב יפו-1#,11501,1,#,מטרופולין,3,11501
144731487,8947906,1346623_180526,2026-05-19T05:20:00+00:00,2026-05-19T06:19:40+00:00,2026-05-19,5193,15,501,ת.מרכזית תל אביב קומה 6/רציפים-תל אביב יפו<->מסוף רעננה/דרך השרון-רעננה-2#,11501,2,#,מטרופולין,3,11501
144705357,8951714,53399456_180526,2026-05-19T05:20:00+00:00,2026-05-19T06:15:29+00:00,2026-05-19,28213,15,501,קרית הספורט/וייצמן-רעננה<->ת.מרכזית תל אביב קומה 6/הורדה-תל אביב יפו-15,11501,1,5,מטרופולין,3,11501
144696523,8947905,3834734_180526,2026-05-19T05:30:00+00:00,2026-05-19T06:28:33+00:00,2026-05-19,5189,15,501,מסוף רעננה/רציפים-רעננה<->ת.מרכזית תל אביב קומה 6/הורדה-תל אביב יפו-1#,11501,1,#,מטרופולין,3,11501
144730720,8947906,45497340_180526,2026-05-19T05:35:00+00:00,2026-05-19T06:34:40+00:00,2026-05-19,5193,15,501,ת.מרכזית תל אביב קומה 6/רציפים-תל אביב יפו<->מסוף רעננה/דרך השרון-רעננה-2#,11501,2,#,מטרופולין,3,11501
144725098,8947905,3834735_180526,2026-05-19T05:45:00+00:00,2026-05-19T06:43:33+00:00,2026-05-19,5189,15,501,מסוף רעננה/רציפים-רעננה<->ת.מרכזית תל אביב קומה 6/הורדה-תל אביב יפו-1#,11501,1,#,מטרופולין,3,11501
144728077,8947906,1346625_180526,2026-05-19T05:50:00+00:00,2026-05-19T06:49:40+00:00,2026-05-19,5193,15,501,ת.מרכזית תל אביב קומה 6/רציפים-תל אביב יפו<->מסוף רעננה/דרך השרון-רעננה-2#,11501,2,#,מטרופולין,3,11501
144730696,8947905,1346207_180526,2026-05-19T06:00:00+00:00,2026-05-19T06:58:33+00:00,2026-05-19,5189,15,501,מסוף רעננה/רציפים-רעננה<->ת.מרכזית תל אביב קומה 6/הורדה-תל אביב יפו-1#,11501,1,#,מטרופולין,3,11501
144610469,8947906,52042640_180526,2026-05-19T06:05:00+00:00,2026-05-19T07:04:40+00:00,2026-05-19,5193,15,501,ת.מרכזית תל אביב קומה 6/רציפים-תל אביב יפו<->מסוף רעננה/דרך השרון-רעננה-2#,11501,2,#,מטרופולין,3,11501
144696534,8947906,41623493_180526,2026-05-19T06:20:00+00:00,2026-05-19T07:19:40+00:00,2026-05-19,5193,15,501,ת.מרכזית תל אביב קומה 6/רציפים-תל אביב יפו<->מסוף רעננה/דרך השרון-רעננה-2#,11501,2,#,מטרופולין,3,11501
144610362,8947905,18640509_180526,2026-05-19T06:20:00+00:00,2026-05-19T07:18:33+00:00,2026-05-19,5189,15,501,מסוף רעננה/רציפים-רעננה<->ת.מרכזית תל אביב קומה 6/הורדה-תל אביב יפו-1#,11501,1,#,מטרופולין,3,11501
144730721,8947906,45497343_180526,2026-05-19T06:35:00+00:00,2026-05-19T07:34:40+00:00,2026-05-19,5193,15,501,ת.מרכזית תל אביב קומה 6/רציפים-תל אביב יפו<->מסוף רעננה/דרך השרון-רעננה-2#,11501,2,#,מטרופולין,3,11501
144731407,8947905,1346210_180526,2026-05-19T06:40:00+00:00,2026-05-19T07:38:33+00:00,2026-05-19,5189,15,501,מסוף רעננה/רציפים-רעננה<->ת.מרכזית תל אביב קומה 6/הורדה-תל אביב יפו-1#,11501,1,#,מטרופולין,3,11501
144696535,8947906,41623508_180526,2026-05-19T06:50:00+00:00,2026-05-19T07:49:40+00:00,2026-05-19,5193,15,501,ת.מרכזית תל אביב קומה 6/רציפים-תל אביב יפו<->מסוף רעננה/דרך השרון-רעננה-2#,11501,2,#,מטרופולין,3,11501
144724533,8947905,3961170_180526,2026-05-19T07:00:00+00:00,2026-05-19T07:58:33+00:00,2026-05-19,5189,15,501,מסוף רעננה/רציפים-רעננה<->ת.מרכזית תל אביב קומה 6/הורדה-תל אביב יפו-1#,11501,1,#,מטרופולין,3,11501
144728080,8947906,52042637_180526,2026-05-19T07:05:00+00:00,2026-05-19T08:04:40+00:00,2026-05-19,5193,15,501,ת.מרכזית תל אביב קומה 6/רציפים-תל אביב יפו<->מסוף רעננה/דרך השרון-רעננה-2#,11501,2,#,מטרופולין,3,11501
144730699,8947905,22319127_180526,2026-05-19T07:25:00+00:00,2026-05-19T08:23:33+00:00,2026-05-19,5189,15,501,מסוף רעננה/רציפים-רעננה<->ת.מרכזית תל אביב קומה 6/הורדה-תל אביב יפו-1#,11501,1,#,מטרופולין,3,11501
144725104,8947906,3835054_180526,2026-05-19T07:30:00+00:00,2026-05-19T08:29:40+00:00,2026-05-19,5193,15,501,ת.מרכזית תל אביב קומה 6/רציפים-תל אביב יפו<->מסוף רעננה/דרך השרון-רעננה-2#,11501,2,#,מטרופולין,3,11501
144730703,8947905,41669028_180526,2026-05-19T07:50:00+00:00,2026-05-19T08:48:33+00:00,2026-05-19,5189,15,501,מסוף רעננה/רציפים-רעננה<->ת.מרכזית תל אביב קומה 6/הורדה-תל אביב יפו-1#,11501,1,#,מטרופולין,3,11501
144696536,8947906,45497347_180526,2026-05-19T07:55:00+00:00,2026-05-19T08:54:40+00:00,2026-05-19,5193,15,501,ת.מרכזית תל אביב קומה 6/רציפים-תל אביב יפו<->מסוף רעננה/דרך השרון-רעננה-2#,11501,2,#,מטרופולין,3,11501
144696527,8947905,4009692_180526,2026-05-19T08:15:00+00:00,2026-05-19T09:13:33+00:00,2026-05-19,5189,15,501,מסוף רעננה/רציפים-רעננה<->ת.מרכזית תל אביב קומה 6/הורדה-תל אביב יפו-1#,11501,1,#,מטרופולין,3,11501
144730715,8947906,20278137_180526,2026-05-19T08:20:00+00:00,2026-05-19T09:19:40+00:00,2026-05-19,5193,15,501,ת.מרכזית תל אביב קומה 6/רציפים-תל אביב יפו<->מסוף רעננה/דרך השרון-רעננה-2#,11501,2,#,מטרופולין,3,11501
144724531,8947905,1346220_180526,2026-05-19T08:40:00+00:00,2026-05-19T09:38:33+00:00,2026-05-19,5189,15,501,מסוף רעננה/רציפים-רעננה<->ת.מרכזית תל אביב קומה 6/הורדה-תל אביב יפו-1#,11501,1,#,מטרופולין,3,11501
144696537,8947906,45497348_180526,2026-05-19T08:45:00+00:00,2026-05-19T09:44:40+00:00,2026-05-19,5193,15,501,ת.מרכזית תל אביב קומה 6/רציפים-תל אביב יפו<->מסוף רעננה/דרך השרון-רעננה-2#,11501,2,#,מטרופולין,3,11501
144725099,8947905,3960691_180526,2026-05-19T09:05:00+00:00,2026-05-19T10:03:33+00:00,2026-05-19,5189,15,501,מסוף רעננה/רציפים-רעננה<->ת.מרכזית תל אביב קומה 6/הורדה-תל אביב יפו-1#,11501,1,#,מטרופולין,3,11501
144696533,8947906,18641366_180526,2026-05-19T09:10:00+00:00,2026-05-19T10:09:40+00:00,2026-05-19,5193,15,501,ת.מרכזית תל אביב קומה 6/רציפים-תל אביב יפו<->מסוף רעננה/דרך השרון-רעננה-2#,11501,2,#,מטרופולין,3,11501
144724617,8947906,52042644_180526,2026-05-19T09:25:00+00:00,2026-05-19T10:24:40+00:00,2026-05-19,5193,15,501,ת.מרכזית תל אביב קומה 6/רציפים-תל אביב יפו<->מסוף רעננה/דרך השרון-רעננה-2#,11501,2,#,מטרופולין,3,11501
144730697,8947905,1346223_180526,2026-05-19T09:30:00+00:00,2026-05-19T10:28:33+00:00,2026-05-19,5189,15,501,מסוף רעננה/רציפים-רעננה<->ת.מרכזית תל אביב קומה 6/הורדה-תל אביב יפו-1#,11501,1,#,מטרופולין,3,11501
144724615,8947906,45497351_180526,2026-05-19T09:35:00+00:00,2026-05-19T10:34:40+00:00,2026-05-19,5193,15,501,ת.מרכזית תל אביב קומה 6/רציפים-תל אביב יפו<->מסוף רעננה/דרך השרון-רעננה-2#,11501,2,#,מטרופולין,3,11501
144610366,8947905,585887639_180526,2026-05-19T09:55:00+00:00,2026-05-19T10:53:33+00:00,2026-05-19,5189,15,501,מסוף רעננה/רציפים-רעננה<->ת.מרכזית תל אביב קומה 6/הורדה-תל אביב יפו-1#,11501,1,#,מטרופולין,3,11501
144730713,8947906,1346643_180526,2026-05-19T10:00:00+00:00,2026-05-19T10:59:40+00:00,2026-05-19,5193,15,501,ת.מרכזית תל אביב קומה 6/רציפים-תל אביב יפו<->מסוף רעננה/דרך השרון-רעננה-2#,11501,2,#,מטרופולין,3,11501
144610363,8947905,4009696_180526,2026-05-19T10:15:00+00:00,2026-05-19T11:13:33+00:00,2026-05-19,5189,15,501,מסוף רעננה/רציפים-רעננה<->ת.מרכזית תל אביב קומה 6/הורדה-תל אביב יפו-1#,11501,1,#,מטרופולין,3,11501
144610320,8947906,52042651_180526,2026-05-19T10:25:00+00:00,2026-05-19T11:24:40+00:00,2026-05-19,5193,15,501,ת.מרכזית תל אביב קומה 6/רציפים-תל אביב יפו<->מסוף רעננה/דרך השרון-רעננה-2#,11501,2,#,מטרופולין,3,11501
144728071,8947905,41345170_180526,2026-05-19T10:35:00+00:00,2026-05-19T11:33:33+00:00,2026-05-19,5189,15,501,מסוף רעננה/רציפים-רעננה<->ת.מרכזית תל אביב קומה 6/הורדה-תל אביב יפו-1#,11501,1,#,מטרופולין,3,11501
144724620,8947906,7057498_180526,2026-05-19T10:50:00+00:00,2026-05-19T11:49:40+00:00,2026-05-19,5193,15,501,ת.מרכזית תל אביב קומה 6/רציפים-תל אביב יפו<->מסוף רעננה/דרך השרון-רעננה-2#,11501,2,#,מטרופולין,3,11501
144731414,8947905,585887640_180526,2026-05-19T10:55:00+00:00,2026-05-19T11:53:33+00:00,2026-05-19,5189,15,501,מסוף רעננה/רציפים-רעננה<->ת.מרכזית תל אביב קומה 6/הורדה-תל אביב יפו-1#,11501,1,#,מטרופולין,3,11501
144731497,8947906,3835072_180526,2026-05-19T11:15:00+00:00,2026-05-19T12:14:40+00:00,2026-05-19,5193,15,501,ת.מרכזית תל אביב קומה 6/רציפים-תל אביב יפו<->מסוף רעננה/דרך השרון-רעננה-2#,11501,2,#,מטרופולין,3,11501
144725101,8947905,4009698_180526,2026-05-19T11:15:00+00:00,2026-05-19T12:13:33+00:00,2026-05-19,5189,15,501,מסוף רעננה/רציפים-רעננה<->ת.מרכזית תל אביב קומה 6/הורדה-תל אביב יפו-1#,11501,1,#,מטרופולין,3,11501
144610369,8947906,3835073_180526,2026-05-19T11:30:00+00:00,2026-05-19T12:29:40+00:00,2026-05-19,5193,15,501,ת.מרכזית תל אביב קומה 6/רציפים-תל אביב יפו<->מסוף רעננה/דרך השרון-רעננה-2#,11501,2,#,מטרופולין,3,11501
144730704,8947905,585887641_180526,2026-05-19T11:35:00+00:00,2026-05-19T12:33:33+00:00,2026-05-19,5189,15,501,מסוף רעננה/רציפים-רעננה<->ת.מרכזית תל אביב קומה 6/הורדה-תל אביב יפו-1#,11501,1,#,מטרופולין,3,11501
144610370,8947906,3835074_180526,2026-05-19T11:45:00+00:00,2026-05-19T12:44:40+00:00,2026-05-19,5193,15,501,ת.מרכזית תל אביב קומה 6/רציפים-תל אביב יפו<->מסוף רעננה/דרך השרון-רעננה-2#,11501,2,#,מטרופולין,3,11501
144731415,8947905,585887642_180526,2026-05-19T11:55:00+00:00,2026-05-19T12:53:33+00:00,2026-05-19,5189,15,501,מסוף רעננה/רציפים-רעננה<->ת.מרכזית תל אביב קומה 6/הורדה-תל אביב יפו-1#,11501,1,#,מטרופולין,3,11501
144610463,8947906,1346648_180526,2026-05-19T12:00:00+00:00,2026-05-19T12:59:40+00:00,2026-05-19,5193,15,501,ת.מרכזית תל אביב קומה 6/רציפים-תל אביב יפו<->מסוף רעננה/דרך השרון-רעננה-2#,11501,2,#,מטרופולין,3,11501
144730718,8947906,3835076_180526,2026-05-19T12:15:00+00:00,2026-05-19T13:14:40+00:00,2026-05-19,5193,15,501,ת.מרכזית תל אביב קומה 6/רציפים-תל אביב יפו<->מסוף רעננה/דרך השרון-רעננה-2#,11501,2,#,מטרופולין,3,11501
144730701,8947905,3960705_180526,2026-05-19T12:15:00+00:00,2026-05-19T13:13:33+00:00,2026-05-19,5189,15,501,מסוף רעננה/רציפים-רעננה<->ת.מרכזית תל אביב קומה 6/הורדה-תל אביב יפו-1#,11501,1,#,מטרופולין,3,11501
144730698,8947905,1588389_180526,2026-05-19T12:30:00+00:00,2026-05-19T13:28:33+00:00,2026-05-19,5189,15,501,מסוף רעננה/רציפים-רעננה<->ת.מרכזית תל אביב קומה 6/הורדה-תל אביב יפו-1#,11501,1,#,מטרופולין,3,11501
144610367,8947906,1346650_180526,2026-05-19T12:30:00+00:00,2026-05-19T13:29:40+00:00,2026-05-19,5193,15,501,ת.מרכזית תל אביב קומה 6/רציפים-תל אביב יפו<->מסוף רעננה/דרך השרון-רעננה-2#,11501,2,#,מטרופולין,3,11501
144696525,8947905,3960707_180526,2026-05-19T12:45:00+00:00,2026-05-19T13:43:33+00:00,2026-05-19,5189,15,501,מסוף רעננה/רציפים-רעננה<->ת.מרכזית תל אביב קומה 6/הורדה-תל אביב יפו-1#,11501,1,#,מטרופולין,3,11501
144610466,8947906,3835078_180526,2026-05-19T12:45:00+00:00,2026-05-19T13:44:40+00:00,2026-05-19,5193,15,501,ת.מרכזית תל אביב קומה 6/רציפים-תל אביב יפו<->מסוף רעננה/דרך השרון-רעננה-2#,11501,2,#,מטרופולין,3,11501
144696524,8947905,3834762_180526,2026-05-19T13:00:00+00:00,2026-05-19T13:58:33+00:00,2026-05-19,5189,15,501,מסוף רעננה/רציפים-רעננה<->ת.מרכזית תל אביב קומה 6/הורדה-תל אביב יפו-1#,11501,1,#,מטרופולין,3,11501
144610464,8947906,1346653_180526,2026-05-19T13:00:00+00:00,2026-05-19T13:59:40+00:00,2026-05-19,5193,15,501,ת.מרכזית תל אביב קומה 6/רציפים-תל אביב יפו<->מסוף רעננה/דרך השרון-רעננה-2#,11501,2,#,מטרופולין,3,11501
144731498,8947906,3835080_180526,2026-05-19T13:15:00+00:00,2026-05-19T14:14:40+00:00,2026-05-19,5193,15,501,ת.מרכזית תל אביב קומה 6/רציפים-תל אביב יפו<->מסוף רעננה/דרך השרון-רעננה-2#,11501,2,#,מטרופולין,3,11501
144610360,8947905,1346236_180526,2026-05-19T13:15:00+00:00,2026-05-19T14:13:33+00:00,2026-05-19,5189,15,501,מסוף רעננה/רציפים-רעננה<->ת.מרכזית תל אביב קומה 6/הורדה-תל אביב יפו-1#,11501,1,#,מטרופולין,3,11501
144731488,8947906,1346656_180526,2026-05-19T13:30:00+00:00,2026-05-19T14:29:40+00:00,2026-05-19,5193,15,501,ת.מרכזית תל אביב קומה 6/רציפים-תל אביב יפו<->מסוף רעננה/דרך השרון-רעננה-2#,11501,2,#,מטרופולין,3,11501
144696519,8947905,1346237_180526,2026-05-19T13:30:00+00:00,2026-05-19T14:28:33+00:00,2026-05-19,5189,15,501,מסוף רעננה/רציפים-רעננה<->ת.מרכזית תל אביב קומה 6/הורדה-תל אביב יפו-1#,11501,1,#,מטרופולין,3,11501
144610318,8947906,3835082_180526,2026-05-19T13:45:00+00:00,2026-05-19T14:44:40+00:00,2026-05-19,5193,15,501,ת.מרכזית תל אביב קומה 6/רציפים-תל אביב יפו<->מסוף רעננה/דרך השרון-רעננה-2#,11501,2,#,מטרופולין,3,11501
144696520,8947905,1346239_180526,2026-05-19T14:00:00+00:00,2026-05-19T14:58:33+00:00,2026-05-19,5189,15,501,מסוף רעננה/רציפים-רעננה<->ת.מרכזית תל אביב קומה 6/הורדה-תל אביב יפו-1#,11501,1,#,מטרופולין,3,11501
144610368,8947906,1346659_180526,2026-05-19T14:00:00+00:00,2026-05-19T14:59:40+00:00,2026-05-19,5193,15,501,ת.מרכזית תל אביב קומה 6/רציפים-תל אביב יפו<->מסוף רעננה/דרך השרון-רעננה-2#,11501,2,#,מטרופולין,3,11501
144696521,8947905,1346240_180526,2026-05-19T14:15:00+00:00,2026-05-19T15:13:33+00:00,2026-05-19,5189,15,501,מסוף רעננה/רציפים-רעננה<->ת.מרכזית תל אביב קומה 6/הורדה-תל אביב יפו-1#,11501,1,#,מטרופולין,3,11501
144728065,8947905,1346241_180526,2026-05-19T14:30:00+00:00,2026-05-19T15:28:33+00:00,2026-05-19,5189,15,501,מסוף רעננה/רציפים-רעננה<->ת.מרכזית תל אביב קומה 6/הורדה-תל אביב יפו-1#,11501,1,#,מטרופולין,3,11501
144610467,8947906,41623673_180526,2026-05-19T14:45:00+00:00,2026-05-19T15:44:40+00:00,2026-05-19,5193,15,501,ת.מרכזית תל אביב קומה 6/רציפים-תל אביב יפו<->מסוף רעננה/דרך השרון-רעננה-2#,11501,2,#,מטרופולין,3,11501
144610361,8947905,1346242_180526,2026-05-19T14:45:00+00:00,2026-05-19T15:43:33+00:00,2026-05-19,5189,15,501,מסוף רעננה/רציפים-רעננה<->ת.מרכזית תל אביב קומה 6/הורדה-תל אביב יפו-1#,11501,1,#,מטרופולין,3,11501
144724611,8947906,1346664_180526,2026-05-19T15:00:00+00:00,2026-05-19T15:59:40+00:00,2026-05-19,5193,15,501,ת.מרכזית תל אביב קומה 6/רציפים-תל אביב יפו<->מסוף רעננה/דרך השרון-רעננה-2#,11501,2,#,מטרופולין,3,11501
144696526,8947905,3960714_180526,2026-05-19T15:00:00+00:00,2026-05-19T15:58:33+00:00,2026-05-19,5189,15,501,מסוף רעננה/רציפים-רעננה<->ת.מרכזית תל אביב קומה 6/הורדה-תל אביב יפו-1#,11501,1,#,מטרופולין,3,11501
144696530,8947906,1346665_180526,2026-05-19T15:15:00+00:00,2026-05-19T16:14:40+00:00,2026-05-19,5193,15,501,ת.מרכזית תל אביב קומה 6/רציפים-תל אביב יפו<->מסוף רעננה/דרך השרון-רעננה-2#,11501,2,#,מטרופולין,3,11501
144610364,8947905,4009706_180526,2026-05-19T15:15:00+00:00,2026-05-19T16:13:33+00:00,2026-05-19,5189,15,501,מסוף רעננה/רציפים-רעננה<->ת.מרכזית תל אביב קומה 6/הורדה-תל אביב יפו-1#,11501,1,#,מטרופולין,3,11501
144725103,8947906,1346666_180526,2026-05-19T15:30:00+00:00,2026-05-19T16:29:40+00:00,2026-05-19,5193,15,501,ת.מרכזית תל אביב קומה 6/רציפים-תל אביב יפו<->מסוף רעננה/דרך השרון-רעננה-2#,11501,2,#,מטרופולין,3,11501
144725097,8947905,1346245_180526,2026-05-19T15:30:00+00:00,2026-05-19T16:28:33+00:00,2026-05-19,5189,15,501,מסוף רעננה/רציפים-רעננה<->ת.מרכזית תל אביב קומה 6/הורדה-תל אביב יפו-1#,11501,1,#,מטרופולין,3,11501
144730714,8947906,1346667_180526,2026-05-19T15:45:00+00:00,2026-05-19T16:44:40+00:00,2026-05-19,5193,15,501,ת.מרכזית תל אביב קומה 6/רציפים-תל אביב יפו<->מסוף רעננה/דרך השרון-רעננה-2#,11501,2,#,מטרופולין,3,11501
144728070,8947905,4009707_180526,2026-05-19T15:45:00+00:00,2026-05-19T16:43:33+00:00,2026-05-19,5189,15,501,מסוף רעננה/רציפים-רעננה<->ת.מרכזית תל אביב קומה 6/הורדה-תל אביב יפו-1#,11501,1,#,מטרופולין,3,11501
144731489,8947906,1346668_180526,2026-05-19T16:00:00+00:00,2026-05-19T16:59:40+00:00,2026-05-19,5193,15,501,ת.מרכזית תל אביב קומה 6/רציפים-תל אביב יפו<->מסוף רעננה/דרך השרון-רעננה-2#,11501,2,#,מטרופולין,3,11501
144730702,8947905,3960717_180526,2026-05-19T16:00:00+00:00,2026-05-19T16:58:33+00:00,2026-05-19,5189,15,501,מסוף רעננה/רציפים-רעננה<->ת.מרכזית תל אביב קומה 6/הורדה-תל אביב יפו-1#,11501,1,#,מטרופולין,3,11501
144724612,8947906,1346669_180526,2026-05-19T16:15:00+00:00,2026-05-19T17:14:40+00:00,2026-05-19,5193,15,501,ת.מרכזית תל אביב קומה 6/רציפים-תל אביב יפו<->מסוף רעננה/דרך השרון-רעננה-2#,11501,2,#,מטרופולין,3,11501
144724613,8947906,1346670_180526,2026-05-19T16:30:00+00:00,2026-05-19T17:29:40+00:00,2026-05-19,5193,15,501,ת.מרכזית תל אביב קומה 6/רציפים-תל אביב יפו<->מסוף רעננה/דרך השרון-רעננה-2#,11501,2,#,מטרופולין,3,11501
144731411,8947905,4009709_180526,2026-05-19T16:45:00+00:00,2026-05-19T17:43:33+00:00,2026-05-19,5189,15,501,מסוף רעננה/רציפים-רעננה<->ת.מרכזית תל אביב קומה 6/הורדה-תל אביב יפו-1#,11501,1,#,מטרופולין,3,11501
144610373,8947906,52042668_180526,2026-05-19T16:45:00+00:00,2026-05-19T17:44:40+00:00,2026-05-19,5193,15,501,ת.מרכזית תל אביב קומה 6/רציפים-תל אביב יפו<->מסוף רעננה/דרך השרון-רעננה-2#,11501,2,#,מטרופולין,3,11501
144728078,8947906,41623708_180526,2026-05-19T17:00:00+00:00,2026-05-19T17:59:40+00:00,2026-05-19,5193,15,501,ת.מרכזית תל אביב קומה 6/רציפים-תל אביב יפו<->מסוף רעננה/דרך השרון-רעננה-2#,11501,2,#,מטרופולין,3,11501
144724532,8947905,1346249_180526,2026-05-19T17:00:00+00:00,2026-05-19T17:58:33+00:00,2026-05-19,5189,15,501,מסוף רעננה/רציפים-רעננה<->ת.מרכזית תל אביב קומה 6/הורדה-תל אביב יפו-1#,11501,1,#,מטרופולין,3,11501
144728066,8947905,1346251_180526,2026-05-19T17:30:00+00:00,2026-05-19T18:28:33+00:00,2026-05-19,5189,15,501,מסוף רעננה/רציפים-רעננה<->ת.מרכזית תל אביב קומה 6/הורדה-תל אביב יפו-1#,11501,1,#,מטרופולין,3,11501
144696531,8947906,1346673_180526,2026-05-19T17:30:00+00:00,2026-05-19T18:29:40+00:00,2026-05-19,5193,15,501,ת.מרכזית תל אביב קומה 6/רציפים-תל אביב יפו<->מסוף רעננה/דרך השרון-רעננה-2#,11501,2,#,מטרופולין,3,11501
144731408,8947905,1346253_180526,2026-05-19T18:00:00+00:00,2026-05-19T18:58:33+00:00,2026-05-19,5189,15,501,מסוף רעננה/רציפים-רעננה<->ת.מרכזית תל אביב קומה 6/הורדה-תל אביב יפו-1#,11501,1,#,מטרופולין,3,11501
144732086,8947905,1346255_180526,2026-05-19T18:30:00+00:00,2026-05-19T19:28:33+00:00,2026-05-19,5189,15,501,מסוף רעננה/רציפים-רעננה<->ת.מרכזית תל אביב קומה 6/הורדה-תל אביב יפו-1#,11501,1,#,מטרופולין,3,11501
144730719,8947906,3887699_180526,2026-05-19T18:30:00+00:00,2026-05-19T19:29:40+00:00,2026-05-19,5193,15,501,ת.מרכזית תל אביב קומה 6/רציפים-תל אביב יפו<->מסוף רעננה/דרך השרון-רעננה-2#,11501,2,#,מטרופולין,3,11501
144731409,8947905,1346257_180526,2026-05-19T19:00:00+00:00,2026-05-19T19:58:33+00:00,2026-05-19,5189,15,501,מסוף רעננה/רציפים-רעננה<->ת.מרכזית תל אביב קומה 6/הורדה-תל אביב יפו-1#,11501,1,#,מטרופולין,3,11501
144610371,8947906,3887700_180526,2026-05-19T19:00:00+00:00,2026-05-19T19:59:40+00:00,2026-05-19,5193,15,501,ת.מרכזית תל אביב קומה 6/רציפים-תל אביב יפו<->מסוף רעננה/דרך השרון-רעננה-2#,11501,2,#,מטרופולין,3,11501
144610321,8947906,585888124_180526,2026-05-19T19:35:00+00:00,2026-05-19T20:34:40+00:00,2026-05-19,5193,15,501,ת.מרכזית תל אביב קומה 6/רציפים-תל אביב יפו<->מסוף רעננה/דרך השרון-רעננה-2#,11501,2,#,מטרופולין,3,11501
144610365,8947905,53398986_180526,2026-05-19T20:00:00+00:00,2026-05-19T20:58:33+00:00,2026-05-19,5189,15,501,מסוף רעננה/רציפים-רעננה<->ת.מרכזית תל אביב קומה 6/הורדה-תל אביב יפו-1#,11501,1,#,מטרופולין,3,11501
144610372,8947906,41623768_180526,2026-05-19T20:10:00+00:00,2026-05-19T21:09:40+00:00,2026-05-19,5193,15,501,ת.מרכזית תל אביב קומה 6/רציפים-תל אביב יפו<->מסוף רעננה/דרך השרון-רעננה-2#,11501,2,#,מטרופולין,3,11501
144610470,8947906,586152159_180526,2026-05-19T20:35:00+00:00,2026-05-19T21:34:40+00:00,2026-05-19,5193,15,501,ת.מרכזית תל אביב קומה 6/רציפים-תל אביב יפו<->מסוף רעננה/דרך השרון-רעננה-2#,11501,2,#,מטרופולין,3,11501
144724616,8947906,46672378_180526,2026-05-19T20:50:00+00:00,2026-05-19T21:49:40+00:00,2026-05-19,5193,15,501,ת.מרכזית תל אביב קומה 6/רציפים-תל אביב יפו<->מסוף רעננה/דרך השרון-רעננה-2#,11501,2,#,מטרופולין,3,11501
144747196,8954316,3961151_190526,2026-05-20T02:00:00+00:00,2026-05-20T02:58:33+00:00,2026-05-20,5189,15,501,מסוף רעננה/רציפים-רעננה<->ת.מרכזית תל אביב קומה 6/הורדה-תל אביב יפו-1#,11501,1,#,מטרופולין,3,11501
144753134,8954316,586143302_190526,2026-05-20T02:05:00+00:00,2026-05-20T03:03:33+00:00,2026-05-20,5189,15,501,מסוף רעננה/רציפים-רעננה<->ת.מרכזית תל אביב קומה 6/הורדה-תל אביב יפו-1#,11501,1,#,מטרופולין,3,11501
144750682,8954317,53399469_190526,2026-05-20T02:05:00+00:00,2026-05-20T03:04:40+00:00,2026-05-20,5193,15,501,ת.מרכזית תל אביב קומה 6/רציפים-תל אביב יפו<->מסוף רעננה/דרך השרון-רעננה-2#,11501,2,#,מטרופולין,3,11501
144747200,8954316,586143301_190526,2026-05-20T02:10:00+00:00,2026-05-20T03:08:33+00:00,2026-05-20,5189,15,501,מסוף רעננה/רציפים-רעננה<->ת.מרכזית תל אביב קומה 6/הורדה-תל אביב יפו-1#,11501,1,#,מטרופולין,3,11501
144841335,8954316,3961152_190526,2026-05-20T02:15:00+00:00,2026-05-20T03:13:33+00:00,2026-05-20,5189,15,501,מסוף רעננה/רציפים-רעננה<->ת.מרכזית תל אביב קומה 6/הורדה-תל אביב יפו-1#,11501,1,#,מטרופולין,3,11501
144752493,8954317,53399470_190526,2026-05-20T02:20:00+00:00,2026-05-20T03:19:40+00:00,2026-05-20,5193,15,501,ת.מרכזית תל אביב קומה 6/רציפים-תל אביב יפו<->מסוף רעננה/דרך השרון-רעננה-2#,11501,2,#,מטרופולין,3,11501
144750525,8954316,45805917_190526,2026-05-20T02:20:00+00:00,2026-05-20T03:18:33+00:00,2026-05-20,5189,15,501,מסוף רעננה/רציפים-רעננה<->ת.מרכזית תל אביב קומה 6/הורדה-תל אביב יפו-1#,11501,1,#,מטרופולין,3,11501
144752384,8954316,1346193_190526,2026-05-20T02:30:00+00:00,2026-05-20T03:28:33+00:00,2026-05-20,5189,15,501,מסוף רעננה/רציפים-רעננה<->ת.מרכזית תל אביב קומה 6/הורדה-תל אביב יפו-1#,11501,1,#,מטרופולין,3,11501
144750855,8954317,45497331_190526,2026-05-20T02:35:00+00:00,2026-05-20T03:34:40+00:00,2026-05-20,5193,15,501,ת.מרכזית תל אביב קומה 6/רציפים-תל אביב יפו<->מסוף רעננה/דרך השרון-רעננה-2#,11501,2,#,מטרופולין,3,11501
144750694,8954316,46672039_190526,2026-05-20T02:40:00+00:00,2026-05-20T03:38:33+00:00,2026-05-20,5189,15,501,מסוף רעננה/רציפים-רעננה<->ת.מרכזית תל אביב קומה 6/הורדה-תל אביב יפו-1#,11501,1,#,מטרופולין,3,11501
144750698,8954316,1346194_190526,2026-05-20T02:50:00+00:00,2026-05-20T03:48:33+00:00,2026-05-20,5189,15,501,מסוף רעננה/רציפים-רעננה<->ת.מרכזית תל אביב קומה 6/הורדה-תל אביב יפו-1#,11501,1,#,מטרופולין,3,11501
144750526,8954316,6731298_190526,2026-05-20T03:00:00+00:00,2026-05-20T03:58:33+00:00,2026-05-20,5189,15,501,מסוף רעננה/רציפים-רעננה<->ת.מרכזית תל אביב קומה 6/הורדה-תל אביב יפו-1#,11501,1,#,מטרופולין,3,11501
144841337,8954317,1346614_190526,2026-05-20T03:05:00+00:00,2026-05-20T04:04:40+00:00,2026-05-20,5193,15,501,ת.מרכזית תל אביב קומה 6/רציפים-תל אביב יפו<->מסוף רעננה/דרך השרון-רעננה-2#,11501,2,#,מטרופולין,3,11501
144750689,8954316,3834726_190526,2026-05-20T03:10:00+00:00,2026-05-20T04:08:33+00:00,2026-05-20,5189,15,501,מסוף רעננה/רציפים-רעננה<->ת.מרכזית תל אביב קומה 6/הורדה-תל אביב יפו-1#,11501,1,#,מטרופולין,3,11501
144753135,8954316,6731300_190526,2026-05-20T03:20:00+00:00,2026-05-20T04:18:33+00:00,2026-05-20,5189,15,501,מסוף רעננה/רציפים-רעננה<->ת.מרכזית תל אביב קומה 6/הורדה-תל אביב יפו-1#,11501,1,#,מטרופולין,3,11501
144750872,8954317,7276803_190526,2026-05-20T03:20:00+00:00,2026-05-20T04:19:40+00:00,2026-05-20,5193,15,501,ת.מרכזית תל אביב קומה 6/רציפים-תל אביב יפו<->מסוף רעננה/דרך השרון-רעננה-2#,11501,2,#,מטרופולין,3,11501
144752386,8954316,3834727_190526,2026-05-20T03:30:00+00:00,2026-05-20T04:28:33+00:00,2026-05-20,5189,15,501,מסוף רעננה/רציפים-רעננה<->ת.מרכזית תל אביב קומה 6/הורדה-תל אביב יפו-1#,11501,1,#,מטרופולין,3,11501
144750680,8954317,41623398_190526,2026-05-20T03:35:00+00:00,2026-05-20T04:34:40+00:00,2026-05-20,5193,15,501,ת.מרכזית תל אביב קומה 6/רציפים-תל אביב יפו<->מסוף רעננה/דרך השרון-רעננה-2#,11501,2,#,מטרופולין,3,11501
144747199,8954316,5092466_190526,2026-05-20T03:40:00+00:00,2026-05-20T04:38:33+00:00,2026-05-20,5189,15,501,מסוף רעננה/רציפים-רעננה<->ת.מרכזית תל אביב קומה 6/הורדה-תל אביב יפו-1#,11501,1,#,מטרופולין,3,11501
144749818,8954316,22319108_190526,2026-05-20T03:45:00+00:00,2026-05-20T04:43:33+00:00,2026-05-20,5189,15,501,מסוף רעננה/רציפים-רעננה<->ת.מרכזית תל אביב קומה 6/הורדה-תל אביב יפו-1#,11501,1,#,מטרופולין,3,11501
144816500,8958118,53399454_190526,2026-05-20T03:50:00+00:00,2026-05-20T04:45:29+00:00,2026-05-20,28213,15,501,קרית הספורט/וייצמן-רעננה<->ת.מרכזית תל אביב קומה 6/הורדה-תל אביב יפו-15,11501,1,5,מטרופולין,3,11501
144753166,8954317,46672327_190526,2026-05-20T03:50:00+00:00,2026-05-20T04:49:40+00:00,2026-05-20,5193,15,501,ת.מרכזית תל אביב קומה 6/רציפים-תל אביב יפו<->מסוף רעננה/דרך השרון-רעננה-2#,11501,2,#,מטרופולין,3,11501
144750695,8954316,5092468_190526,2026-05-20T04:00:00+00:00,2026-05-20T04:58:33+00:00,2026-05-20,5189,15,501,מסוף רעננה/רציפים-רעננה<->ת.מרכזית תל אביב קומה 6/הורדה-תל אביב יפו-1#,11501,1,#,מטרופולין,3,11501
144841346,8954317,6732185_190526,2026-05-20T04:05:00+00:00,2026-05-20T05:04:40+00:00,2026-05-20,5193,15,501,ת.מרכזית תל אביב קומה 6/רציפים-תל אביב יפו<->מסוף רעננה/דרך השרון-רעננה-2#,11501,2,#,מטרופולין,3,11501
144750524,8954316,22319111_190526,2026-05-20T04:15:00+00:00,2026-05-20T05:13:33+00:00,2026-05-20,5189,15,501,מסוף רעננה/רציפים-רעננה<->ת.מרכזית תל אביב קומה 6/הורדה-תל אביב יפו-1#,11501,1,#,מטרופולין,3,11501
144750676,8954317,1602674_190526,2026-05-20T04:20:00+00:00,2026-05-20T05:19:40+00:00,2026-05-20,5193,15,501,ת.מרכזית תל אביב קומה 6/רציפים-תל אביב יפו<->מסוף רעננה/דרך השרון-רעננה-2#,11501,2,#,מטרופולין,3,11501
144753116,8954316,4009893_190526,2026-05-20T04:30:00+00:00,2026-05-20T05:28:33+00:00,2026-05-20,5189,15,501,מסוף רעננה/רציפים-רעננה<->ת.מרכזית תל אביב קומה 6/הורדה-תל אביב יפו-1#,11501,1,#,מטרופולין,3,11501
144753165,8954317,4209628_190526,2026-05-20T04:35:00+00:00,2026-05-20T05:34:40+00:00,2026-05-20,5193,15,501,ת.מרכזית תל אביב קומה 6/רציפים-תל אביב יפו<->מסוף רעננה/דרך השרון-רעננה-2#,11501,2,#,מטרופולין,3,11501
144816501,8958118,53399455_190526,2026-05-20T04:40:00+00:00,2026-05-20T05:35:29+00:00,2026-05-20,28213,15,501,קרית הספורט/וייצמן-רעננה<->ת.מרכזית תל אביב קומה 6/הורדה-תל אביב יפו-15,11501,1,5,מטרופולין,3,11501
144750700,8954316,26397856_190526,2026-05-20T04:45:00+00:00,2026-05-20T05:43:33+00:00,2026-05-20,5189,15,501,מסוף רעננה/רציפים-רעננה<->ת.מרכזית תל אביב קומה 6/הורדה-תל אביב יפו-1#,11501,1,#,מטרופולין,3,11501
144753164,8954317,1602677_190526,2026-05-20T04:50:00+00:00,2026-05-20T05:49:40+00:00,2026-05-20,5193,15,501,ת.מרכזית תל אביב קומה 6/רציפים-תל אביב יפו<->מסוף רעננה/דרך השרון-רעננה-2#,11501,2,#,מטרופולין,3,11501
144753131,8954316,4009894_190526,2026-05-20T05:00:00+00:00,2026-05-20T05:58:33+00:00,2026-05-20,5189,15,501,מסוף רעננה/רציפים-רעננה<->ת.מרכזית תל אביב קומה 6/הורדה-תל אביב יפו-1#,11501,1,#,מטרופולין,3,11501
144749865,8954317,52042664_190526,2026-05-20T05:05:00+00:00,2026-05-20T06:04:40+00:00,2026-05-20,5193,15,501,ת.מרכזית תל אביב קומה 6/רציפים-תל אביב יפו<->מסוף רעננה/דרך השרון-רעננה-2#,11501,2,#,מטרופולין,3,11501
144753133,8954316,585690848_190526,2026-05-20T05:07:00+00:00,2026-05-20T06:05:33+00:00,2026-05-20,5189,15,501,מסוף רעננה/רציפים-רעננה<->ת.מרכזית תל אביב קומה 6/הורדה-תל אביב יפו-1#,11501,1,#,מטרופולין,3,11501
144750696,8954316,52042542_190526,2026-05-20T05:15:00+00:00,2026-05-20T06:13:33+00:00,2026-05-20,5189,15,501,מסוף רעננה/רציפים-רעננה<->ת.מרכזית תל אביב קומה 6/הורדה-תל אביב יפו-1#,11501,1,#,מטרופולין,3,11501
144841338,8954317,1346623_190526,2026-05-20T05:20:00+00:00,2026-05-20T06:19:40+00:00,2026-05-20,5193,15,501,ת.מרכזית תל אביב קומה 6/רציפים-תל אביב יפו<->מסוף רעננה/דרך השרון-רעננה-2#,11501,2,#,מטרופולין,3,11501
144806787,8958118,53399456_190526,2026-05-20T05:20:00+00:00,2026-05-20T06:15:29+00:00,2026-05-20,28213,15,501,קרית הספורט/וייצמן-רעננה<->ת.מרכזית תל אביב קומה 6/הורדה-תל אביב יפו-15,11501,1,5,מטרופולין,3,11501
144753002,8954316,3834734_190526,2026-05-20T05:30:00+00:00,2026-05-20T06:28:33+00:00,2026-05-20,5189,15,501,מסוף רעננה/רציפים-רעננה<->ת.מרכזית תל אביב קומה 6/הורדה-תל אביב יפו-1#,11501,1,#,מטרופולין,3,11501
144750869,8954317,45497340_190526,2026-05-20T05:35:00+00:00,2026-05-20T06:34:40+00:00,2026-05-20,5193,15,501,ת.מרכזית תל אביב קומה 6/רציפים-תל אביב יפו<->מסוף רעננה/דרך השרון-רעננה-2#,11501,2,#,מטרופולין,3,11501
144750701,8954316,3834735_190526,2026-05-20T05:45:00+00:00,2026-05-20T06:43:33+00:00,2026-05-20,5189,15,501,מסוף רעננה/רציפים-רעננה<->ת.מרכזית תל אביב קומה 6/הורדה-תל אביב יפו-1#,11501,1,#,מטרופולין,3,11501
144841339,8954317,1346625_190526,2026-05-20T05:50:00+00:00,2026-05-20T06:49:40+00:00,2026-05-20,5193,15,501,ת.מרכזית תל אביב קומה 6/רציפים-תל אביב יפו<->מסוף רעננה/דרך השרון-רעננה-2#,11501,2,#,מטרופולין,3,11501
144750686,8954316,1346207_190526,2026-05-20T06:00:00+00:00,2026-05-20T06:58:33+00:00,2026-05-20,5189,15,501,מסוף רעננה/רציפים-רעננה<->ת.מרכזית תל אביב קומה 6/הורדה-תל אביב יפו-1#,11501,1,#,מטרופולין,3,11501
144750750,8954317,52042640_190526,2026-05-20T06:05:00+00:00,2026-05-20T07:04:40+00:00,2026-05-20,5193,15,501,ת.מרכזית תל אביב קומה 6/רציפים-תל אביב יפו<->מסוף רעננה/דרך השרון-רעננה-2#,11501,2,#,מטרופולין,3,11501
144747330,8954317,41623493_190526,2026-05-20T06:20:00+00:00,2026-05-20T07:19:40+00:00,2026-05-20,5193,15,501,ת.מרכזית תל אביב קומה 6/רציפים-תל אביב יפו<->מסוף רעננה/דרך השרון-רעננה-2#,11501,2,#,מטרופולין,3,11501
144747193,8954316,18640509_190526,2026-05-20T06:20:00+00:00,2026-05-20T07:18:33+00:00,2026-05-20,5189,15,501,מסוף רעננה/רציפים-רעננה<->ת.מרכזית תל אביב קומה 6/הורדה-תל אביב יפו-1#,11501,1,#,מטרופולין,3,11501
144750870,8954317,45497343_190526,2026-05-20T06:35:00+00:00,2026-05-20T07:34:40+00:00,2026-05-20,5193,15,501,ת.מרכזית תל אביב קומה 6/רציפים-תל אביב יפו<->מסוף רעננה/דרך השרון-רעננה-2#,11501,2,#,מטרופולין,3,11501
144841333,8954316,1346210_190526,2026-05-20T06:40:00+00:00,2026-05-20T07:38:33+00:00,2026-05-20,5189,15,501,מסוף רעננה/רציפים-רעננה<->ת.מרכזית תל אביב קומה 6/הורדה-תל אביב יפו-1#,11501,1,#,מטרופולין,3,11501
144841344,8954317,41623508_190526,2026-05-20T06:50:00+00:00,2026-05-20T07:49:40+00:00,2026-05-20,5193,15,501,ת.מרכזית תל אביב קומה 6/רציפים-תל אביב יפו<->מסוף רעננה/דרך השרון-רעננה-2#,11501,2,#,מטרופולין,3,11501
144752387,8954316,3961170_190526,2026-05-20T07:00:00+00:00,2026-05-20T07:58:33+00:00,2026-05-20,5189,15,501,מסוף רעננה/רציפים-רעננה<->ת.מרכזית תל אביב קומה 6/הורדה-תל אביב יפו-1#,11501,1,#,מטרופולין,3,11501
144750749,8954317,52042637_190526,2026-05-20T07:05:00+00:00,2026-05-20T08:04:40+00:00,2026-05-20,5193,15,501,ת.מרכזית תל אביב קומה 6/רציפים-תל אביב יפו<->מסוף רעננה/דרך השרון-רעננה-2#,11501,2,#,מטרופולין,3,11501
144747194,8954316,22319127_190526,2026-05-20T07:25:00+00:00,2026-05-20T08:23:33+00:00,2026-05-20,5189,15,501,מסוף רעננה/רציפים-רעננה<->ת.מרכזית תל אביב קומה 6/הורדה-תל אביב יפו-1#,11501,1,#,מטרופולין,3,11501
144752489,8954317,3835054_190526,2026-05-20T07:30:00+00:00,2026-05-20T08:29:40+00:00,2026-05-20,5193,15,501,ת.מרכזית תל אביב קומה 6/רציפים-תל אביב יפו<->מסוף רעננה/דרך השרון-רעננה-2#,11501,2,#,מטרופולין,3,11501
144749821,8954316,41669028_190526,2026-05-20T07:50:00+00:00,2026-05-20T08:48:33+00:00,2026-05-20,5189,15,501,מסוף רעננה/רציפים-רעננה<->ת.מרכזית תל אביב קומה 6/הורדה-תל אביב יפו-1#,11501,1,#,מטרופולין,3,11501
144750871,8954317,45497347_190526,2026-05-20T07:55:00+00:00,2026-05-20T08:54:40+00:00,2026-05-20,5193,15,501,ת.מרכזית תל אביב קומה 6/רציפים-תל אביב יפו<->מסוף רעננה/דרך השרון-רעננה-2#,11501,2,#,מטרופולין,3,11501
144750691,8954316,4009692_190526,2026-05-20T08:15:00+00:00,2026-05-20T09:13:33+00:00,2026-05-20,5189,15,501,מסוף רעננה/רציפים-רעננה<->ת.מרכזית תל אביב קומה 6/הורדה-תל אביב יפו-1#,11501,1,#,מטרופולין,3,11501
144749860,8954317,20278137_190526,2026-05-20T08:20:00+00:00,2026-05-20T09:19:40+00:00,2026-05-20,5193,15,501,ת.מרכזית תל אביב קומה 6/רציפים-תל אביב יפו<->מסוף רעננה/דרך השרון-רעננה-2#,11501,2,#,מטרופולין,3,11501
144750699,8954316,1346220_190526,2026-05-20T08:40:00+00:00,2026-05-20T09:38:33+00:00,2026-05-20,5189,15,501,מסוף רעננה/רציפים-רעננה<->ת.מרכזית תל אביב קומה 6/הורדה-תל אביב יפו-1#,11501,1,#,מטרופולין,3,11501
144750748,8954317,45497348_190526,2026-05-20T08:45:00+00:00,2026-05-20T09:44:40+00:00,2026-05-20,5193,15,501,ת.מרכזית תל אביב קומה 6/רציפים-תל אביב יפו<->מסוף רעננה/דרך השרון-רעננה-2#,11501,2,#,מטרופולין,3,11501
144753040,8954316,3960691_190526,2026-05-20T09:05:00+00:00,2026-05-20T10:03:33+00:00,2026-05-20,5189,15,501,מסוף רעננה/רציפים-רעננה<->ת.מרכזית תל אביב קומה 6/הורדה-תל אביב יפו-1#,11501,1,#,מטרופולין,3,11501
144841342,8954317,18641366_190526,2026-05-20T09:10:00+00:00,2026-05-20T10:09:40+00:00,2026-05-20,5193,15,501,ת.מרכזית תל אביב קומה 6/רציפים-תל אביב יפו<->מסוף רעננה/דרך השרון-רעננה-2#,11501,2,#,מטרופולין,3,11501
144753167,8954317,52042644_190526,2026-05-20T09:25:00+00:00,2026-05-20T10:24:40+00:00,2026-05-20,5193,15,501,ת.מרכזית תל אביב קומה 6/רציפים-תל אביב יפו<->מסוף רעננה/דרך השרון-רעננה-2#,11501,2,#,מטרופולין,3,11501
144752994,8954316,1346223_190526,2026-05-20T09:30:00+00:00,2026-05-20T10:28:33+00:00,2026-05-20,5189,15,501,מסוף רעננה/רציפים-רעננה<->ת.מרכזית תל אביב קומה 6/הורדה-תל אביב יפו-1#,11501,1,#,מטרופולין,3,11501
144749864,8954317,45497351_190526,2026-05-20T09:35:00+00:00,2026-05-20T10:34:40+00:00,2026-05-20,5193,15,501,ת.מרכזית תל אביב קומה 6/רציפים-תל אביב יפו<->מסוף רעננה/דרך השרון-רעננה-2#,11501,2,#,מטרופולין,3,11501
144750704,8954316,585887639_190526,2026-05-20T09:55:00+00:00,2026-05-20T10:53:33+00:00,2026-05-20,5189,15,501,מסוף רעננה/רציפים-רעננה<->ת.מרכזית תל אביב קומה 6/הורדה-תל אביב יפו-1#,11501,1,#,מטרופולין,3,11501
144752487,8954317,1346643_190526,2026-05-20T10:00:00+00:00,2026-05-20T10:59:40+00:00,2026-05-20,5193,15,501,ת.מרכזית תל אביב קומה 6/רציפים-תל אביב יפו<->מסוף רעננה/דרך השרון-רעננה-2#,11501,2,#,מטרופולין,3,11501
144753043,8954316,4009696_190526,2026-05-20T10:15:00+00:00,2026-05-20T11:13:33+00:00,2026-05-20,5189,15,501,מסוף רעננה/רציפים-רעננה<->ת.מרכזית תל אביב קומה 6/הורדה-תל אביב יפו-1#,11501,1,#,מטרופולין,3,11501
144750751,8954317,52042651_190526,2026-05-20T10:25:00+00:00,2026-05-20T11:24:40+00:00,2026-05-20,5193,15,501,ת.מרכזית תל אביב קומה 6/רציפים-תל אביב יפו<->מסוף רעננה/דרך השרון-רעננה-2#,11501,2,#,מטרופולין,3,11501
144747198,8954316,41345170_190526,2026-05-20T10:35:00+00:00,2026-05-20T11:33:33+00:00,2026-05-20,5189,15,501,מסוף רעננה/רציפים-רעננה<->ת.מרכזית תל אביב קומה 6/הורדה-תל אביב יפו-1#,11501,1,#,מטרופולין,3,11501
144750683,8954317,7057498_190526,2026-05-20T10:50:00+00:00,2026-05-20T11:49:40+00:00,2026-05-20,5193,15,501,ת.מרכזית תל אביב קומה 6/רציפים-תל אביב יפו<->מסוף רעננה/דרך השרון-רעננה-2#,11501,2,#,מטרופולין,3,11501
144750713,8954316,585887640_190526,2026-05-20T10:55:00+00:00,2026-05-20T11:53:33+00:00,2026-05-20,5189,15,501,מסוף רעננה/רציפים-רעננה<->ת.מרכזית תל אביב קומה 6/הורדה-תל אביב יפו-1#,11501,1,#,מטרופולין,3,11501
144752388,8954316,4009698_190526,2026-05-20T11:15:00+00:00,2026-05-20T12:13:33+00:00,2026-05-20,5189,15,501,מסוף רעננה/רציפים-רעננה<->ת.מרכזית תל אביב קומה 6/הורדה-תל אביב יפו-1#,11501,1,#,מטרופולין,3,11501
144750677,8954317,3835072_190526,2026-05-20T11:15:00+00:00,2026-05-20T12:14:40+00:00,2026-05-20,5193,15,501,ת.מרכזית תל אביב קומה 6/רציפים-תל אביב יפו<->מסוף רעננה/דרך השרון-רעננה-2#,11501,2,#,מטרופולין,3,11501
144750853,8954317,3835073_190526,2026-05-20T11:30:00+00:00,2026-05-20T12:29:40+00:00,2026-05-20,5193,15,501,ת.מרכזית תל אביב קומה 6/רציפים-תל אביב יפו<->מסוף רעננה/דרך השרון-רעננה-2#,11501,2,#,מטרופולין,3,11501
144749822,8954316,585887641_190526,2026-05-20T11:35:00+00:00,2026-05-20T12:33:33+00:00,2026-05-20,5189,15,501,מסוף רעננה/רציפים-רעננה<->ת.מרכזית תל אביב קומה 6/הורדה-תל אביב יפו-1#,11501,1,#,מטרופולין,3,11501
144749861,8954317,3835074_190526,2026-05-20T11:45:00+00:00,2026-05-20T12:44:40+00:00,2026-05-20,5193,15,501,ת.מרכזית תל אביב קומה 6/רציפים-תל אביב יפו<->מסוף רעננה/דרך השרון-רעננה-2#,11501,2,#,מטרופולין,3,11501
144841336,8954316,585887642_190526,2026-05-20T11:55:00+00:00,2026-05-20T12:53:33+00:00,2026-05-20,5189,15,501,מסוף רעננה/רציפים-רעננה<->ת.מרכזית תל אביב קומה 6/הורדה-תל אביב יפו-1#,11501,1,#,מטרופולין,3,11501
144753160,8954317,1346648_190526,2026-05-20T12:00:00+00:00,2026-05-20T12:59:40+00:00,2026-05-20,5193,15,501,ת.מרכזית תל אביב קומה 6/רציפים-תל אביב יפו<->מסוף רעננה/דרך השרון-רעננה-2#,11501,2,#,מטרופולין,3,11501
144750854,8954317,3835076_190526,2026-05-20T12:15:00+00:00,2026-05-20T13:14:40+00:00,2026-05-20,5193,15,501,ת.מרכזית תל אביב קומה 6/רציפים-תל אביב יפו<->מסוף רעננה/דרך השרון-רעננה-2#,11501,2,#,מטרופולין,3,11501
144747195,8954316,3960705_190526,2026-05-20T12:15:00+00:00,2026-05-20T13:13:33+00:00,2026-05-20,5189,15,501,מסוף רעננה/רציפים-רעננה<->ת.מרכזית תל אביב קומה 6/הורדה-תל אביב יפו-1#,11501,1,#,מטרופולין,3,11501
144753161,8954317,1346650_190526,2026-05-20T12:30:00+00:00,2026-05-20T13:29:40+00:00,2026-05-20,5193,15,501,ת.מרכזית תל אביב קומה 6/רציפים-תל אביב יפו<->מסוף רעננה/דרך השרון-רעננה-2#,11501,2,#,מטרופולין,3,11501
144750523,8954316,1588389_190526,2026-05-20T12:30:00+00:00,2026-05-20T13:28:33+00:00,2026-05-20,5189,15,501,מסוף רעננה/רציפים-רעננה<->ת.מרכזית תל אביב קומה 6/הורדה-תל אביב יפו-1#,11501,1,#,מטרופולין,3,11501
144750702,8954316,3960707_190526,2026-05-20T12:45:00+00:00,2026-05-20T13:43:33+00:00,2026-05-20,5189,15,501,מסוף רעננה/רציפים-רעננה<->ת.מרכזית תל אביב קומה 6/הורדה-תל אביב יפו-1#,11501,1,#,מטרופולין,3,11501
144749862,8954317,3835078_190526,2026-05-20T12:45:00+00:00,2026-05-20T13:44:40+00:00,2026-05-20,5193,15,501,ת.מרכזית תל אביב קומה 6/רציפים-תל אביב יפו<->מסוף רעננה/דרך השרון-רעננה-2#,11501,2,#,מטרופולין,3,11501
144753162,8954317,1346653_190526,2026-05-20T13:00:00+00:00,2026-05-20T13:59:40+00:00,2026-05-20,5193,15,501,ת.מרכזית תל אביב קומה 6/רציפים-תל אביב יפו<->מסוף רעננה/דרך השרון-רעננה-2#,11501,2,#,מטרופולין,3,11501
144750690,8954316,3834762_190526,2026-05-20T13:00:00+00:00,2026-05-20T13:58:33+00:00,2026-05-20,5189,15,501,מסוף רעננה/רציפים-רעננה<->ת.מרכזית תל אביב קומה 6/הורדה-תל אביב יפו-1#,11501,1,#,מטרופולין,3,11501
144750679,8954317,3835080_190526,2026-05-20T13:15:00+00:00,2026-05-20T14:14:40+00:00,2026-05-20,5193,15,501,ת.מרכזית תל אביב קומה 6/רציפים-תל אביב יפו<->מסוף רעננה/דרך השרון-רעננה-2#,11501,2,#,מטרופולין,3,11501
144750520,8954316,1346236_190526,2026-05-20T13:15:00+00:00,2026-05-20T14:13:33+00:00,2026-05-20,5189,15,501,מסוף רעננה/רציפים-רעננה<->ת.מרכזית תל אביב קומה 6/הורדה-תל אביב יפו-1#,11501,1,#,מטרופולין,3,11501
144749817,8954316,1346237_190526,2026-05-20T13:30:00+00:00,2026-05-20T14:28:33+00:00,2026-05-20,5189,15,501,מסוף רעננה/רציפים-רעננה<->ת.מרכזית תל אביב קומה 6/הורדה-תל אביב יפו-1#,11501,1,#,מטרופולין,3,11501
144747328,8954317,1346656_190526,2026-05-20T13:30:00+00:00,2026-05-20T14:29:40+00:00,2026-05-20,5193,15,501,ת.מרכזית תל אביב קומה 6/רציפים-תל אביב יפו<->מסוף רעננה/דרך השרון-רעננה-2#,11501,2,#,מטרופולין,3,11501
144841343,8954317,3835082_190526,2026-05-20T13:45:00+00:00,2026-05-20T14:44:40+00:00,2026-05-20,5193,15,501,ת.מרכזית תל אביב קומה 6/רציפים-תל אביב יפו<->מסוף רעננה/דרך השרון-רעננה-2#,11501,2,#,מטרופולין,3,11501
144750852,8954317,1346659_190526,2026-05-20T14:00:00+00:00,2026-05-20T14:59:40+00:00,2026-05-20,5193,15,501,ת.מרכזית תל אביב קומה 6/רציפים-תל אביב יפו<->מסוף רעננה/דרך השרון-רעננה-2#,11501,2,#,מטרופולין,3,11501
144750521,8954316,1346239_190526,2026-05-20T14:00:00+00:00,2026-05-20T14:58:33+00:00,2026-05-20,5189,15,501,מסוף רעננה/רציפים-רעננה<->ת.מרכזית תל אביב קומה 6/הורדה-תל אביב יפו-1#,11501,1,#,מטרופולין,3,11501
144752995,8954316,1346240_190526,2026-05-20T14:15:00+00:00,2026-05-20T15:13:33+00:00,2026-05-20,5189,15,501,מסוף רעננה/רציפים-רעננה<->ת.מרכזית תל אביב קומה 6/הורדה-תל אביב יפו-1#,11501,1,#,מטרופולין,3,11501
144752385,8954316,1346241_190526,2026-05-20T14:30:00+00:00,2026-05-20T15:28:33+00:00,2026-05-20,5189,15,501,מסוף רעננה/רציפים-רעננה<->ת.מרכזית תל אביב קומה 6/הורדה-תל אביב יפו-1#,11501,1,#,מטרופולין,3,11501
144750687,8954316,1346242_190526,2026-05-20T14:45:00+00:00,2026-05-20T15:43:33+00:00,2026-05-20,5189,15,501,מסוף רעננה/רציפים-רעננה<->ת.מרכזית תל אביב קומה 6/הורדה-תל אביב יפו-1#,11501,1,#,מטרופולין,3,11501
144750681,8954317,41623673_190526,2026-05-20T14:45:00+00:00,2026-05-20T15:44:40+00:00,2026-05-20,5193,15,501,ת.מרכזית תל אביב קומה 6/רציפים-תל אביב יפו<->מסוף רעננה/דרך השרון-רעננה-2#,11501,2,#,מטרופולין,3,11501
144750746,8954317,1346664_190526,2026-05-20T15:00:00+00:00,2026-05-20T15:59:40+00:00,2026-05-20,5193,15,501,ת.מרכזית תל אביב קומה 6/רציפים-תל אביב יפו<->מסוף רעננה/דרך השרון-רעננה-2#,11501,2,#,מטרופולין,3,11501
144749819,8954316,3960714_190526,2026-05-20T15:00:00+00:00,2026-05-20T15:58:33+00:00,2026-05-20,5189,15,501,מסוף רעננה/רציפים-רעננה<->ת.מרכזית תל אביב קומה 6/הורדה-תל אביב יפו-1#,11501,1,#,מטרופולין,3,11501
144752488,8954317,1346665_190526,2026-05-20T15:15:00+00:00,2026-05-20T16:14:40+00:00,2026-05-20,5193,15,501,ת.מרכזית תל אביב קומה 6/רציפים-תל אביב יפו<->מסוף רעננה/דרך השרון-רעננה-2#,11501,2,#,מטרופולין,3,11501
144747197,8954316,4009706_190526,2026-05-20T15:15:00+00:00,2026-05-20T16:13:33+00:00,2026-05-20,5189,15,501,מסוף רעננה/רציפים-רעננה<->ת.מרכזית תל אביב קומה 6/הורדה-תל אביב יפו-1#,11501,1,#,מטרופולין,3,11501
144841340,8954317,1346666_190526,2026-05-20T15:30:00+00:00,2026-05-20T16:29:40+00:00,2026-05-20,5193,15,501,ת.מרכזית תל אביב קומה 6/רציפים-תל אביב יפו<->מסוף רעננה/דרך השרון-רעננה-2#,11501,2,#,מטרופולין,3,11501
144750688,8954316,1346245_190526,2026-05-20T15:30:00+00:00,2026-05-20T16:28:33+00:00,2026-05-20,5189,15,501,מסוף רעננה/רציפים-רעננה<->ת.מרכזית תל אביב קומה 6/הורדה-תל אביב יפו-1#,11501,1,#,מטרופולין,3,11501
144841341,8954317,1346667_190526,2026-05-20T15:45:00+00:00,2026-05-20T16:44:40+00:00,2026-05-20,5193,15,501,ת.מרכזית תל אביב קומה 6/רציפים-תל אביב יפו<->מסוף רעננה/דרך השרון-רעננה-2#,11501,2,#,מטרופולין,3,11501
144749820,8954316,4009707_190526,2026-05-20T15:45:00+00:00,2026-05-20T16:43:33+00:00,2026-05-20,5189,15,501,מסוף רעננה/רציפים-רעננה<->ת.מרכזית תל אביב קומה 6/הורדה-תל אביב יפו-1#,11501,1,#,מטרופולין,3,11501
144750703,8954316,3960717_190526,2026-05-20T16:00:00+00:00,2026-05-20T16:58:33+00:00,2026-05-20,5189,15,501,מסוף רעננה/רציפים-רעננה<->ת.מרכזית תל אביב קומה 6/הורדה-תל אביב יפו-1#,11501,1,#,מטרופולין,3,11501
144749859,8954317,1346668_190526,2026-05-20T16:00:00+00:00,2026-05-20T16:59:40+00:00,2026-05-20,5193,15,501,ת.מרכזית תל אביב קומה 6/רציפים-תל אביב יפו<->מסוף רעננה/דרך השרון-רעננה-2#,11501,2,#,מטרופולין,3,11501
144753163,8954317,1346669_190526,2026-05-20T16:15:00+00:00,2026-05-20T17:14:40+00:00,2026-05-20,5193,15,501,ת.מרכזית תל אביב קומה 6/רציפים-תל אביב יפו<->מסוף רעננה/דרך השרון-רעננה-2#,11501,2,#,מטרופולין,3,11501
144750747,8954317,1346670_190526,2026-05-20T16:30:00+00:00,2026-05-20T17:29:40+00:00,2026-05-20,5193,15,501,ת.מרכזית תל אביב קומה 6/רציפים-תל אביב יפו<->מסוף רעננה/דרך השרון-רעננה-2#,11501,2,#,מטרופולין,3,11501
144752492,8954317,52042668_190526,2026-05-20T16:45:00+00:00,2026-05-20T17:44:40+00:00,2026-05-20,5193,15,501,ת.מרכזית תל אביב קומה 6/רציפים-תל אביב יפו<->מסוף רעננה/דרך השרון-רעננה-2#,11501,2,#,מטרופולין,3,11501
144750692,8954316,4009709_190526,2026-05-20T16:45:00+00:00,2026-05-20T17:43:33+00:00,2026-05-20,5189,15,501,מסוף רעננה/רציפים-רעננה<->ת.מרכזית תל אביב קומה 6/הורדה-תל אביב יפו-1#,11501,1,#,מטרופולין,3,11501
144752996,8954316,1346249_190526,2026-05-20T17:00:00+00:00,2026-05-20T17:58:33+00:00,2026-05-20,5189,15,501,מסוף רעננה/רציפים-רעננה<->ת.מרכזית תל אביב קומה 6/הורדה-תל אביב יפו-1#,11501,1,#,מטרופולין,3,11501
144752491,8954317,41623708_190526,2026-05-20T17:00:00+00:00,2026-05-20T17:59:40+00:00,2026-05-20,5193,15,501,ת.מרכזית תל אביב קומה 6/רציפים-תל אביב יפו<->מסוף רעננה/דרך השרון-רעננה-2#,11501,2,#,מטרופולין,3,11501
144752997,8954316,1346251_190526,2026-05-20T17:30:00+00:00,2026-05-20T18:28:33+00:00,2026-05-20,5189,15,501,מסוף רעננה/רציפים-רעננה<->ת.מרכזית תל אביב קומה 6/הורדה-תל אביב יפו-1#,11501,1,#,מטרופולין,3,11501
144747329,8954317,1346673_190526,2026-05-20T17:30:00+00:00,2026-05-20T18:29:40+00:00,2026-05-20,5193,15,501,ת.מרכזית תל אביב קומה 6/רציפים-תל אביב יפו<->מסוף רעננה/דרך השרון-רעננה-2#,11501,2,#,מטרופולין,3,11501
144747192,8954316,1346253_190526,2026-05-20T18:00:00+00:00,2026-05-20T18:58:33+00:00,2026-05-20,5189,15,501,מסוף רעננה/רציפים-רעננה<->ת.מרכזית תל אביב קומה 6/הורדה-תל אביב יפו-1#,11501,1,#,מטרופולין,3,11501
144841334,8954316,1346255_190526,2026-05-20T18:30:00+00:00,2026-05-20T19:28:33+00:00,2026-05-20,5189,15,501,מסוף רעננה/רציפים-רעננה<->ת.מרכזית תל אביב קומה 6/הורדה-תל אביב יפו-1#,11501,1,#,מטרופולין,3,11501
144749863,8954317,3887699_190526,2026-05-20T18:30:00+00:00,2026-05-20T19:29:40+00:00,2026-05-20,5193,15,501,ת.מרכזית תל אביב קומה 6/רציפים-תל אביב יפו<->מסוף רעננה/דרך השרון-רעננה-2#,11501,2,#,מטרופולין,3,11501
144752490,8954317,3887700_190526,2026-05-20T19:00:00+00:00,2026-05-20T19:59:40+00:00,2026-05-20,5193,15,501,ת.מרכזית תל אביב קומה 6/רציפים-תל אביב יפו<->מסוף רעננה/דרך השרון-רעננה-2#,11501,2,#,מטרופולין,3,11501
144750522,8954316,1346257_190526,2026-05-20T19:00:00+00:00,2026-05-20T19:58:33+00:00,2026-05-20,5189,15,501,מסוף רעננה/רציפים-רעננה<->ת.מרכזית תל אביב קומה 6/הורדה-תל אביב יפו-1#,11501,1,#,מטרופולין,3,11501
144750752,8954317,585888124_190526,2026-05-20T19:35:00+00:00,2026-05-20T20:34:40+00:00,2026-05-20,5193,15,501,ת.מרכזית תל אביב קומה 6/רציפים-תל אביב יפו<->מסוף רעננה/דרך השרון-רעננה-2#,11501,2,#,מטרופולין,3,11501
144753132,8954316,53398986_190526,2026-05-20T20:00:00+00:00,2026-05-20T20:58:33+00:00,2026-05-20,5189,15,501,מסוף רעננה/רציפים-רעננה<->ת.מרכזית תל אביב קומה 6/הורדה-תל אביב יפו-1#,11501,1,#,מטרופולין,3,11501
144841345,8954317,41623768_190526,2026-05-20T20:10:00+00:00,2026-05-20T21:09:40+00:00,2026-05-20,5193,15,501,ת.מרכזית תל אביב קומה 6/רציפים-תל אביב יפו<->מסוף רעננה/דרך השרון-רעננה-2#,11501,2,#,מטרופולין,3,11501
144750753,8954317,586152159_190526,2026-05-20T20:35:00+00:00,2026-05-20T21:34:40+00:00,2026-05-20,5193,15,501,ת.מרכזית תל אביב קומה 6/רציפים-תל אביב יפו<->מסוף רעננה/דרך השרון-רעננה-2#,11501,2,#,מטרופולין,3,11501
144747331,8954317,46672378_190526,2026-05-20T20:50:00+00:00,2026-05-20T21:49:40+00:00,2026-05-20,5193,15,501,ת.מרכזית תל אביב קומה 6/רציפים-תל אביב יפו<->מסוף רעננה/דרך השרון-רעננה-2#,11501,2,#,מטרופולין,3,11501
144865762,8960447,3961435_210526,2026-05-21T02:00:00+00:00,2026-05-21T02:58:33+00:00,2026-05-21,5189,15,501,מסוף רעננה/רציפים-רעננה<->ת.מרכזית תל אביב קומה 6/הורדה-תל אביב יפו-1#,11501,1,#,מטרופולין,3,11501
144863799,8960448,3835241_210526,2026-05-21T02:30:00+00:00,2026-05-21T03:29:40+00:00,2026-05-21,5193,15,501,ת.מרכזית תל אביב קומה 6/רציפים-תל אביב יפו<->מסוף רעננה/דרך השרון-רעננה-2#,11501,2,#,מטרופולין,3,11501
144863729,8960447,1346473_210526,2026-05-21T02:30:00+00:00,2026-05-21T03:28:33+00:00,2026-05-21,5189,15,501,מסוף רעננה/רציפים-רעננה<->ת.מרכזית תל אביב קומה 6/הורדה-תל אביב יפו-1#,11501,1,#,מטרופולין,3,11501
144866036,8960447,3961437_210526,2026-05-21T02:45:00+00:00,2026-05-21T03:43:33+00:00,2026-05-21,5189,15,501,מסוף רעננה/רציפים-רעננה<->ת.מרכזית תל אביב קומה 6/הורדה-תל אביב יפו-1#,11501,1,#,מטרופולין,3,11501
144865767,8960448,1346885_210526,2026-05-21T02:45:00+00:00,2026-05-21T03:44:40+00:00,2026-05-21,5193,15,501,ת.מרכזית תל אביב קומה 6/רציפים-תל אביב יפו<->מסוף רעננה/דרך השרון-רעננה-2#,11501,2,#,מטרופולין,3,11501
144866109,8960448,3835242_210526,2026-05-21T03:00:00+00:00,2026-05-21T03:59:40+00:00,2026-05-21,5193,15,501,ת.מרכזית תל אביב קומה 6/רציפים-תל אביב יפו<->מסוף רעננה/דרך השרון-רעננה-2#,11501,2,#,מטרופולין,3,11501
144865766,8960447,6731614_210526,2026-05-21T03:00:00+00:00,2026-05-21T03:58:33+00:00,2026-05-21,5189,15,501,מסוף רעננה/רציפים-רעננה<->ת.מרכזית תל אביב קומה 6/הורדה-תל אביב יפו-1#,11501,1,#,מטרופולין,3,11501
144912591,8960447,4403323_210526,2026-05-21T03:15:00+00:00,2026-05-21T04:13:33+00:00,2026-05-21,5189,15,501,מסוף רעננה/רציפים-רעננה<->ת.מרכזית תל אביב קומה 6/הורדה-תל אביב יפו-1#,11501,1,#,מטרופולין,3,11501
144863800,8960448,3835243_210526,2026-05-21T03:15:00+00:00,2026-05-21T04:14:40+00:00,2026-05-21,5193,15,501,ת.מרכזית תל אביב קומה 6/רציפים-תל אביב יפו<->מסוף רעננה/דרך השרון-רעננה-2#,11501,2,#,מטרופולין,3,11501
144912593,8960448,3835244_210526,2026-05-21T03:30:00+00:00,2026-05-21T04:29:40+00:00,2026-05-21,5193,15,501,ת.מרכזית תל אביב קומה 6/רציפים-תל אביב יפו<->מסוף רעננה/דרך השרון-רעננה-2#,11501,2,#,מטרופולין,3,11501
144865761,8960447,3834903_210526,2026-05-21T03:30:00+00:00,2026-05-21T04:28:33+00:00,2026-05-21,5189,15,501,מסוף רעננה/רציפים-רעננה<->ת.מרכזית תל אביב קומה 6/הורדה-תל אביב יפו-1#,11501,1,#,מטרופולין,3,11501
144863798,8960448,35943360_210526,2026-05-21T03:45:00+00:00,2026-05-21T04:44:40+00:00,2026-05-21,5193,15,501,ת.מרכזית תל אביב קומה 6/רציפים-תל אביב יפו<->מסוף רעננה/דרך השרון-רעננה-2#,11501,2,#,מטרופולין,3,11501
144863775,8960447,22319380_210526,2026-05-21T03:45:00+00:00,2026-05-21T04:43:33+00:00,2026-05-21,5189,15,501,מסוף רעננה/רציפים-רעננה<->ת.מרכזית תל אביב קומה 6/הורדה-תל אביב יפו-1#,11501,1,#,מטרופולין,3,11501
144866038,8960447,5092764_210526,2026-05-21T04:00:00+00:00,2026-05-21T04:58:33+00:00,2026-05-21,5189,15,501,מסוף רעננה/רציפים-רעננה<->ת.מרכזית תל אביב קומה 6/הורדה-תל אביב יפו-1#,11501,1,#,מטרופולין,3,11501
144863801,8960448,3835247_210526,2026-05-21T04:00:00+00:00,2026-05-21T04:59:40+00:00,2026-05-21,5193,15,501,ת.מרכזית תל אביב קומה 6/רציפים-תל אביב יפו<->מסוף רעננה/דרך השרון-רעננה-2#,11501,2,#,מטרופולין,3,11501
144866151,8960448,35943582_210526,2026-05-21T04:15:00+00:00,2026-05-21T05:14:40+00:00,2026-05-21,5193,15,501,ת.מרכזית תל אביב קומה 6/רציפים-תל אביב יפו<->מסוף רעננה/דרך השרון-רעננה-2#,11501,2,#,מטרופולין,3,11501
144863776,8960447,22319383_210526,2026-05-21T04:15:00+00:00,2026-05-21T05:13:33+00:00,2026-05-21,5189,15,501,מסוף רעננה/רציפים-רעננה<->ת.מרכזית תל אביב קומה 6/הורדה-תל אביב יפו-1#,11501,1,#,מטרופולין,3,11501
144866152,8960448,6419793_210526,2026-05-21T04:30:00+00:00,2026-05-21T05:29:40+00:00,2026-05-21,5193,15,501,ת.מרכזית תל אביב קומה 6/רציפים-תל אביב יפו<->מסוף רעננה/דרך השרון-רעננה-2#,11501,2,#,מטרופולין,3,11501
144863734,8960447,4010029_210526,2026-05-21T04:30:00+00:00,2026-05-21T05:28:33+00:00,2026-05-21,5189,15,501,מסוף רעננה/רציפים-רעננה<->ת.מרכזית תל אביב קומה 6/הורדה-תל אביב יפו-1#,11501,1,#,מטרופולין,3,11501
144866108,8960448,16540299_210526,2026-05-21T04:45:00+00:00,2026-05-21T05:44:40+00:00,2026-05-21,5193,15,501,ת.מרכזית תל אביב קומה 6/רציפים-תל אביב יפו<->מסוף רעננה/דרך השרון-רעננה-2#,11501,2,#,מטרופולין,3,11501
144863731,8960447,16540222_210526,2026-05-21T04:45:00+00:00,2026-05-21T05:43:33+00:00,2026-05-21,5189,15,501,מסוף רעננה/רציפים-רעננה<->ת.מרכזית תל אביב קומה 6/הורדה-תל אביב יפו-1#,11501,1,#,מטרופולין,3,11501
144866037,8960447,4010030_210526,2026-05-21T05:00:00+00:00,2026-05-21T05:58:33+00:00,2026-05-21,5189,15,501,מסוף רעננה/רציפים-רעננה<->ת.מרכזית תל אביב קומה 6/הורדה-תל אביב יפו-1#,11501,1,#,מטרופולין,3,11501
144865551,8960448,3835252_210526,2026-05-21T05:00:00+00:00,2026-05-21T05:59:40+00:00,2026-05-21,5193,15,501,ת.מרכזית תל אביב קומה 6/רציפים-תל אביב יפו<->מסוף רעננה/דרך השרון-רעננה-2#,11501,2,#,מטרופולין,3,11501
144866039,8960447,57078690_210526,2026-05-21T05:15:00+00:00,2026-05-21T06:13:33+00:00,2026-05-21,5189,15,501,מסוף רעננה/רציפים-רעננה<->ת.מרכזית תל אביב קומה 6/הורדה-תל אביב יפו-1#,11501,1,#,מטרופולין,3,11501
144863747,8960448,3835253_210526,2026-05-21T05:15:00+00:00,2026-05-21T06:14:40+00:00,2026-05-21,5193,15,501,ת.מרכזית תל אביב קומה 6/רציפים-תל אביב יפו<->מסוף רעננה/דרך השרון-רעננה-2#,11501,2,#,מטרופולין,3,11501
144865549,8960448,1346896_210526,2026-05-21T05:30:00+00:00,2026-05-21T06:29:40+00:00,2026-05-21,5193,15,501,ת.מרכזית תל אביב קומה 6/רציפים-תל אביב יפו<->מסוף רעננה/דרך השרון-רעננה-2#,11501,2,#,מטרופולין,3,11501
144865536,8960447,3834910_210526,2026-05-21T05:30:00+00:00,2026-05-21T06:28:33+00:00,2026-05-21,5189,15,501,מסוף רעננה/רציפים-רעננה<->ת.מרכזית תל אביב קומה 6/הורדה-תל אביב יפו-1#,11501,1,#,מטרופולין,3,11501
144912594,8960448,3835255_210526,2026-05-21T05:45:00+00:00,2026-05-21T06:44:40+00:00,2026-05-21,5193,15,501,ת.מרכזית תל אביב קומה 6/רציפים-תל אביב יפו<->מסוף רעננה/דרך השרון-רעננה-2#,11501,2,#,מטרופולין,3,11501
144864148,8960447,3834911_210526,2026-05-21T05:45:00+00:00,2026-05-21T06:43:33+00:00,2026-05-21,5189,15,501,מסוף רעננה/רציפים-רעננה<->ת.מרכזית תל אביב קומה 6/הורדה-תל אביב יפו-1#,11501,1,#,מטרופולין,3,11501
144863748,8960448,3835256_210526,2026-05-21T06:00:00+00:00,2026-05-21T06:59:40+00:00,2026-05-21,5193,15,501,ת.מרכזית תל אביב קומה 6/רציפים-תל אביב יפו<->מסוף רעננה/דרך השרון-רעננה-2#,11501,2,#,מטרופולין,3,11501
144863730,8960447,1346487_210526,2026-05-21T06:00:00+00:00,2026-05-21T06:58:33+00:00,2026-05-21,5189,15,501,מסוף רעננה/רציפים-רעננה<->ת.מרכזית תל אביב קומה 6/הורדה-תל אביב יפו-1#,11501,1,#,מטרופולין,3,11501
144912595,8960448,3835257_210526,2026-05-21T06:15:00+00:00,2026-05-21T07:14:40+00:00,2026-05-21,5193,15,501,ת.מרכזית תל אביב קומה 6/רציפים-תל אביב יפו<->מסוף רעננה/דרך השרון-רעננה-2#,11501,2,#,מטרופולין,3,11501
144912587,8960447,3834913_210526,2026-05-21T06:15:00+00:00,2026-05-21T07:13:33+00:00,2026-05-21,5189,15,501,מסוף רעננה/רציפים-רעננה<->ת.מרכזית תל אביב קומה 6/הורדה-תל אביב יפו-1#,11501,1,#,מטרופולין,3,11501
144866141,8960447,3834914_210526,2026-05-21T06:30:00+00:00,2026-05-21T07:28:33+00:00,2026-05-21,5189,15,501,מסוף רעננה/רציפים-רעננה<->ת.מרכזית תל אביב קומה 6/הורדה-תל אביב יפו-1#,11501,1,#,מטרופולין,3,11501
144863802,8960448,3835258_210526,2026-05-21T06:30:00+00:00,2026-05-21T07:29:40+00:00,2026-05-21,5193,15,501,ת.מרכזית תל אביב קומה 6/רציפים-תל אביב יפו<->מסוף רעננה/דרך השרון-רעננה-2#,11501,2,#,מטרופולין,3,11501
144866142,8960447,3834915_210526,2026-05-21T06:45:00+00:00,2026-05-21T07:43:33+00:00,2026-05-21,5189,15,501,מסוף רעננה/רציפים-רעננה<->ת.מרכזית תל אביב קומה 6/הורדה-תל אביב יפו-1#,11501,1,#,מטרופולין,3,11501
144863803,8960448,3835259_210526,2026-05-21T06:45:00+00:00,2026-05-21T07:44:40+00:00,2026-05-21,5193,15,501,ת.מרכזית תל אביב קומה 6/רציפים-תל אביב יפו<->מסוף רעננה/דרך השרון-רעננה-2#,11501,2,#,מטרופולין,3,11501
144912589,8960447,3961454_210526,2026-05-21T07:00:00+00:00,2026-05-21T07:58:33+00:00,2026-05-21,5189,15,501,מסוף רעננה/רציפים-רעננה<->ת.מרכזית תל אביב קומה 6/הורדה-תל אביב יפו-1#,11501,1,#,מטרופולין,3,11501
144865768,8960448,1346902_210526,2026-05-21T07:00:00+00:00,2026-05-21T07:59:40+00:00,2026-05-21,5193,15,501,ת.מרכזית תל אביב קומה 6/רציפים-תל אביב יפו<->מסוף רעננה/דרך השרון-רעננה-2#,11501,2,#,מטרופולין,3,11501
144864158,8960448,6419799_210526,2026-05-21T07:20:00+00:00,2026-05-21T08:19:40+00:00,2026-05-21,5193,15,501,ת.מרכזית תל אביב קומה 6/רציפים-תל אביב יפו<->מסוף רעננה/דרך השרון-רעננה-2#,11501,2,#,מטרופולין,3,11501
144863777,8960447,4009806_210526,2026-05-21T07:20:00+00:00,2026-05-21T08:18:33+00:00,2026-05-21,5189,15,501,מסוף רעננה/רציפים-רעננה<->ת.מרכזית תל אביב קומה 6/הורדה-תל אביב יפו-1#,11501,1,#,מטרופולין,3,11501
144863805,8960448,6419800_210526,2026-05-21T07:40:00+00:00,2026-05-21T08:39:40+00:00,2026-05-21,5193,15,501,ת.מרכזית תל אביב קומה 6/רציפים-תל אביב יפו<->מסוף רעננה/דרך השרון-רעננה-2#,11501,2,#,מטרופולין,3,11501
144863778,8960447,4010036_210526,2026-05-21T07:40:00+00:00,2026-05-21T08:38:33+00:00,2026-05-21,5189,15,501,מסוף רעננה/רציפים-רעננה<->ת.מרכזית תל אביב קומה 6/הורדה-תל אביב יפו-1#,11501,1,#,מטרופולין,3,11501
144865537,8960447,3961459_210526,2026-05-21T08:00:00+00:00,2026-05-21T08:58:33+00:00,2026-05-21,5189,15,501,מסוף רעננה/רציפים-רעננה<->ת.מרכזית תל אביב קומה 6/הורדה-תל אביב יפו-1#,11501,1,#,מטרופולין,3,11501
144863745,8960448,1346907_210526,2026-05-21T08:00:00+00:00,2026-05-21T08:59:40+00:00,2026-05-21,5193,15,501,ת.מרכזית תל אביב קומה 6/רציפים-תל אביב יפו<->מסוף רעננה/דרך השרון-רעננה-2#,11501,2,#,מטרופולין,3,11501
144866034,8960447,1346498_210526,2026-05-21T08:20:00+00:00,2026-05-21T09:18:33+00:00,2026-05-21,5189,15,501,מסוף רעננה/רציפים-רעננה<->ת.מרכזית תל אביב קומה 6/הורדה-תל אביב יפו-1#,11501,1,#,מטרופולין,3,11501
144865771,8960448,6419802_210526,2026-05-21T08:20:00+00:00,2026-05-21T09:19:40+00:00,2026-05-21,5193,15,501,ת.מרכזית תל אביב קומה 6/רציפים-תל אביב יפו<->מסוף רעננה/דרך השרון-רעננה-2#,11501,2,#,מטרופולין,3,11501
144866139,8960447,1346500_210526,2026-05-21T08:40:00+00:00,2026-05-21T09:38:33+00:00,2026-05-21,5189,15,501,מסוף רעננה/רציפים-רעננה<->ת.מרכזית תל אביב קומה 6/הורדה-תל אביב יפו-1#,11501,1,#,מטרופולין,3,11501
144865552,8960448,6419803_210526,2026-05-21T08:40:00+00:00,2026-05-21T09:39:40+00:00,2026-05-21,5193,15,501,ת.מרכזית תל אביב קומה 6/רציפים-תל אביב יפו<->מסוף רעננה/דרך השרון-רעננה-2#,11501,2,#,מטרופולין,3,11501
144865763,8960447,3961464_210526,2026-05-21T09:00:00+00:00,2026-05-21T09:58:33+00:00,2026-05-21,5189,15,501,מסוף רעננה/רציפים-רעננה<->ת.מרכזית תל אביב קומה 6/הורדה-תל אביב יפו-1#,11501,1,#,מטרופולין,3,11501
144864156,8960448,1346912_210526,2026-05-21T09:00:00+00:00,2026-05-21T09:59:40+00:00,2026-05-21,5193,15,501,ת.מרכזית תל אביב קומה 6/רציפים-תל אביב יפו<->מסוף רעננה/דרך השרון-רעננה-2#,11501,2,#,מטרופולין,3,11501
144863733,8960447,4009810_210526,2026-05-21T09:15:00+00:00,2026-05-21T10:13:33+00:00,2026-05-21,5189,15,501,מסוף רעננה/רציפים-רעננה<->ת.מרכזית תל אביב קומה 6/הורדה-תל אביב יפו-1#,11501,1,#,מטרופולין,3,11501
144912584,8960447,1346503_210526,2026-05-21T09:30:00+00:00,2026-05-21T10:28:33+00:00,2026-05-21,5189,15,501,מסוף רעננה/רציפים-רעננה<->ת.מרכזית תל אביב קומה 6/הורדה-תל אביב יפו-1#,11501,1,#,מטרופולין,3,11501
144864159,8960448,6419805_210526,2026-05-21T09:30:00+00:00,2026-05-21T10:29:40+00:00,2026-05-21,5193,15,501,ת.מרכזית תל אביב קומה 6/רציפים-תל אביב יפו<->מסוף רעננה/דרך השרון-רעננה-2#,11501,2,#,מטרופולין,3,11501
144865538,8960447,4009811_210526,2026-05-21T09:45:00+00:00,2026-05-21T10:43:33+00:00,2026-05-21,5189,15,501,מסוף רעננה/רציפים-רעננה<->ת.מרכזית תל אביב קומה 6/הורדה-תל אביב יפו-1#,11501,1,#,מטרופולין,3,11501
144912592,8960448,1346915_210526,2026-05-21T10:00:00+00:00,2026-05-21T10:59:40+00:00,2026-05-21,5193,15,501,ת.מרכזית תל אביב קומה 6/רציפים-תל אביב יפו<->מסוף רעננה/דרך השרון-רעננה-2#,11501,2,#,מטרופולין,3,11501
144866143,8960447,3961470_210526,2026-05-21T10:00:00+00:00,2026-05-21T10:58:33+00:00,2026-05-21,5189,15,501,מסוף רעננה/רציפים-רעננה<->ת.מרכזית תל אביב קומה 6/הורדה-תל אביב יפו-1#,11501,1,#,מטרופולין,3,11501
144912590,8960447,4009812_210526,2026-05-21T10:15:00+00:00,2026-05-21T11:13:33+00:00,2026-05-21,5189,15,501,מסוף רעננה/רציפים-רעננה<->ת.מרכזית תל אביב קומה 6/הורדה-תל אביב יפו-1#,11501,1,#,מטרופולין,3,11501
144912596,8960448,6419807_210526,2026-05-21T10:30:00+00:00,2026-05-21T11:29:40+00:00,2026-05-21,5193,15,501,ת.מרכזית תל אביב קומה 6/רציפים-תל אביב יפו<->מסוף רעננה/דרך השרון-רעננה-2#,11501,2,#,מטרופולין,3,11501
144866140,8960447,1588655_210526,2026-05-21T10:30:00+00:00,2026-05-21T11:28:33+00:00,2026-05-21,5189,15,501,מסוף רעננה/רציפים-רעננה<->ת.מרכזית תל אביב קומה 6/הורדה-תל אביב יפו-1#,11501,1,#,מטרופולין,3,11501
144912585,8960447,1346507_210526,2026-05-21T10:45:00+00:00,2026-05-21T11:43:33+00:00,2026-05-21,5189,15,501,מסוף רעננה/רציפים-רעננה<->ת.מרכזית תל אביב קומה 6/הורדה-תל אביב יפו-1#,11501,1,#,מטרופולין,3,11501
144865550,8960448,2508287_210526,2026-05-21T11:00:00+00:00,2026-05-21T11:59:40+00:00,2026-05-21,5193,15,501,ת.מרכזית תל אביב קומה 6/רציפים-תל אביב יפו<->מסוף רעננה/דרך השרון-רעננה-2#,11501,2,#,מטרופולין,3,11501
144863732,8960447,3834928_210526,2026-05-21T11:00:00+00:00,2026-05-21T11:58:33+00:00,2026-05-21,5189,15,501,מסוף רעננה/רציפים-רעננה<->ת.מרכזית תל אביב קומה 6/הורדה-תל אביב יפו-1#,11501,1,#,מטרופולין,3,11501
144866144,8960447,4009814_210526,2026-05-21T11:15:00+00:00,2026-05-21T12:13:33+00:00,2026-05-21,5189,15,501,מסוף רעננה/רציפים-רעננה<->ת.מרכזית תל אביב קומה 6/הורדה-תל אביב יפו-1#,11501,1,#,מטרופולין,3,11501
144863804,8960448,3835280_210526,2026-05-21T11:15:00+00:00,2026-05-21T12:14:40+00:00,2026-05-21,5193,15,501,ת.מרכזית תל אביב קומה 6/רציפים-תל אביב יפו<->מסוף רעננה/דרך השרון-רעננה-2#,11501,2,#,מטרופולין,3,11501
144912586,8960447,1588658_210526,2026-05-21T11:30:00+00:00,2026-05-21T12:28:33+00:00,2026-05-21,5189,15,501,מסוף רעננה/רציפים-רעננה<->ת.מרכזית תל אביב קומה 6/הורדה-תל אביב יפו-1#,11501,1,#,מטרופולין,3,11501
144864157,8960448,3835281_210526,2026-05-21T11:30:00+00:00,2026-05-21T12:29:40+00:00,2026-05-21,5193,15,501,ת.מרכזית תל אביב קומה 6/רציפים-תל אביב יפו<->מסוף רעננה/דרך השרון-רעננה-2#,11501,2,#,מטרופולין,3,11501
144865770,8960448,3835282_210526,2026-05-21T11:45:00+00:00,2026-05-21T12:44:40+00:00,2026-05-21,5193,15,501,ת.מרכזית תל אביב קומה 6/רציפים-תל אביב יפו<->מסוף רעננה/דרך השרון-רעננה-2#,11501,2,#,מטרופולין,3,11501
144865764,8960447,4009815_210526,2026-05-21T11:45:00+00:00,2026-05-21T12:43:33+00:00,2026-05-21,5189,15,501,מסוף רעננה/רציפים-רעננה<->ת.מרכזית תל אביב קומה 6/הורדה-תל אביב יפו-1#,11501,1,#,מטרופולין,3,11501
144866035,8960447,3834933_210526,2026-05-21T12:00:00+00:00,2026-05-21T12:58:33+00:00,2026-05-21,5189,15,501,מסוף רעננה/רציפים-רעננה<->ת.מרכזית תל אביב קומה 6/הורדה-תל אביב יפו-1#,11501,1,#,מטרופולין,3,11501
144863796,8960448,1346920_210526,2026-05-21T12:00:00+00:00,2026-05-21T12:59:40+00:00,2026-05-21,5193,15,501,ת.מרכזית תל אביב קומה 6/רציפים-תל אביב יפו<->מסוף רעננה/דרך השרון-רעננה-2#,11501,2,#,מטרופולין,3,11501
144865765,8960447,4209528_210526,2026-05-21T12:20:00+00:00,2026-05-21T13:18:33+00:00,2026-05-21,5189,15,501,מסוף רעננה/רציפים-רעננה<->ת.מרכזית תל אביב קומה 6/הורדה-תל אביב יפו-1#,11501,1,#,מטרופולין,3,11501
144863746,8960448,1346921_210526,2026-05-21T12:20:00+00:00,2026-05-21T13:19:40+00:00,2026-05-21,5193,15,501,ת.מרכזית תל אביב קומה 6/רציפים-תל אביב יפו<->מסוף רעננה/דרך השרון-רעננה-2#,11501,2,#,מטרופולין,3,11501
144865769,8960448,1346923_210526,2026-05-21T12:40:00+00:00,2026-05-21T13:39:40+00:00,2026-05-21,5193,15,501,ת.מרכזית תל אביב קומה 6/רציפים-תל אביב יפו<->מסוף רעננה/דרך השרון-רעננה-2#,11501,2,#,מטרופולין,3,11501
144864149,8960447,7668353_210526,2026-05-21T12:40:00+00:00,2026-05-21T13:38:33+00:00,2026-05-21,5189,15,501,מסוף רעננה/רציפים-רעננה<->ת.מרכזית תל אביב קומה 6/הורדה-תל אביב יפו-1#,11501,1,#,מטרופולין,3,11501
144912588,8960447,3834938_210526,2026-05-21T13:00:00+00:00,2026-05-21T13:58:33+00:00,2026-05-21,5189,15,501,מסוף רעננה/רציפים-רעננה<->ת.מרכזית תל אביב קומה 6/הורדה-תל אביב יפו-1#,11501,1,#,מטרופולין,3,11501
144863797,8960448,1346925_210526,2026-05-21T13:00:00+00:00,2026-05-21T13:59:40+00:00,2026-05-21,5193,15,501,ת.מרכזית תל אביב קומה 6/רציפים-תל אביב יפו<->מסוף רעננה/דרך השרון-רעננה-2#,11501,2,#,מטרופולין,3,11501
144866110,8960448,3835288_210526,2026-05-21T13:15:00+00:00,2026-05-21T14:14:40+00:00,2026-05-21,5193,15,501,ת.מרכזית תל אביב קומה 6/רציפים-תל אביב יפו<->מסוף רעננה/דרך השרון-רעננה-2#,11501,2,#,מטרופולין,3,11501
144586842,8941819,27780879_170526,2026-05-17T21:00:00+00:00,2026-05-17T22:05:59+00:00,2026-05-18,7700,15,47,ת.מרכזית תל אביב קומה 6/רציפים-תל אביב יפו<->מסוף רעננה/הפנינה-רעננה-2#,19047,2,#,מטרופולין,3,19047
144586814,8941818,27781963_170526,2026-05-17T21:00:00+00:00,2026-05-17T22:05:59+00:00,2026-05-18,7699,15,47,מסוף רעננה/הפנינה-רעננה<->ת.מרכזית תל אביב קומה 6/הורדה-תל אביב יפו-1#,19047,1,#,מטרופולין,3,19047
144587687,8941818,2200215_170526,2026-05-18T02:30:00+00:00,2026-05-18T03:35:59+00:00,2026-05-18,7699,15,47,מסוף רעננה/הפנינה-רעננה<->ת.מרכזית תל אביב קומה 6/הורדה-תל אביב יפו-1#,19047,1,#,מטרופולין,3,19047
144589255,8941819,2200787_170526,2026-05-18T02:50:00+00:00,2026-05-18T03:55:59+00:00,2026-05-18,7700,15,47,ת.מרכזית תל אביב קומה 6/רציפים-תל אביב יפו<->מסוף רעננה/הפנינה-רעננה-2#,19047,2,#,מטרופולין,3,19047
144587727,8941818,3318066_170526,2026-05-18T02:50:00+00:00,2026-05-18T03:55:59+00:00,2026-05-18,7699,15,47,מסוף רעננה/הפנינה-רעננה<->ת.מרכזית תל אביב קומה 6/הורדה-תל אביב יפו-1#,19047,1,#,מטרופולין,3,19047
144553233,8941819,45789823_170526,2026-05-18T03:05:00+00:00,2026-05-18T04:10:59+00:00,2026-05-18,7700,15,47,ת.מרכזית תל אביב קומה 6/רציפים-תל אביב יפו<->מסוף רעננה/הפנינה-רעננה-2#,19047,2,#,מטרופולין,3,19047
144589174,8941818,585887732_170526,2026-05-18T03:10:00+00:00,2026-05-18T04:15:59+00:00,2026-05-18,7699,15,47,מסוף רעננה/הפנינה-רעננה<->ת.מרכזית תל אביב קומה 6/הורדה-תל אביב יפו-1#,19047,1,#,מטרופולין,3,19047
144589294,8941819,56900416_170526,2026-05-18T03:20:00+00:00,2026-05-18T04:25:59+00:00,2026-05-18,7700,15,47,ת.מרכזית תל אביב קומה 6/רציפים-תל אביב יפו<->מסוף רעננה/הפנינה-רעננה-2#,19047,2,#,מטרופולין,3,19047
144589170,8941818,2200218_170526,2026-05-18T03:30:00+00:00,2026-05-18T04:35:59+00:00,2026-05-18,7699,15,47,מסוף רעננה/הפנינה-רעננה<->ת.מרכזית תל אביב קומה 6/הורדה-תל אביב יפו-1#,19047,1,#,מטרופולין,3,19047
144587752,8941819,585888170_170526,2026-05-18T03:35:00+00:00,2026-05-18T04:40:59+00:00,2026-05-18,7700,15,47,ת.מרכזית תל אביב קומה 6/רציפים-תל אביב יפו<->מסוף רעננה/הפנינה-רעננה-2#,19047,2,#,מטרופולין,3,19047
144586810,8941818,2887298_170526,2026-05-18T03:50:00+00:00,2026-05-18T04:55:59+00:00,2026-05-18,7699,15,47,מסוף רעננה/הפנינה-רעננה<->ת.מרכזית תל אביב קומה 6/הורדה-תל אביב יפו-1#,19047,1,#,מטרופולין,3,19047
144586726,8941819,7941618_170526,2026-05-18T03:50:00+00:00,2026-05-18T04:55:59+00:00,2026-05-18,7700,15,47,ת.מרכזית תל אביב קומה 6/רציפים-תל אביב יפו<->מסוף רעננה/הפנינה-רעננה-2#,19047,2,#,מטרופולין,3,19047
144587751,8941819,4548097_170526,2026-05-18T04:05:00+00:00,2026-05-18T05:10:59+00:00,2026-05-18,7700,15,47,ת.מרכזית תל אביב קומה 6/רציפים-תל אביב יפו<->מסוף רעננה/הפנינה-רעננה-2#,19047,2,#,מטרופולין,3,19047
144553227,8941818,585874647_170526,2026-05-18T04:05:00+00:00,2026-05-18T05:10:59+00:00,2026-05-18,7699,15,47,מסוף רעננה/הפנינה-רעננה<->ת.מרכזית תל אביב קומה 6/הורדה-תל אביב יפו-1#,19047,1,#,מטרופולין,3,19047
144589991,8941818,33029126_170526,2026-05-18T04:20:00+00:00,2026-05-18T05:25:59+00:00,2026-05-18,7699,15,47,מסוף רעננה/הפנינה-רעננה<->ת.מרכזית תל אביב קומה 6/הורדה-תל אביב יפו-1#,19047,1,#,מטרופולין,3,19047
144553228,8941819,17730519_170526,2026-05-18T04:20:00+00:00,2026-05-18T05:25:59+00:00,2026-05-18,7700,15,47,ת.מרכזית תל אביב קומה 6/רציפים-תל אביב יפו<->מסוף רעננה/הפנינה-רעננה-2#,19047,2,#,מטרופולין,3,19047
144589171,8941818,2887322_170526,2026-05-18T04:35:00+00:00,2026-05-18T05:40:59+00:00,2026-05-18,7699,15,47,מסוף רעננה/הפנינה-רעננה<->ת.מרכזית תל אביב קומה 6/הורדה-תל אביב יפו-1#,19047,1,#,מטרופולין,3,19047
144586843,8941819,2200796_170526,2026-05-18T04:35:00+00:00,2026-05-18T05:40:59+00:00,2026-05-18,7700,15,47,ת.מרכזית תל אביב קומה 6/רציפים-תל אביב יפו<->מסוף רעננה/הפנינה-רעננה-2#,19047,2,#,מטרופולין,3,19047
144590007,8941819,7941623_170526,2026-05-18T04:50:00+00:00,2026-05-18T05:55:59+00:00,2026-05-18,7700,15,47,ת.מרכזית תל אביב קומה 6/רציפים-תל אביב יפו<->מסוף רעננה/הפנינה-רעננה-2#,19047,2,#,מטרופולין,3,19047
144586712,8941818,2887328_170526,2026-05-18T04:50:00+00:00,2026-05-18T05:55:59+00:00,2026-05-18,7699,15,47,מסוף רעננה/הפנינה-רעננה<->ת.מרכזית תל אביב קומה 6/הורדה-תל אביב יפו-1#,19047,1,#,מטרופולין,3,19047
144589256,8941819,2200799_170526,2026-05-18T05:05:00+00:00,2026-05-18T06:10:59+00:00,2026-05-18,7700,15,47,ת.מרכזית תל אביב קומה 6/רציפים-תל אביב יפו<->מסוף רעננה/הפנינה-רעננה-2#,19047,2,#,מטרופולין,3,19047
144553224,8941818,3318078_170526,2026-05-18T05:05:00+00:00,2026-05-18T06:10:59+00:00,2026-05-18,7699,15,47,מסוף רעננה/הפנינה-רעננה<->ת.מרכזית תל אביב קומה 6/הורדה-תל אביב יפו-1#,19047,1,#,מטרופולין,3,19047
144590039,8941818,4547867_170526,2026-05-18T05:20:00+00:00,2026-05-18T06:25:59+00:00,2026-05-18,7699,15,47,מסוף רעננה/הפנינה-רעננה<->ת.מרכזית תל אביב קומה 6/הורדה-תל אביב יפו-1#,19047,1,#,מטרופולין,3,19047
144589258,8941819,32985428_170526,2026-05-18T05:20:00+00:00,2026-05-18T06:25:59+00:00,2026-05-18,7700,15,47,ת.מרכזית תל אביב קומה 6/רציפים-תל אביב יפו<->מסוף רעננה/הפנינה-רעננה-2#,19047,2,#,מטרופולין,3,19047
144586723,8941819,2200802_170526,2026-05-18T05:35:00+00:00,2026-05-18T06:40:59+00:00,2026-05-18,7700,15,47,ת.מרכזית תל אביב קומה 6/רציפים-תל אביב יפו<->מסוף רעננה/הפנינה-רעננה-2#,19047,2,#,מטרופולין,3,19047
144586707,8941818,2200227_170526,2026-05-18T05:35:00+00:00,2026-05-18T06:40:59+00:00,2026-05-18,7699,15,47,מסוף רעננה/הפנינה-רעננה<->ת.מרכזית תל אביב קומה 6/הורדה-תל אביב יפו-1#,19047,1,#,מטרופולין,3,19047
144586848,8941819,56900425_170526,2026-05-18T05:50:00+00:00,2026-05-18T06:55:59+00:00,2026-05-18,7700,15,47,ת.מרכזית תל אביב קומה 6/רציפים-תל אביב יפו<->מסוף רעננה/הפנינה-רעננה-2#,19047,2,#,מטרופולין,3,19047
144589988,8941818,2887136_170526,2026-05-18T05:55:00+00:00,2026-05-18T07:00:59+00:00,2026-05-18,7699,15,47,מסוף רעננה/הפנינה-רעננה<->ת.מרכזית תל אביב קומה 6/הורדה-תל אביב יפו-1#,19047,1,#,מטרופולין,3,19047
144587749,8941819,2200805_170526,2026-05-18T06:05:00+00:00,2026-05-18T07:10:59+00:00,2026-05-18,7700,15,47,ת.מרכזית תל אביב קומה 6/רציפים-תל אביב יפו<->מסוף רעננה/הפנינה-רעננה-2#,19047,2,#,מטרופולין,3,19047
144586708,8941818,2887142_170526,2026-05-18T06:15:00+00:00,2026-05-18T07:20:59+00:00,2026-05-18,7699,15,47,מסוף רעננה/הפנינה-רעננה<->ת.מרכזית תל אביב קומה 6/הורדה-תל אביב יפו-1#,19047,1,#,מטרופולין,3,19047
144589259,8941819,45789833_170526,2026-05-18T06:25:00+00:00,2026-05-18T07:30:59+00:00,2026-05-18,7700,15,47,ת.מרכזית תל אביב קומה 6/רציפים-תל אביב יפו<->מסוף רעננה/הפנינה-רעננה-2#,19047,2,#,מטרופולין,3,19047
144586709,8941818,2887148_170526,2026-05-18T06:35:00+00:00,2026-05-18T07:40:59+00:00,2026-05-18,7699,15,47,מסוף רעננה/הפנינה-רעננה<->ת.מרכזית תל אביב קומה 6/הורדה-תל אביב יפו-1#,19047,1,#,מטרופולין,3,19047
144588701,8941819,24058937_170526,2026-05-18T06:45:00+00:00,2026-05-18T07:50:59+00:00,2026-05-18,7700,15,47,ת.מרכזית תל אביב קומה 6/רציפים-תל אביב יפו<->מסוף רעננה/הפנינה-רעננה-2#,19047,2,#,מטרופולין,3,19047
144587688,8941818,2887154_170526,2026-05-18T06:55:00+00:00,2026-05-18T08:00:59+00:00,2026-05-18,7699,15,47,מסוף רעננה/הפנינה-רעננה<->ת.מרכזית תל אביב קומה 6/הורדה-תל אביב יפו-1#,19047,1,#,מטרופולין,3,19047
144553234,8941819,45789835_170526,2026-05-18T07:05:00+00:00,2026-05-18T08:10:59+00:00,2026-05-18,7700,15,47,ת.מרכזית תל אביב קומה 6/רציפים-תל אביב יפו<->מסוף רעננה/הפנינה-רעננה-2#,19047,2,#,מטרופולין,3,19047
144586710,8941818,2887160_170526,2026-05-18T07:15:00+00:00,2026-05-18T08:20:59+00:00,2026-05-18,7699,15,47,מסוף רעננה/הפנינה-רעננה<->ת.מרכזית תל אביב קומה 6/הורדה-תל אביב יפו-1#,19047,1,#,מטרופולין,3,19047
144586725,8941819,45789836_170526,2026-05-18T07:25:00+00:00,2026-05-18T08:30:59+00:00,2026-05-18,7700,15,47,ת.מרכזית תל אביב קומה 6/רציפים-תל אביב יפו<->מסוף רעננה/הפנינה-רעננה-2#,19047,2,#,מטרופולין,3,19047
144587689,8941818,2887166_170526,2026-05-18T07:35:00+00:00,2026-05-18T08:40:59+00:00,2026-05-18,7699,15,47,מסוף רעננה/הפנינה-רעננה<->ת.מרכזית תל אביב קומה 6/הורדה-תל אביב יפו-1#,19047,1,#,מטרופולין,3,19047
144586809,8941818,24058641_170526,2026-05-18T07:45:00+00:00,2026-05-18T08:50:59+00:00,2026-05-18,7699,15,47,מסוף רעננה/הפנינה-רעננה<->ת.מרכזית תל אביב קומה 6/הורדה-תל אביב יפו-1#,19047,1,#,מטרופולין,3,19047
144553230,8941819,24058957_170526,2026-05-18T07:45:00+00:00,2026-05-18T08:50:59+00:00,2026-05-18,7700,15,47,ת.מרכזית תל אביב קומה 6/רציפים-תל אביב יפו<->מסוף רעננה/הפנינה-רעננה-2#,19047,2,#,מטרופולין,3,19047
144588646,8941818,2887172_170526,2026-05-18T07:55:00+00:00,2026-05-18T09:00:59+00:00,2026-05-18,7699,15,47,מסוף רעננה/הפנינה-רעננה<->ת.מרכזית תל אביב קומה 6/הורדה-תל אביב יפו-1#,19047,1,#,מטרופולין,3,19047
144590004,8941819,45789838_170526,2026-05-18T08:05:00+00:00,2026-05-18T09:10:59+00:00,2026-05-18,7700,15,47,ת.מרכזית תל אביב קומה 6/רציפים-תל אביב יפו<->מסוף רעננה/הפנינה-רעננה-2#,19047,2,#,מטרופולין,3,19047
144589989,8941818,2887178_170526,2026-05-18T08:15:00+00:00,2026-05-18T09:20:59+00:00,2026-05-18,7699,15,47,מסוף רעננה/הפנינה-רעננה<->ת.מרכזית תל אביב קומה 6/הורדה-תל אביב יפו-1#,19047,1,#,מטרופולין,3,19047
144553229,8941819,22760935_170526,2026-05-18T08:25:00+00:00,2026-05-18T09:30:59+00:00,2026-05-18,7700,15,47,ת.מרכזית תל אביב קומה 6/רציפים-תל אביב יפו<->מסוף רעננה/הפנינה-רעננה-2#,19047,2,#,מטרופולין,3,19047
144587690,8941818,2887184_170526,2026-05-18T08:35:00+00:00,2026-05-18T09:40:59+00:00,2026-05-18,7699,15,47,מסוף רעננה/הפנינה-רעננה<->ת.מרכזית תל אביב קומה 6/הורדה-תל אביב יפו-1#,19047,1,#,מטרופולין,3,19047
144588705,8941819,7941634_170526,2026-05-18T08:45:00+00:00,2026-05-18T09:50:59+00:00,2026-05-18,7700,15,47,ת.מרכזית תל אביב קומה 6/רציפים-תל אביב יפו<->מסוף רעננה/הפנינה-רעננה-2#,19047,2,#,מטרופולין,3,19047
144587691,8941818,2887190_170526,2026-05-18T08:55:00+00:00,2026-05-18T10:00:59+00:00,2026-05-18,7699,15,47,מסוף רעננה/הפנינה-רעננה<->ת.מרכזית תל אביב קומה 6/הורדה-תל אביב יפו-1#,19047,1,#,מטרופולין,3,19047
144589292,8941819,45789841_170526,2026-05-18T09:05:00+00:00,2026-05-18T10:10:59+00:00,2026-05-18,7700,15,47,ת.מרכזית תל אביב קומה 6/רציפים-תל אביב יפו<->מסוף רעננה/הפנינה-רעננה-2#,19047,2,#,מטרופולין,3,19047
144590008,8941819,7941636_170526,2026-05-18T09:15:00+00:00,2026-05-18T10:20:59+00:00,2026-05-18,7700,15,47,ת.מרכזית תל אביב קומה 6/רציפים-תל אביב יפו<->מסוף רעננה/הפנינה-רעננה-2#,19047,2,#,מטרופולין,3,19047
144589990,8941818,2887196_170526,2026-05-18T09:15:00+00:00,2026-05-18T10:20:59+00:00,2026-05-18,7699,15,47,מסוף רעננה/הפנינה-רעננה<->ת.מרכזית תל אביב קומה 6/הורדה-תל אביב יפו-1#,19047,1,#,מטרופולין,3,19047
144588702,8941819,45789842_170526,2026-05-18T09:25:00+00:00,2026-05-18T10:30:59+00:00,2026-05-18,7700,15,47,ת.מרכזית תל אביב קומה 6/רציפים-תל אביב יפו<->מסוף רעננה/הפנינה-רעננה-2#,19047,2,#,מטרופולין,3,19047
144587710,8941818,2887202_170526,2026-05-18T09:35:00+00:00,2026-05-18T10:40:59+00:00,2026-05-18,7699,15,47,מסוף רעננה/הפנינה-רעננה<->ת.מרכזית תל אביב קומה 6/הורדה-תל אביב יפו-1#,19047,1,#,מטרופולין,3,19047
144586846,8941819,32985439_170526,2026-05-18T09:45:00+00:00,2026-05-18T10:50:59+00:00,2026-05-18,7700,15,47,ת.מרכזית תל אביב קומה 6/רציפים-תל אביב יפו<->מסוף רעננה/הפנינה-רעננה-2#,19047,2,#,מטרופולין,3,19047
144587725,8941818,2887208_170526,2026-05-18T09:55:00+00:00,2026-05-18T11:00:59+00:00,2026-05-18,7699,15,47,מסוף רעננה/הפנינה-רעננה<->ת.מרכזית תל אביב קומה 6/הורדה-תל אביב יפו-1#,19047,1,#,מטרופולין,3,19047
144590138,8941819,45789844_170526,2026-05-18T10:05:00+00:00,2026-05-18T11:10:59+00:00,2026-05-18,7700,15,47,ת.מרכזית תל אביב קומה 6/רציפים-תל אביב יפו<->מסוף רעננה/הפנינה-רעננה-2#,19047,2,#,מטרופולין,3,19047
144589987,8941818,24058691_170526,2026-05-18T10:15:00+00:00,2026-05-18T11:20:59+00:00,2026-05-18,7699,15,47,מסוף רעננה/הפנינה-רעננה<->ת.מרכזית תל אביב קומה 6/הורדה-תל אביב יפו-1#,19047,1,#,מטרופולין,3,19047
144586847,8941819,45789845_170526,2026-05-18T10:25:00+00:00,2026-05-18T11:30:59+00:00,2026-05-18,7700,15,47,ת.מרכזית תל אביב קומה 6/רציפים-תל אביב יפו<->מסוף רעננה/הפנינה-רעננה-2#,19047,2,#,מטרופולין,3,19047
144590045,8941818,56900405_170526,2026-05-18T10:35:00+00:00,2026-05-18T11:40:59+00:00,2026-05-18,7699,15,47,מסוף רעננה/הפנינה-רעננה<->ת.מרכזית תל אביב קומה 6/הורדה-תל אביב יפו-1#,19047,1,#,מטרופולין,3,19047
144553232,8941819,33029372_170526,2026-05-18T10:45:00+00:00,2026-05-18T11:50:59+00:00,2026-05-18,7700,15,47,ת.מרכזית תל אביב קומה 6/רציפים-תל אביב יפו<->מסוף רעננה/הפנינה-רעננה-2#,19047,2,#,מטרופולין,3,19047
144553225,8941818,3318100_170526,2026-05-18T10:55:00+00:00,2026-05-18T12:00:59+00:00,2026-05-18,7699,15,47,מסוף רעננה/הפנינה-רעננה<->ת.מרכזית תל אביב קומה 6/הורדה-תל אביב יפו-1#,19047,1,#,מטרופולין,3,19047
144589293,8941819,45789847_170526,2026-05-18T11:05:00+00:00,2026-05-18T12:10:59+00:00,2026-05-18,7700,15,47,ת.מרכזית תל אביב קומה 6/רציפים-תל אביב יפו<->מסוף רעננה/הפנינה-רעננה-2#,19047,2,#,מטרופולין,3,19047
144587728,8941818,46669542_170526,2026-05-18T11:15:00+00:00,2026-05-18T12:20:59+00:00,2026-05-18,7699,15,47,מסוף רעננה/הפנינה-רעננה<->ת.מרכזית תל אביב קומה 6/הורדה-תל אביב יפו-1#,19047,1,#,מטרופולין,3,19047
144586844,8941819,2200823_170526,2026-05-18T11:25:00+00:00,2026-05-18T12:30:59+00:00,2026-05-18,7700,15,47,ת.מרכזית תל אביב קומה 6/רציפים-תל אביב יפו<->מסוף רעננה/הפנינה-רעננה-2#,19047,2,#,מטרופולין,3,19047
144586711,8941818,2887232_170526,2026-05-18T11:35:00+00:00,2026-05-18T12:40:59+00:00,2026-05-18,7699,15,47,מסוף רעננה/הפנינה-רעננה<->ת.מרכזית תל אביב קומה 6/הורדה-תל אביב יפו-1#,19047,1,#,מטרופולין,3,19047
144587754,8941819,7941644_170526,2026-05-18T11:50:00+00:00,2026-05-18T12:55:59+00:00,2026-05-18,7700,15,47,ת.מרכזית תל אביב קומה 6/רציפים-תל אביב יפו<->מסוף רעננה/הפנינה-רעננה-2#,19047,2,#,מטרופולין,3,19047
144588643,8941818,2200248_170526,2026-05-18T11:55:00+00:00,2026-05-18T13:00:59+00:00,2026-05-18,7699,15,47,מסוף רעננה/הפנינה-רעננה<->ת.מרכזית תל אביב קומה 6/הורדה-תל אביב יפו-1#,19047,1,#,מטרופולין,3,19047
144590005,8941819,45789850_170526,2026-05-18T12:05:00+00:00,2026-05-18T13:10:59+00:00,2026-05-18,7700,15,47,ת.מרכזית תל אביב קומה 6/רציפים-תל אביב יפו<->מסוף רעננה/הפנינה-רעננה-2#,19047,2,#,מטרופולין,3,19047
144588644,8941818,2200249_170526,2026-05-18T12:10:00+00:00,2026-05-18T13:15:59+00:00,2026-05-18,7699,15,47,מסוף רעננה/הפנינה-רעננה<->ת.מרכזית תל אביב קומה 6/הורדה-תל אביב יפו-1#,19047,1,#,מטרופולין,3,19047
144589257,8941819,2200827_170526,2026-05-18T12:20:00+00:00,2026-05-18T13:25:59+00:00,2026-05-18,7700,15,47,ת.מרכזית תל אביב קומה 6/רציפים-תל אביב יפו<->מסוף רעננה/הפנינה-רעננה-2#,19047,2,#,מטרופולין,3,19047
144590134,8941819,17730552_170526,2026-05-18T12:50:00+00:00,2026-05-18T13:55:59+00:00,2026-05-18,7700,15,47,ת.מרכזית תל אביב קומה 6/רציפים-תל אביב יפו<->מסוף רעננה/הפנינה-רעננה-2#,19047,2,#,מטרופולין,3,19047
144589986,8941818,2200252_170526,2026-05-18T12:55:00+00:00,2026-05-18T14:00:59+00:00,2026-05-18,7699,15,47,מסוף רעננה/הפנינה-רעננה<->ת.מרכזית תל אביב קומה 6/הורדה-תל אביב יפו-1#,19047,1,#,מטרופולין,3,19047
144588706,8941819,7941647_170526,2026-05-18T13:05:00+00:00,2026-05-18T14:10:59+00:00,2026-05-18,7700,15,47,ת.מרכזית תל אביב קומה 6/רציפים-תל אביב יפו<->מסוף רעננה/הפנינה-רעננה-2#,19047,2,#,מטרופולין,3,19047
144590038,8941818,3317910_170526,2026-05-18T13:10:00+00:00,2026-05-18T14:15:59+00:00,2026-05-18,7699,15,47,מסוף רעננה/הפנינה-רעננה<->ת.מרכזית תל אביב קומה 6/הורדה-תל אביב יפו-1#,19047,1,#,מטרופולין,3,19047
144590136,8941819,4548197_170526,2026-05-18T13:20:00+00:00,2026-05-18T14:25:59+00:00,2026-05-18,7700,15,47,ת.מרכזית תל אביב קומה 6/רציפים-תל אביב יפו<->מסוף רעננה/הפנינה-רעננה-2#,19047,2,#,מטרופולין,3,19047
144553226,8941818,56900413_170526,2026-05-18T13:25:00+00:00,2026-05-18T14:30:59+00:00,2026-05-18,7699,15,47,מסוף רעננה/הפנינה-רעננה<->ת.מרכזית תל אביב קומה 6/הורדה-תל אביב יפו-1#,19047,1,#,מטרופולין,3,19047
144586849,8941819,585888171_170526,2026-05-18T13:35:00+00:00,2026-05-18T14:40:59+00:00,2026-05-18,7700,15,47,ת.מרכזית תל אביב קומה 6/רציפים-תל אביב יפו<->מסוף רעננה/הפנינה-רעננה-2#,19047,2,#,מטרופולין,3,19047
144587726,8941818,2887262_170526,2026-05-18T13:40:00+00:00,2026-05-18T14:45:59+00:00,2026-05-18,7699,15,47,מסוף רעננה/הפנינה-רעננה<->ת.מרכזית תל אביב קומה 6/הורדה-תל אביב יפו-1#,19047,1,#,מטרופולין,3,19047
144590006,8941819,584888586_170526,2026-05-18T13:50:00+00:00,2026-05-18T14:55:59+00:00,2026-05-18,7700,15,47,ת.מרכזית תל אביב קומה 6/רציפים-תל אביב יפו<->מסוף רעננה/הפנינה-רעננה-2#,19047,2,#,מטרופולין,3,19047
144553223,8941818,2887484_170526,2026-05-18T13:55:00+00:00,2026-05-18T15:00:59+00:00,2026-05-18,7699,15,47,מסוף רעננה/הפנינה-רעננה<->ת.מרכזית תל אביב קומה 6/הורדה-תל אביב יפו-1#,19047,1,#,מטרופולין,3,19047
144589254,8941819,17730556_170526,2026-05-18T14:05:00+00:00,2026-05-18T15:10:59+00:00,2026-05-18,7700,15,47,ת.מרכזית תל אביב קומה 6/רציפים-תל אביב יפו<->מסוף רעננה/הפנינה-רעננה-2#,19047,2,#,מטרופולין,3,19047
144586715,8941818,585887733_170526,2026-05-18T14:10:00+00:00,2026-05-18T15:15:59+00:00,2026-05-18,7699,15,47,מסוף רעננה/הפנינה-רעננה<->ת.מרכזית תל אביב קומה 6/הורדה-תל אביב יפו-1#,19047,1,#,מטרופולין,3,19047
144586724,8941819,4548212_170526,2026-05-18T14:20:00+00:00,2026-05-18T15:25:59+00:00,2026-05-18,7700,15,47,ת.מרכזית תל אביב קומה 6/רציפים-תל אביב יפו<->מסוף רעננה/הפנינה-רעננה-2#,19047,2,#,מטרופולין,3,19047
144589172,8941818,585874654_170526,2026-05-18T14:25:00+00:00,2026-05-18T15:30:59+00:00,2026-05-18,7699,15,47,מסוף רעננה/הפנינה-רעננה<->ת.מרכזית תל אביב קומה 6/הורדה-תל אביב יפו-1#,19047,1,#,מטרופולין,3,19047
144588704,8941819,585888172_170526,2026-05-18T14:35:00+00:00,2026-05-18T15:40:59+00:00,2026-05-18,7700,15,47,ת.מרכזית תל אביב קומה 6/רציפים-תל אביב יפו<->מסוף רעננה/הפנינה-רעננה-2#,19047,2,#,מטרופולין,3,19047
144588700,8941819,2200837_170526,2026-05-18T14:50:00+00:00,2026-05-18T15:55:59+00:00,2026-05-18,7700,15,47,ת.מרכזית תל אביב קומה 6/רציפים-תל אביב יפו<->מסוף רעננה/הפנינה-רעננה-2#,19047,2,#,מטרופולין,3,19047
144587729,8941818,585887734_170526,2026-05-18T14:55:00+00:00,2026-05-18T16:00:59+00:00,2026-05-18,7699,15,47,מסוף רעננה/הפנינה-רעננה<->ת.מרכזית תל אביב קומה 6/הורדה-תל אביב יפו-1#,19047,1,#,מטרופולין,3,19047
144588699,8941819,17730559_170526,2026-05-18T15:05:00+00:00,2026-05-18T16:10:59+00:00,2026-05-18,7700,15,47,ת.מרכזית תל אביב קומה 6/רציפים-תל אביב יפו<->מסוף רעננה/הפנינה-רעננה-2#,19047,2,#,מטרופולין,3,19047
144586811,8941818,46669558_170526,2026-05-18T15:15:00+00:00,2026-05-18T16:20:59+00:00,2026-05-18,7699,15,47,מסוף רעננה/הפנינה-רעננה<->ת.מרכזית תל אביב קומה 6/הורדה-תל אביב יפו-1#,19047,1,#,מטרופולין,3,19047
144590137,8941819,4548227_170526,2026-05-18T15:20:00+00:00,2026-05-18T16:25:59+00:00,2026-05-18,7700,15,47,ת.מרכזית תל אביב קומה 6/רציפים-תל אביב יפו<->מסוף רעננה/הפנינה-רעננה-2#,19047,2,#,מטרופולין,3,19047
144586813,8941818,585887735_170526,2026-05-18T15:35:00+00:00,2026-05-18T16:40:59+00:00,2026-05-18,7699,15,47,מסוף רעננה/הפנינה-רעננה<->ת.מרכזית תל אביב קומה 6/הורדה-תל אביב יפו-1#,19047,1,#,מטרופולין,3,19047
144588703,8941819,584888587_170526,2026-05-18T15:50:00+00:00,2026-05-18T16:55:59+00:00,2026-05-18,7700,15,47,ת.מרכזית תל אביב קומה 6/רציפים-תל אביב יפו<->מסוף רעננה/הפנינה-רעננה-2#,19047,2,#,מטרופולין,3,19047
144586716,8941818,585887736_170526,2026-05-18T15:55:00+00:00,2026-05-18T17:00:59+00:00,2026-05-18,7699,15,47,מסוף רעננה/הפנינה-רעננה<->ת.מרכזית תל אביב קומה 6/הורדה-תל אביב יפו-1#,19047,1,#,מטרופולין,3,19047
144587747,8941819,17730562_170526,2026-05-18T16:05:00+00:00,2026-05-18T17:10:59+00:00,2026-05-18,7700,15,47,ת.מרכזית תל אביב קומה 6/רציפים-תל אביב יפו<->מסוף רעננה/הפנינה-רעננה-2#,19047,2,#,מטרופולין,3,19047
144586812,8941818,46669562_170526,2026-05-18T16:15:00+00:00,2026-05-18T17:20:59+00:00,2026-05-18,7699,15,47,מסוף רעננה/הפנינה-רעננה<->ת.מרכזית תל אביב קומה 6/הורדה-תל אביב יפו-1#,19047,1,#,מטרופולין,3,19047
144590003,8941819,17730563_170526,2026-05-18T16:25:00+00:00,2026-05-18T17:30:59+00:00,2026-05-18,7700,15,47,ת.מרכזית תל אביב קומה 6/רציפים-תל אביב יפו<->מסוף רעננה/הפנינה-רעננה-2#,19047,2,#,מטרופולין,3,19047
144587730,8941818,585887737_170526,2026-05-18T16:35:00+00:00,2026-05-18T17:40:59+00:00,2026-05-18,7699,15,47,מסוף רעננה/הפנינה-רעננה<->ת.מרכזית תל אביב קומה 6/הורדה-תל אביב יפו-1#,19047,1,#,מטרופולין,3,19047
144590046,8941818,585887738_170526,2026-05-18T16:55:00+00:00,2026-05-18T18:00:59+00:00,2026-05-18,7699,15,47,מסוף רעננה/הפנינה-רעננה<->ת.מרכזית תל אביב קומה 6/הורדה-תל אביב יפו-1#,19047,1,#,מטרופולין,3,19047
144587748,8941819,17730565_170526,2026-05-18T17:05:00+00:00,2026-05-18T18:10:59+00:00,2026-05-18,7700,15,47,ת.מרכזית תל אביב קומה 6/רציפים-תל אביב יפו<->מסוף רעננה/הפנינה-רעננה-2#,19047,2,#,מטרופולין,3,19047
144589993,8941818,585887739_170526,2026-05-18T17:20:00+00:00,2026-05-18T18:25:59+00:00,2026-05-18,7699,15,47,מסוף רעננה/הפנינה-רעננה<->ת.מרכזית תל אביב קומה 6/הורדה-תל אביב יפו-1#,19047,1,#,מטרופולין,3,19047
144590135,8941819,27780844_170526,2026-05-18T17:25:00+00:00,2026-05-18T18:30:59+00:00,2026-05-18,7700,15,47,ת.מרכזית תל אביב קומה 6/רציפים-תל אביב יפו<->מסוף רעננה/הפנינה-רעננה-2#,19047,2,#,מטרופולין,3,19047
144553231,8941819,27780849_170526,2026-05-18T17:45:00+00:00,2026-05-18T18:50:59+00:00,2026-05-18,7700,15,47,ת.מרכזית תל אביב קומה 6/רציפים-תל אביב יפו<->מסוף רעננה/הפנינה-רעננה-2#,19047,2,#,מטרופולין,3,19047
144553222,8941818,27781933_170526,2026-05-18T17:45:00+00:00,2026-05-18T18:50:59+00:00,2026-05-18,7699,15,47,מסוף רעננה/הפנינה-רעננה<->ת.מרכזית תל אביב קומה 6/הורדה-תל אביב יפו-1#,19047,1,#,מטרופולין,3,19047
144589295,8941819,585511867_170526,2026-05-18T18:05:00+00:00,2026-05-18T19:10:59+00:00,2026-05-18,7700,15,47,ת.מרכזית תל אביב קומה 6/רציפים-תל אביב יפו<->מסוף רעננה/הפנינה-רעננה-2#,19047,2,#,מטרופולין,3,19047
144586714,8941818,584905917_170526,2026-05-18T18:10:00+00:00,2026-05-18T19:15:59+00:00,2026-05-18,7699,15,47,מסוף רעננה/הפנינה-רעננה<->ת.מרכזית תל אביב קומה 6/הורדה-תל אביב יפו-1#,19047,1,#,מטרופולין,3,19047
144589173,8941818,585874658_170526,2026-05-18T18:35:00+00:00,2026-05-18T19:40:59+00:00,2026-05-18,7699,15,47,מסוף רעננה/הפנינה-רעננה<->ת.מרכזית תל אביב קומה 6/הורדה-תל אביב יפו-1#,19047,1,#,מטרופולין,3,19047
144586845,8941819,27780859_170526,2026-05-18T18:45:00+00:00,2026-05-18T19:50:59+00:00,2026-05-18,7700,15,47,ת.מרכזית תל אביב קומה 6/רציפים-תל אביב יפו<->מסוף רעננה/הפנינה-רעננה-2#,19047,2,#,מטרופולין,3,19047
144553235,8941819,585888173_170526,2026-05-18T19:05:00+00:00,2026-05-18T20:10:59+00:00,2026-05-18,7700,15,47,ת.מרכזית תל אביב קומה 6/רציפים-תל אביב יפו<->מסוף רעננה/הפנינה-רעננה-2#,19047,2,#,מטרופולין,3,19047
144589992,8941818,584905919_170526,2026-05-18T19:10:00+00:00,2026-05-18T20:15:59+00:00,2026-05-18,7699,15,47,מסוף רעננה/הפנינה-רעננה<->ת.מרכזית תל אביב קומה 6/הורדה-תל אביב יפו-1#,19047,1,#,מטרופולין,3,19047
144587753,8941819,585888174_170526,2026-05-18T19:35:00+00:00,2026-05-18T20:40:59+00:00,2026-05-18,7700,15,47,ת.מרכזית תל אביב קומה 6/רציפים-תל אביב יפו<->מסוף רעננה/הפנינה-רעננה-2#,19047,2,#,מטרופולין,3,19047
144588645,8941818,27781953_170526,2026-05-18T19:45:00+00:00,2026-05-18T20:50:59+00:00,2026-05-18,7699,15,47,מסוף רעננה/הפנינה-רעננה<->ת.מרכזית תל אביב קומה 6/הורדה-תל אביב יפו-1#,19047,1,#,מטרופולין,3,19047
144587750,8941819,27780869_170526,2026-05-18T19:45:00+00:00,2026-05-18T20:50:59+00:00,2026-05-18,7700,15,47,ת.מרכזית תל אביב קומה 6/רציפים-תל אביב יפו<->מסוף רעננה/הפנינה-רעננה-2#,19047,2,#,מטרופולין,3,19047
144553236,8941819,585888175_170526,2026-05-18T20:05:00+00:00,2026-05-18T21:10:59+00:00,2026-05-18,7700,15,47,ת.מרכזית תל אביב קומה 6/רציפים-תל אביב יפו<->מסוף רעננה/הפנינה-רעננה-2#,19047,2,#,מטרופולין,3,19047
144586713,8941818,46333538_170526,2026-05-18T20:20:00+00:00,2026-05-18T21:25:59+00:00,2026-05-18,7699,15,47,מסוף רעננה/הפנינה-רעננה<->ת.מרכזית תל אביב קומה 6/הורדה-תל אביב יפו-1#,19047,1,#,מטרופולין,3,19047
144728790,8948233,27781963_180526,2026-05-18T21:00:00+00:00,2026-05-18T22:05:59+00:00,2026-05-19,7699,15,47,מסוף רעננה/הפנינה-רעננה<->ת.מרכזית תל אביב קומה 6/הורדה-תל אביב יפו-1#,19047,1,#,מטרופולין,3,19047
144615011,8948234,27780879_180526,2026-05-18T21:00:00+00:00,2026-05-18T22:05:59+00:00,2026-05-19,7700,15,47,ת.מרכזית תל אביב קומה 6/רציפים-תל אביב יפו<->מסוף רעננה/הפנינה-רעננה-2#,19047,2,#,מטרופולין,3,19047
144614292,8948233,2200215_180526,2026-05-19T02:30:00+00:00,2026-05-19T03:35:59+00:00,2026-05-19,7699,15,47,מסוף רעננה/הפנינה-רעננה<->ת.מרכזית תל אביב קומה 6/הורדה-תל אביב יפו-1#,19047,1,#,מטרופולין,3,19047
144731156,8948233,3318066_180526,2026-05-19T02:50:00+00:00,2026-05-19T03:55:59+00:00,2026-05-19,7699,15,47,מסוף רעננה/הפנינה-רעננה<->ת.מרכזית תל אביב קומה 6/הורדה-תל אביב יפו-1#,19047,1,#,מטרופולין,3,19047
144616082,8948234,2200787_180526,2026-05-19T02:50:00+00:00,2026-05-19T03:55:59+00:00,2026-05-19,7700,15,47,ת.מרכזית תל אביב קומה 6/רציפים-תל אביב יפו<->מסוף רעננה/הפנינה-רעננה-2#,19047,2,#,מטרופולין,3,19047
144697071,8948234,45789823_180526,2026-05-19T03:05:00+00:00,2026-05-19T04:10:59+00:00,2026-05-19,7700,15,47,ת.מרכזית תל אביב קומה 6/רציפים-תל אביב יפו<->מסוף רעננה/הפנינה-רעננה-2#,19047,2,#,מטרופולין,3,19047
144616058,8948233,585887732_180526,2026-05-19T03:10:00+00:00,2026-05-19T04:15:59+00:00,2026-05-19,7699,15,47,מסוף רעננה/הפנינה-רעננה<->ת.מרכזית תל אביב קומה 6/הורדה-תל אביב יפו-1#,19047,1,#,מטרופולין,3,19047
144729941,8948234,56900416_180526,2026-05-19T03:20:00+00:00,2026-05-19T04:25:59+00:00,2026-05-19,7700,15,47,ת.מרכזית תל אביב קומה 6/רציפים-תל אביב יפו<->מסוף רעננה/הפנינה-רעננה-2#,19047,2,#,מטרופולין,3,19047
144727889,8948233,2200218_180526,2026-05-19T03:30:00+00:00,2026-05-19T04:35:59+00:00,2026-05-19,7699,15,47,מסוף רעננה/הפנינה-רעננה<->ת.מרכזית תל אביב קומה 6/הורדה-תל אביב יפו-1#,19047,1,#,מטרופולין,3,19047
144731179,8948234,585888170_180526,2026-05-19T03:35:00+00:00,2026-05-19T04:40:59+00:00,2026-05-19,7700,15,47,ת.מרכזית תל אביב קומה 6/רציפים-תל אביב יפו<->מסוף רעננה/הפנינה-רעננה-2#,19047,2,#,מטרופולין,3,19047
144727893,8948233,2887298_180526,2026-05-19T03:50:00+00:00,2026-05-19T04:55:59+00:00,2026-05-19,7699,15,47,מסוף רעננה/הפנינה-רעננה<->ת.מרכזית תל אביב קומה 6/הורדה-תל אביב יפו-1#,19047,1,#,מטרופולין,3,19047
144614299,8948234,7941618_180526,2026-05-19T03:50:00+00:00,2026-05-19T04:55:59+00:00,2026-05-19,7700,15,47,ת.מרכזית תל אביב קומה 6/רציפים-תל אביב יפו<->מסוף רעננה/הפנינה-רעננה-2#,19047,2,#,מטרופולין,3,19047
144729664,8948233,585874647_180526,2026-05-19T04:05:00+00:00,2026-05-19T05:10:59+00:00,2026-05-19,7699,15,47,מסוף רעננה/הפנינה-רעננה<->ת.מרכזית תל אביב קומה 6/הורדה-תל אביב יפו-1#,19047,1,#,מטרופולין,3,19047
144616084,8948234,4548097_180526,2026-05-19T04:05:00+00:00,2026-05-19T05:10:59+00:00,2026-05-19,7700,15,47,ת.מרכזית תל אביב קומה 6/רציפים-תל אביב יפו<->מסוף רעננה/הפנינה-רעננה-2#,19047,2,#,מטרופולין,3,19047
144731155,8948233,33029126_180526,2026-05-19T04:20:00+00:00,2026-05-19T05:25:59+00:00,2026-05-19,7699,15,47,מסוף רעננה/הפנינה-רעננה<->ת.מרכזית תל אביב קומה 6/הורדה-תל אביב יפו-1#,19047,1,#,מטרופולין,3,19047
144727897,8948234,17730519_180526,2026-05-19T04:20:00+00:00,2026-05-19T05:25:59+00:00,2026-05-19,7700,15,47,ת.מרכזית תל אביב קומה 6/רציפים-תל אביב יפו<->מסוף רעננה/הפנינה-רעננה-2#,19047,2,#,מטרופולין,3,19047
144697067,8948233,2887322_180526,2026-05-19T04:35:00+00:00,2026-05-19T05:40:59+00:00,2026-05-19,7699,15,47,מסוף רעננה/הפנינה-רעננה<->ת.מרכזית תל אביב קומה 6/הורדה-תל אביב יפו-1#,19047,1,#,מטרופולין,3,19047
144614294,8948234,2200796_180526,2026-05-19T04:35:00+00:00,2026-05-19T05:40:59+00:00,2026-05-19,7700,15,47,ת.מרכזית תל אביב קומה 6/רציפים-תל אביב יפו<->מסוף רעננה/הפנינה-רעננה-2#,19047,2,#,מטרופולין,3,19047
144731180,8948234,7941623_180526,2026-05-19T04:50:00+00:00,2026-05-19T05:55:59+00:00,2026-05-19,7700,15,47,ת.מרכזית תל אביב קומה 6/רציפים-תל אביב יפו<->מסוף רעננה/הפנינה-רעננה-2#,19047,2,#,מטרופולין,3,19047
144614702,8948233,2887328_180526,2026-05-19T04:50:00+00:00,2026-05-19T05:55:59+00:00,2026-05-19,7699,15,47,מסוף רעננה/הפנינה-רעננה<->ת.מרכזית תל אביב קומה 6/הורדה-תל אביב יפו-1#,19047,1,#,מטרופולין,3,19047
144729938,8948234,2200799_180526,2026-05-19T05:05:00+00:00,2026-05-19T06:10:59+00:00,2026-05-19,7700,15,47,ת.מרכזית תל אביב קומה 6/רציפים-תל אביב יפו<->מסוף רעננה/הפנינה-רעננה-2#,19047,2,#,מטרופולין,3,19047
144616054,8948233,3318078_180526,2026-05-19T05:05:00+00:00,2026-05-19T06:10:59+00:00,2026-05-19,7699,15,47,מסוף רעננה/הפנינה-רעננה<->ת.מרכזית תל אביב קומה 6/הורדה-תל אביב יפו-1#,19047,1,#,מטרופולין,3,19047
144616055,8948233,4547867_180526,2026-05-19T05:20:00+00:00,2026-05-19T06:25:59+00:00,2026-05-19,7699,15,47,מסוף רעננה/הפנינה-רעננה<->ת.מרכזית תל אביב קומה 6/הורדה-תל אביב יפו-1#,19047,1,#,מטרופולין,3,19047
144615008,8948234,32985428_180526,2026-05-19T05:20:00+00:00,2026-05-19T06:25:59+00:00,2026-05-19,7700,15,47,ת.מרכזית תל אביב קומה 6/רציפים-תל אביב יפו<->מסוף רעננה/הפנינה-רעננה-2#,19047,2,#,מטרופולין,3,19047
144727890,8948233,2200227_180526,2026-05-19T05:35:00+00:00,2026-05-19T06:40:59+00:00,2026-05-19,7699,15,47,מסוף רעננה/הפנינה-רעננה<->ת.מרכזית תל אביב קומה 6/הורדה-תל אביב יפו-1#,19047,1,#,מטרופולין,3,19047
144697069,8948234,2200802_180526,2026-05-19T05:35:00+00:00,2026-05-19T06:40:59+00:00,2026-05-19,7700,15,47,ת.מרכזית תל אביב קומה 6/רציפים-תל אביב יפו<->מסוף רעננה/הפנינה-רעננה-2#,19047,2,#,מטרופולין,3,19047
144729986,8948234,56900425_180526,2026-05-19T05:50:00+00:00,2026-05-19T06:55:59+00:00,2026-05-19,7700,15,47,ת.מרכזית תל אביב קומה 6/רציפים-תל אביב יפו<->מסוף רעננה/הפנינה-רעננה-2#,19047,2,#,מטרופולין,3,19047
144616049,8948233,2887136_180526,2026-05-19T05:55:00+00:00,2026-05-19T07:00:59+00:00,2026-05-19,7699,15,47,מסוף רעננה/הפנינה-רעננה<->ת.מרכזית תל אביב קומה 6/הורדה-תל אביב יפו-1#,19047,1,#,מטרופולין,3,19047
144615005,8948234,2200805_180526,2026-05-19T06:05:00+00:00,2026-05-19T07:10:59+00:00,2026-05-19,7700,15,47,ת.מרכזית תל אביב קומה 6/רציפים-תל אביב יפו<->מסוף רעננה/הפנינה-רעננה-2#,19047,2,#,מטרופולין,3,19047
144727891,8948233,2887142_180526,2026-05-19T06:15:00+00:00,2026-05-19T07:20:59+00:00,2026-05-19,7699,15,47,מסוף רעננה/הפנינה-רעננה<->ת.מרכזית תל אביב קומה 6/הורדה-תל אביב יפו-1#,19047,1,#,מטרופולין,3,19047
144697072,8948234,45789833_180526,2026-05-19T06:25:00+00:00,2026-05-19T07:30:59+00:00,2026-05-19,7700,15,47,ת.מרכזית תל אביב קומה 6/רציפים-תל אביב יפו<->מסוף רעננה/הפנינה-רעננה-2#,19047,2,#,מטרופולין,3,19047
144616051,8948233,2887148_180526,2026-05-19T06:35:00+00:00,2026-05-19T07:40:59+00:00,2026-05-19,7699,15,47,מסוף רעננה/הפנינה-רעננה<->ת.מרכזית תל אביב קומה 6/הורדה-תל אביב יפו-1#,19047,1,#,מטרופולין,3,19047
144727898,8948234,24058937_180526,2026-05-19T06:45:00+00:00,2026-05-19T07:50:59+00:00,2026-05-19,7700,15,47,ת.מרכזית תל אביב קומה 6/רציפים-תל אביב יפו<->מסוף רעננה/הפנינה-רעננה-2#,19047,2,#,מטרופולין,3,19047
144614701,8948233,2887154_180526,2026-05-19T06:55:00+00:00,2026-05-19T08:00:59+00:00,2026-05-19,7699,15,47,מסוף רעננה/הפנינה-רעננה<->ת.מרכזית תל אביב קומה 6/הורדה-תל אביב יפו-1#,19047,1,#,מטרופולין,3,19047
144614297,8948234,45789835_180526,2026-05-19T07:05:00+00:00,2026-05-19T08:10:59+00:00,2026-05-19,7700,15,47,ת.מרכזית תל אביב קומה 6/רציפים-תל אביב יפו<->מסוף רעננה/הפנינה-רעננה-2#,19047,2,#,מטרופולין,3,19047
144616052,8948233,2887160_180526,2026-05-19T07:15:00+00:00,2026-05-19T08:20:59+00:00,2026-05-19,7699,15,47,מסוף רעננה/הפנינה-רעננה<->ת.מרכזית תל אביב קומה 6/הורדה-תל אביב יפו-1#,19047,1,#,מטרופולין,3,19047
144727901,8948234,45789836_180526,2026-05-19T07:25:00+00:00,2026-05-19T08:30:59+00:00,2026-05-19,7700,15,47,ת.מרכזית תל אביב קומה 6/רציפים-תל אביב יפו<->מסוף רעננה/הפנינה-רעננה-2#,19047,2,#,מטרופולין,3,19047
144731127,8948233,2887166_180526,2026-05-19T07:35:00+00:00,2026-05-19T08:40:59+00:00,2026-05-19,7699,15,47,מסוף רעננה/הפנינה-רעננה<->ת.מרכזית תל אביב קומה 6/הורדה-תל אביב יפו-1#,19047,1,#,מטרופולין,3,19047
144731162,8948234,24058957_180526,2026-05-19T07:45:00+00:00,2026-05-19T08:50:59+00:00,2026-05-19,7700,15,47,ת.מרכזית תל אביב קומה 6/רציפים-תל אביב יפו<->מסוף רעננה/הפנינה-רעננה-2#,19047,2,#,מטרופולין,3,19047
144731049,8948233,24058641_180526,2026-05-19T07:45:00+00:00,2026-05-19T08:50:59+00:00,2026-05-19,7699,15,47,מסוף רעננה/הפנינה-רעננה<->ת.מרכזית תל אביב קומה 6/הורדה-תל אביב יפו-1#,19047,1,#,מטרופולין,3,19047
144729662,8948233,2887172_180526,2026-05-19T07:55:00+00:00,2026-05-19T09:00:59+00:00,2026-05-19,7699,15,47,מסוף רעננה/הפנינה-רעננה<->ת.מרכזית תל אביב קומה 6/הורדה-תל אביב יפו-1#,19047,1,#,מטרופולין,3,19047
144614298,8948234,45789838_180526,2026-05-19T08:05:00+00:00,2026-05-19T09:10:59+00:00,2026-05-19,7700,15,47,ת.מרכזית תל אביב קומה 6/רציפים-תל אביב יפו<->מסוף רעננה/הפנינה-רעננה-2#,19047,2,#,מטרופולין,3,19047
144731128,8948233,2887178_180526,2026-05-19T08:15:00+00:00,2026-05-19T09:20:59+00:00,2026-05-19,7699,15,47,מסוף רעננה/הפנינה-רעננה<->ת.מרכזית תל אביב קומה 6/הורדה-תל אביב יפו-1#,19047,1,#,מטרופולין,3,19047
144731161,8948234,22760935_180526,2026-05-19T08:25:00+00:00,2026-05-19T09:30:59+00:00,2026-05-19,7700,15,47,ת.מרכזית תל אביב קומה 6/רציפים-תל אביב יפו<->מסוף רעננה/הפנינה-רעננה-2#,19047,2,#,מטרופולין,3,19047
144697066,8948233,2887184_180526,2026-05-19T08:35:00+00:00,2026-05-19T09:40:59+00:00,2026-05-19,7699,15,47,מסוף רעננה/הפנינה-רעננה<->ת.מרכזית תל אביב קומה 6/הורדה-תל אביב יפו-1#,19047,1,#,מטרופולין,3,19047
144729994,8948234,7941634_180526,2026-05-19T08:45:00+00:00,2026-05-19T09:50:59+00:00,2026-05-19,7700,15,47,ת.מרכזית תל אביב קומה 6/רציפים-תל אביב יפו<->מסוף רעננה/הפנינה-רעננה-2#,19047,2,#,מטרופולין,3,19047
144728785,8948233,2887190_180526,2026-05-19T08:55:00+00:00,2026-05-19T10:00:59+00:00,2026-05-19,7699,15,47,מסוף רעננה/הפנינה-רעננה<->ת.מרכזית תל אביב קומה 6/הורדה-תל אביב יפו-1#,19047,1,#,מטרופולין,3,19047
144731164,8948234,45789841_180526,2026-05-19T09:05:00+00:00,2026-05-19T10:10:59+00:00,2026-05-19,7700,15,47,ת.מרכזית תל אביב קומה 6/רציפים-תל אביב יפו<->מסוף רעננה/הפנינה-רעננה-2#,19047,2,#,מטרופולין,3,19047
144729995,8948234,7941636_180526,2026-05-19T09:15:00+00:00,2026-05-19T10:20:59+00:00,2026-05-19,7700,15,47,ת.מרכזית תל אביב קומה 6/רציפים-תל אביב יפו<->מסוף רעננה/הפנינה-רעננה-2#,19047,2,#,מטרופולין,3,19047
144616053,8948233,2887196_180526,2026-05-19T09:15:00+00:00,2026-05-19T10:20:59+00:00,2026-05-19,7699,15,47,מסוף רעננה/הפנינה-רעננה<->ת.מרכזית תל אביב קומה 6/הורדה-תל אביב יפו-1#,19047,1,#,מטרופולין,3,19047
144615009,8948234,45789842_180526,2026-05-19T09:25:00+00:00,2026-05-19T10:30:59+00:00,2026-05-19,7700,15,47,ת.מרכזית תל אביב קומה 6/רציפים-תל אביב יפו<->מסוף רעננה/הפנינה-רעננה-2#,19047,2,#,מטרופולין,3,19047
144731129,8948233,2887202_180526,2026-05-19T09:35:00+00:00,2026-05-19T10:40:59+00:00,2026-05-19,7699,15,47,מסוף רעננה/הפנינה-רעננה<->ת.מרכזית תל אביב קומה 6/הורדה-תל אביב יפו-1#,19047,1,#,מטרופולין,3,19047
144614295,8948234,32985439_180526,2026-05-19T09:45:00+00:00,2026-05-19T10:50:59+00:00,2026-05-19,7700,15,47,ת.מרכזית תל אביב קומה 6/רציפים-תל אביב יפו<->מסוף רעננה/הפנינה-רעננה-2#,19047,2,#,מטרופולין,3,19047
144728786,8948233,2887208_180526,2026-05-19T09:55:00+00:00,2026-05-19T11:00:59+00:00,2026-05-19,7699,15,47,מסוף רעננה/הפנינה-רעננה<->ת.מרכזית תל אביב קומה 6/הורדה-תל אביב יפו-1#,19047,1,#,מטרופולין,3,19047
144728793,8948234,45789844_180526,2026-05-19T10:05:00+00:00,2026-05-19T11:10:59+00:00,2026-05-19,7700,15,47,ת.מרכזית תל אביב קומה 6/רציפים-תל אביב יפו<->מסוף רעננה/הפנינה-רעננה-2#,19047,2,#,מטרופולין,3,19047
144728784,8948233,24058691_180526,2026-05-19T10:15:00+00:00,2026-05-19T11:20:59+00:00,2026-05-19,7699,15,47,מסוף רעננה/הפנינה-רעננה<->ת.מרכזית תל אביב קומה 6/הורדה-תל אביב יפו-1#,19047,1,#,מטרופולין,3,19047
144729940,8948234,45789845_180526,2026-05-19T10:25:00+00:00,2026-05-19T11:30:59+00:00,2026-05-19,7700,15,47,ת.מרכזית תל אביב קומה 6/רציפים-תל אביב יפו<->מסוף רעננה/הפנינה-רעננה-2#,19047,2,#,מטרופולין,3,19047
144616057,8948233,56900405_180526,2026-05-19T10:35:00+00:00,2026-05-19T11:40:59+00:00,2026-05-19,7699,15,47,מסוף רעננה/הפנינה-רעננה<->ת.מרכזית תל אביב קומה 6/הורדה-תל אביב יפו-1#,19047,1,#,מטרופולין,3,19047
144614296,8948234,33029372_180526,2026-05-19T10:45:00+00:00,2026-05-19T11:50:59+00:00,2026-05-19,7700,15,47,ת.מרכזית תל אביב קומה 6/רציפים-תל אביב יפו<->מסוף רעננה/הפנינה-רעננה-2#,19047,2,#,מטרופולין,3,19047
144727894,8948233,3318100_180526,2026-05-19T10:55:00+00:00,2026-05-19T12:00:59+00:00,2026-05-19,7699,15,47,מסוף רעננה/הפנינה-רעננה<->ת.מרכזית תל אביב קומה 6/הורדה-תל אביב יפו-1#,19047,1,#,מטרופולין,3,19047
144697073,8948234,45789847_180526,2026-05-19T11:05:00+00:00,2026-05-19T12:10:59+00:00,2026-05-19,7700,15,47,ת.מרכזית תל אביב קומה 6/רציפים-תל אביב יפו<->מסוף רעננה/הפנינה-רעננה-2#,19047,2,#,מטרופולין,3,19047
144731157,8948233,46669542_180526,2026-05-19T11:15:00+00:00,2026-05-19T12:20:59+00:00,2026-05-19,7699,15,47,מסוף רעננה/הפנינה-רעננה<->ת.מרכזית תל אביב קומה 6/הורדה-תל אביב יפו-1#,19047,1,#,מטרופולין,3,19047
144616083,8948234,2200823_180526,2026-05-19T11:25:00+00:00,2026-05-19T12:30:59+00:00,2026-05-19,7700,15,47,ת.מרכזית תל אביב קומה 6/רציפים-תל אביב יפו<->מסוף רעננה/הפנינה-רעננה-2#,19047,2,#,מטרופולין,3,19047
144731154,8948233,2887232_180526,2026-05-19T11:35:00+00:00,2026-05-19T12:40:59+00:00,2026-05-19,7699,15,47,מסוף רעננה/הפנינה-רעננה<->ת.מרכזית תל אביב קומה 6/הורדה-תל אביב יפו-1#,19047,1,#,מטרופולין,3,19047
144697074,8948234,7941644_180526,2026-05-19T11:50:00+00:00,2026-05-19T12:55:59+00:00,2026-05-19,7700,15,47,ת.מרכזית תל אביב קומה 6/רציפים-תל אביב יפו<->מסוף רעננה/הפנינה-רעננה-2#,19047,2,#,מטרופולין,3,19047
144616047,8948233,2200248_180526,2026-05-19T11:55:00+00:00,2026-05-19T13:00:59+00:00,2026-05-19,7699,15,47,מסוף רעננה/הפנינה-רעננה<->ת.מרכזית תל אביב קומה 6/הורדה-תל אביב יפו-1#,19047,1,#,מטרופולין,3,19047
144731178,8948234,45789850_180526,2026-05-19T12:05:00+00:00,2026-05-19T13:10:59+00:00,2026-05-19,7700,15,47,ת.מרכזית תל אביב קומה 6/רציפים-תל אביב יפו<->מסוף רעננה/הפנינה-רעננה-2#,19047,2,#,מטרופולין,3,19047
144614700,8948233,2200249_180526,2026-05-19T12:10:00+00:00,2026-05-19T13:15:59+00:00,2026-05-19,7699,15,47,מסוף רעננה/הפנינה-רעננה<->ת.מרכזית תל אביב קומה 6/הורדה-תל אביב יפו-1#,19047,1,#,מטרופולין,3,19047
144615006,8948234,2200827_180526,2026-05-19T12:20:00+00:00,2026-05-19T13:25:59+00:00,2026-05-19,7700,15,47,ת.מרכזית תל אביב קומה 6/רציפים-תל אביב יפו<->מסוף רעננה/הפנינה-רעננה-2#,19047,2,#,מטרופולין,3,19047
144615003,8948234,17730552_180526,2026-05-19T12:50:00+00:00,2026-05-19T13:55:59+00:00,2026-05-19,7700,15,47,ת.מרכזית תל אביב קומה 6/רציפים-תל אביב יפו<->מסוף רעננה/הפנינה-רעננה-2#,19047,2,#,מטרופולין,3,19047
144731048,8948233,2200252_180526,2026-05-19T12:55:00+00:00,2026-05-19T14:00:59+00:00,2026-05-19,7699,15,47,מסוף רעננה/הפנינה-רעננה<->ת.מרכזית תל אביב קומה 6/הורדה-תל אביב יפו-1#,19047,1,#,מטרופולין,3,19047
144616088,8948234,7941647_180526,2026-05-19T13:05:00+00:00,2026-05-19T14:10:59+00:00,2026-05-19,7700,15,47,ת.מרכזית תל אביב קומה 6/רציפים-תל אביב יפו<->מסוף רעננה/הפנינה-רעננה-2#,19047,2,#,מטרופולין,3,19047
144614293,8948233,3317910_180526,2026-05-19T13:10:00+00:00,2026-05-19T14:15:59+00:00,2026-05-19,7699,15,47,מסוף רעננה/הפנינה-רעננה<->ת.מרכזית תל אביב קומה 6/הורדה-תל אביב יפו-1#,19047,1,#,מטרופולין,3,19047
144731163,8948234,4548197_180526,2026-05-19T13:20:00+00:00,2026-05-19T14:25:59+00:00,2026-05-19,7700,15,47,ת.מרכזית תל אביב קומה 6/רציפים-תל אביב יפו<->מסוף רעננה/הפנינה-רעננה-2#,19047,2,#,מטרופולין,3,19047
144729663,8948233,56900413_180526,2026-05-19T13:25:00+00:00,2026-05-19T14:30:59+00:00,2026-05-19,7699,15,47,מסוף רעננה/הפנינה-רעננה<->ת.מרכזית תל אביב קומה 6/הורדה-תל אביב יפו-1#,19047,1,#,מטרופולין,3,19047
144728794,8948234,585888171_180526,2026-05-19T13:35:00+00:00,2026-05-19T14:40:59+00:00,2026-05-19,7700,15,47,ת.מרכזית תל אביב קומה 6/רציפים-תל אביב יפו<->מסוף רעננה/הפנינה-רעננה-2#,19047,2,#,מטרופולין,3,19047
144727892,8948233,2887262_180526,2026-05-19T13:40:00+00:00,2026-05-19T14:45:59+00:00,2026-05-19,7699,15,47,מסוף רעננה/הפנינה-רעננה<->ת.מרכזית תל אביב קומה 6/הורדה-תל אביב יפו-1#,19047,1,#,מטרופולין,3,19047
144615010,8948234,584888586_180526,2026-05-19T13:50:00+00:00,2026-05-19T14:55:59+00:00,2026-05-19,7700,15,47,ת.מרכזית תל אביב קומה 6/רציפים-תל אביב יפו<->מסוף רעננה/הפנינה-רעננה-2#,19047,2,#,מטרופולין,3,19047
144728787,8948233,2887484_180526,2026-05-19T13:55:00+00:00,2026-05-19T15:00:59+00:00,2026-05-19,7699,15,47,מסוף רעננה/הפנינה-רעננה<->ת.מרכזית תל אביב קומה 6/הורדה-תל אביב יפו-1#,19047,1,#,מטרופולין,3,19047
144731160,8948234,17730556_180526,2026-05-19T14:05:00+00:00,2026-05-19T15:10:59+00:00,2026-05-19,7700,15,47,ת.מרכזית תל אביב קומה 6/רציפים-תל אביב יפו<->מסוף רעננה/הפנינה-רעננה-2#,19047,2,#,מטרופולין,3,19047
144614704,8948233,585887733_180526,2026-05-19T14:10:00+00:00,2026-05-19T15:15:59+00:00,2026-05-19,7699,15,47,מסוף רעננה/הפנינה-רעננה<->ת.מרכזית תל אביב קומה 6/הורדה-תל אביב יפו-1#,19047,1,#,מטרופולין,3,19047
144616085,8948234,4548212_180526,2026-05-19T14:20:00+00:00,2026-05-19T15:25:59+00:00,2026-05-19,7700,15,47,ת.מרכזית תל אביב קומה 6/רציפים-תל אביב יפו<->מסוף רעננה/הפנינה-רעננה-2#,19047,2,#,מטרופולין,3,19047
144731159,8948233,585874654_180526,2026-05-19T14:25:00+00:00,2026-05-19T15:30:59+00:00,2026-05-19,7699,15,47,מסוף רעננה/הפנינה-רעננה<->ת.מרכזית תל אביב קומה 6/הורדה-תל אביב יפו-1#,19047,1,#,מטרופולין,3,19047
144616087,8948234,585888172_180526,2026-05-19T14:35:00+00:00,2026-05-19T15:40:59+00:00,2026-05-19,7700,15,47,ת.מרכזית תל אביב קומה 6/רציפים-תל אביב יפו<->מסוף רעננה/הפנינה-רעננה-2#,19047,2,#,מטרופולין,3,19047
144728792,8948234,2200837_180526,2026-05-19T14:50:00+00:00,2026-05-19T15:55:59+00:00,2026-05-19,7700,15,47,ת.מרכזית תל אביב קומה 6/רציפים-תל אביב יפו<->מסוף רעננה/הפנינה-רעננה-2#,19047,2,#,מטרופולין,3,19047
144727896,8948233,585887734_180526,2026-05-19T14:55:00+00:00,2026-05-19T16:00:59+00:00,2026-05-19,7699,15,47,מסוף רעננה/הפנינה-רעננה<->ת.מרכזית תל אביב קומה 6/הורדה-תל אביב יפו-1#,19047,1,#,מטרופולין,3,19047
144615004,8948234,17730559_180526,2026-05-19T15:05:00+00:00,2026-05-19T16:10:59+00:00,2026-05-19,7700,15,47,ת.מרכזית תל אביב קומה 6/רציפים-תל אביב יפו<->מסוף רעננה/הפנינה-רעננה-2#,19047,2,#,מטרופולין,3,19047
144616056,8948233,46669558_180526,2026-05-19T15:15:00+00:00,2026-05-19T16:20:59+00:00,2026-05-19,7699,15,47,מסוף רעננה/הפנינה-רעננה<->ת.מרכזית תל אביב קומה 6/הורדה-תל אביב יפו-1#,19047,1,#,מטרופולין,3,19047
144727900,8948234,4548227_180526,2026-05-19T15:20:00+00:00,2026-05-19T16:25:59+00:00,2026-05-19,7700,15,47,ת.מרכזית תל אביב קומה 6/רציפים-תל אביב יפו<->מסוף רעננה/הפנינה-רעננה-2#,19047,2,#,מטרופולין,3,19047
144614705,8948233,585887735_180526,2026-05-19T15:35:00+00:00,2026-05-19T16:40:59+00:00,2026-05-19,7699,15,47,מסוף רעננה/הפנינה-רעננה<->ת.מרכזית תל אביב קומה 6/הורדה-תל אביב יפו-1#,19047,1,#,מטרופולין,3,19047
144729992,8948234,584888587_180526,2026-05-19T15:50:00+00:00,2026-05-19T16:55:59+00:00,2026-05-19,7700,15,47,ת.מרכזית תל אביב קומה 6/רציפים-תל אביב יפו<->מסוף רעננה/הפנינה-רעננה-2#,19047,2,#,מטרופולין,3,19047
144728788,8948233,585887736_180526,2026-05-19T15:55:00+00:00,2026-05-19T17:00:59+00:00,2026-05-19,7699,15,47,מסוף רעננה/הפנינה-רעננה<->ת.מרכזית תל אביב קומה 6/הורדה-תל אביב יפו-1#,19047,1,#,מטרופולין,3,19047
144616081,8948234,17730562_180526,2026-05-19T16:05:00+00:00,2026-05-19T17:10:59+00:00,2026-05-19,7700,15,47,ת.מרכזית תל אביב קומה 6/רציפים-תל אביב יפו<->מסוף רעננה/הפנינה-רעננה-2#,19047,2,#,מטרופולין,3,19047
144697068,8948233,46669562_180526,2026-05-19T16:15:00+00:00,2026-05-19T17:20:59+00:00,2026-05-19,7699,15,47,מסוף רעננה/הפנינה-רעננה<->ת.מרכזית תל אביב קומה 6/הורדה-תל אביב יפו-1#,19047,1,#,מטרופולין,3,19047
144728791,8948234,17730563_180526,2026-05-19T16:25:00+00:00,2026-05-19T17:30:59+00:00,2026-05-19,7700,15,47,ת.מרכזית תל אביב קומה 6/רציפים-תל אביב יפו<->מסוף רעננה/הפנינה-רעננה-2#,19047,2,#,מטרופולין,3,19047
144729748,8948233,585887737_180526,2026-05-19T16:35:00+00:00,2026-05-19T17:40:59+00:00,2026-05-19,7699,15,47,מסוף רעננה/הפנינה-רעננה<->ת.מרכזית תל אביב קומה 6/הורדה-תל אביב יפו-1#,19047,1,#,מטרופולין,3,19047
144614706,8948233,585887738_180526,2026-05-19T16:55:00+00:00,2026-05-19T18:00:59+00:00,2026-05-19,7699,15,47,מסוף רעננה/הפנינה-רעננה<->ת.מרכזית תל אביב קומה 6/הורדה-תל אביב יפו-1#,19047,1,#,מטרופולין,3,19047
144729937,8948234,17730565_180526,2026-05-19T17:05:00+00:00,2026-05-19T18:10:59+00:00,2026-05-19,7700,15,47,ת.מרכזית תל אביב קומה 6/רציפים-תל אביב יפו<->מסוף רעננה/הפנינה-רעננה-2#,19047,2,#,מטרופולין,3,19047
144728789,8948233,585887739_180526,2026-05-19T17:20:00+00:00,2026-05-19T18:25:59+00:00,2026-05-19,7699,15,47,מסוף רעננה/הפנינה-רעננה<->ת.מרכזית תל אביב קומה 6/הורדה-תל אביב יפו-1#,19047,1,#,מטרופולין,3,19047
144729939,8948234,27780844_180526,2026-05-19T17:25:00+00:00,2026-05-19T18:30:59+00:00,2026-05-19,7700,15,47,ת.מרכזית תל אביב קומה 6/רציפים-תל אביב יפו<->מסוף רעננה/הפנינה-רעננה-2#,19047,2,#,מטרופולין,3,19047
144697070,8948234,27780849_180526,2026-05-19T17:45:00+00:00,2026-05-19T18:50:59+00:00,2026-05-19,7700,15,47,ת.מרכזית תל אביב קומה 6/רציפים-תל אביב יפו<->מסוף רעננה/הפנינה-רעננה-2#,19047,2,#,מטרופולין,3,19047
144616048,8948233,27781933_180526,2026-05-19T17:45:00+00:00,2026-05-19T18:50:59+00:00,2026-05-19,7699,15,47,מסוף רעננה/הפנינה-רעננה<->ת.מרכזית תל אביב קומה 6/הורדה-תל אביב יפו-1#,19047,1,#,מטרופולין,3,19047
144616086,8948234,585511867_180526,2026-05-19T18:05:00+00:00,2026-05-19T19:10:59+00:00,2026-05-19,7700,15,47,ת.מרכזית תל אביב קומה 6/רציפים-תל אביב יפו<->מסוף רעננה/הפנינה-רעננה-2#,19047,2,#,מטרופולין,3,19047
144614703,8948233,584905917_180526,2026-05-19T18:10:00+00:00,2026-05-19T19:15:59+00:00,2026-05-19,7699,15,47,מסוף רעננה/הפנינה-רעננה<->ת.מרכזית תל אביב קומה 6/הורדה-תל אביב יפו-1#,19047,1,#,מטרופולין,3,19047
144729688,8948233,585874658_180526,2026-05-19T18:35:00+00:00,2026-05-19T19:40:59+00:00,2026-05-19,7699,15,47,מסוף רעננה/הפנינה-רעננה<->ת.מרכזית תל אביב קומה 6/הורדה-תל אביב יפו-1#,19047,1,#,מטרופולין,3,19047
144727899,8948234,27780859_180526,2026-05-19T18:45:00+00:00,2026-05-19T19:50:59+00:00,2026-05-19,7700,15,47,ת.מרכזית תל אביב קומה 6/רציפים-תל אביב יפו<->מסוף רעננה/הפנינה-רעננה-2#,19047,2,#,מטרופולין,3,19047
144729993,8948234,585888173_180526,2026-05-19T19:05:00+00:00,2026-05-19T20:10:59+00:00,2026-05-19,7700,15,47,ת.מרכזית תל אביב קומה 6/רציפים-תל אביב יפו<->מסוף רעננה/הפנינה-רעננה-2#,19047,2,#,מטרופולין,3,19047
144731158,8948233,584905919_180526,2026-05-19T19:10:00+00:00,2026-05-19T20:15:59+00:00,2026-05-19,7699,15,47,מסוף רעננה/הפנינה-רעננה<->ת.מרכזית תל אביב קומה 6/הורדה-תל אביב יפו-1#,19047,1,#,מטרופולין,3,19047
144727902,8948234,585888174_180526,2026-05-19T19:35:00+00:00,2026-05-19T20:40:59+00:00,2026-05-19,7700,15,47,ת.מרכזית תל אביב קומה 6/רציפים-תל אביב יפו<->מסוף רעננה/הפנינה-רעננה-2#,19047,2,#,מטרופולין,3,19047
144731051,8948233,27781953_180526,2026-05-19T19:45:00+00:00,2026-05-19T20:50:59+00:00,2026-05-19,7699,15,47,מסוף רעננה/הפנינה-רעננה<->ת.מרכזית תל אביב קומה 6/הורדה-תל אביב יפו-1#,19047,1,#,מטרופולין,3,19047
144615007,8948234,27780869_180526,2026-05-19T19:45:00+00:00,2026-05-19T20:50:59+00:00,2026-05-19,7700,15,47,ת.מרכזית תל אביב קומה 6/רציפים-תל אביב יפו<->מסוף רעננה/הפנינה-רעננה-2#,19047,2,#,מטרופולין,3,19047
144728795,8948234,585888175_180526,2026-05-19T20:05:00+00:00,2026-05-19T21:10:59+00:00,2026-05-19,7700,15,47,ת.מרכזית תל אביב קומה 6/רציפים-תל אביב יפו<->מסוף רעננה/הפנינה-רעננה-2#,19047,2,#,מטרופולין,3,19047
144727895,8948233,46333538_180526,2026-05-19T20:20:00+00:00,2026-05-19T21:25:59+00:00,2026-05-19,7699,15,47,מסוף רעננה/הפנינה-רעננה<->ת.מרכזית תל אביב קומה 6/הורדה-תל אביב יפו-1#,19047,1,#,מטרופולין,3,19047
144754856,8954645,27780879_190526,2026-05-19T21:00:00+00:00,2026-05-19T22:05:59+00:00,2026-05-20,7700,15,47,ת.מרכזית תל אביב קומה 6/רציפים-תל אביב יפו<->מסוף רעננה/הפנינה-רעננה-2#,19047,2,#,מטרופולין,3,19047
144754819,8954644,27781963_190526,2026-05-19T21:00:00+00:00,2026-05-19T22:05:59+00:00,2026-05-20,7699,15,47,מסוף רעננה/הפנינה-רעננה<->ת.מרכזית תל אביב קומה 6/הורדה-תל אביב יפו-1#,19047,1,#,מטרופולין,3,19047
144755766,8954644,2200215_190526,2026-05-20T02:30:00+00:00,2026-05-20T03:35:59+00:00,2026-05-20,7699,15,47,מסוף רעננה/הפנינה-רעננה<->ת.מרכזית תל אביב קומה 6/הורדה-תל אביב יפו-1#,19047,1,#,מטרופולין,3,19047
144754125,8954644,3318066_190526,2026-05-20T02:50:00+00:00,2026-05-20T03:55:59+00:00,2026-05-20,7699,15,47,מסוף רעננה/הפנינה-רעננה<->ת.מרכזית תל אביב קומה 6/הורדה-תל אביב יפו-1#,19047,1,#,מטרופולין,3,19047
144752718,8954645,2200787_190526,2026-05-20T02:50:00+00:00,2026-05-20T03:55:59+00:00,2026-05-20,7700,15,47,ת.מרכזית תל אביב קומה 6/רציפים-תל אביב יפו<->מסוף רעננה/הפנינה-רעננה-2#,19047,2,#,מטרופולין,3,19047
144755771,8954645,45789823_190526,2026-05-20T03:05:00+00:00,2026-05-20T04:10:59+00:00,2026-05-20,7700,15,47,ת.מרכזית תל אביב קומה 6/רציפים-תל אביב יפו<->מסוף רעננה/הפנינה-רעננה-2#,19047,2,#,מטרופולין,3,19047
144755056,8954644,585887732_190526,2026-05-20T03:10:00+00:00,2026-05-20T04:15:59+00:00,2026-05-20,7699,15,47,מסוף רעננה/הפנינה-רעננה<->ת.מרכזית תל אביב קומה 6/הורדה-תל אביב יפו-1#,19047,1,#,מטרופולין,3,19047
144754224,8954645,56900416_190526,2026-05-20T03:20:00+00:00,2026-05-20T04:25:59+00:00,2026-05-20,7700,15,47,ת.מרכזית תל אביב קומה 6/רציפים-תל אביב יפו<->מסוף רעננה/הפנינה-רעננה-2#,19047,2,#,מטרופולין,3,19047
144755234,8954644,2200218_190526,2026-05-20T03:30:00+00:00,2026-05-20T04:35:59+00:00,2026-05-20,7699,15,47,מסוף רעננה/הפנינה-רעננה<->ת.מרכזית תל אביב קומה 6/הורדה-תל אביב יפו-1#,19047,1,#,מטרופולין,3,19047
144841855,8954645,585888170_190526,2026-05-20T03:35:00+00:00,2026-05-20T04:40:59+00:00,2026-05-20,7700,15,47,ת.מרכזית תל אביב קומה 6/רציפים-תל אביב יפו<->מסוף רעננה/הפנינה-רעננה-2#,19047,2,#,מטרופולין,3,19047
144754872,8954645,7941618_190526,2026-05-20T03:50:00+00:00,2026-05-20T04:55:59+00:00,2026-05-20,7700,15,47,ת.מרכזית תל אביב קומה 6/רציפים-תל אביב יפו<->מסוף רעננה/הפנינה-רעננה-2#,19047,2,#,מטרופולין,3,19047
144754816,8954644,2887298_190526,2026-05-20T03:50:00+00:00,2026-05-20T04:55:59+00:00,2026-05-20,7699,15,47,מסוף רעננה/הפנינה-רעננה<->ת.מרכזית תל אביב קומה 6/הורדה-תל אביב יפו-1#,19047,1,#,מטרופולין,3,19047
144756507,8954645,4548097_190526,2026-05-20T04:05:00+00:00,2026-05-20T05:10:59+00:00,2026-05-20,7700,15,47,ת.מרכזית תל אביב קומה 6/רציפים-תל אביב יפו<->מסוף רעננה/הפנינה-רעננה-2#,19047,2,#,מטרופולין,3,19047
144754127,8954644,585874647_190526,2026-05-20T04:05:00+00:00,2026-05-20T05:10:59+00:00,2026-05-20,7699,15,47,מסוף רעננה/הפנינה-רעננה<->ת.מרכזית תל אביב קומה 6/הורדה-תל אביב יפו-1#,19047,1,#,מטרופולין,3,19047
144755239,8954644,33029126_190526,2026-05-20T04:20:00+00:00,2026-05-20T05:25:59+00:00,2026-05-20,7699,15,47,מסוף רעננה/הפנינה-רעננה<->ת.מרכזית תל אביב קומה 6/הורדה-תל אביב יפו-1#,19047,1,#,מטרופולין,3,19047
144752717,8954645,17730519_190526,2026-05-20T04:20:00+00:00,2026-05-20T05:25:59+00:00,2026-05-20,7700,15,47,ת.מרכזית תל אביב קומה 6/רציפים-תל אביב יפו<->מסוף רעננה/הפנינה-רעננה-2#,19047,2,#,מטרופולין,3,19047
144754858,8954645,2200796_190526,2026-05-20T04:35:00+00:00,2026-05-20T05:40:59+00:00,2026-05-20,7700,15,47,ת.מרכזית תל אביב קומה 6/רציפים-תל אביב יפו<->מסוף רעננה/הפנינה-רעננה-2#,19047,2,#,מטרופולין,3,19047
144752713,8954644,2887322_190526,2026-05-20T04:35:00+00:00,2026-05-20T05:40:59+00:00,2026-05-20,7699,15,47,מסוף רעננה/הפנינה-רעננה<->ת.מרכזית תל אביב קומה 6/הורדה-תל אביב יפו-1#,19047,1,#,מטרופולין,3,19047
144755238,8954644,2887328_190526,2026-05-20T04:50:00+00:00,2026-05-20T05:55:59+00:00,2026-05-20,7699,15,47,מסוף רעננה/הפנינה-רעננה<->ת.מרכזית תל אביב קומה 6/הורדה-תל אביב יפו-1#,19047,1,#,מטרופולין,3,19047
144752729,8954645,7941623_190526,2026-05-20T04:50:00+00:00,2026-05-20T05:55:59+00:00,2026-05-20,7700,15,47,ת.מרכזית תל אביב קומה 6/רציפים-תל אביב יפו<->מסוף רעננה/הפנינה-רעננה-2#,19047,2,#,מטרופולין,3,19047
144755770,8954645,2200799_190526,2026-05-20T05:05:00+00:00,2026-05-20T06:10:59+00:00,2026-05-20,7700,15,47,ת.מרכזית תל אביב קומה 6/רציפים-תל אביב יפו<->מסוף רעננה/הפנינה-רעננה-2#,19047,2,#,מטרופולין,3,19047
144755054,8954644,3318078_190526,2026-05-20T05:05:00+00:00,2026-05-20T06:10:59+00:00,2026-05-20,7699,15,47,מסוף רעננה/הפנינה-רעננה<->ת.מרכזית תל אביב קומה 6/הורדה-תל אביב יפו-1#,19047,1,#,מטרופולין,3,19047
144755255,8954645,32985428_190526,2026-05-20T05:20:00+00:00,2026-05-20T06:25:59+00:00,2026-05-20,7700,15,47,ת.מרכזית תל אביב קומה 6/רציפים-תל אביב יפו<->מסוף רעננה/הפנינה-רעננה-2#,19047,2,#,מטרופולין,3,19047
144752714,8954644,4547867_190526,2026-05-20T05:20:00+00:00,2026-05-20T06:25:59+00:00,2026-05-20,7699,15,47,מסוף רעננה/הפנינה-רעננה<->ת.מרכזית תל אביב קומה 6/הורדה-תל אביב יפו-1#,19047,1,#,מטרופולין,3,19047
144754859,8954645,2200802_190526,2026-05-20T05:35:00+00:00,2026-05-20T06:40:59+00:00,2026-05-20,7700,15,47,ת.מרכזית תל אביב קומה 6/רציפים-תל אביב יפו<->מסוף רעננה/הפנינה-רעננה-2#,19047,2,#,מטרופולין,3,19047
144752708,8954644,2200227_190526,2026-05-20T05:35:00+00:00,2026-05-20T06:40:59+00:00,2026-05-20,7699,15,47,מסוף רעננה/הפנינה-רעננה<->ת.מרכזית תל אביב קומה 6/הורדה-תל אביב יפו-1#,19047,1,#,מטרופולין,3,19047
144754860,8954645,56900425_190526,2026-05-20T05:50:00+00:00,2026-05-20T06:55:59+00:00,2026-05-20,7700,15,47,ת.מרכזית תל אביב קומה 6/רציפים-תל אביב יפו<->מסוף רעננה/הפנינה-רעננה-2#,19047,2,#,מטרופולין,3,19047
144841847,8954644,2887136_190526,2026-05-20T05:55:00+00:00,2026-05-20T07:00:59+00:00,2026-05-20,7699,15,47,מסוף רעננה/הפנינה-רעננה<->ת.מרכזית תל אביב קומה 6/הורדה-תל אביב יפו-1#,19047,1,#,מטרופולין,3,19047
144752720,8954645,2200805_190526,2026-05-20T06:05:00+00:00,2026-05-20T07:10:59+00:00,2026-05-20,7700,15,47,ת.מרכזית תל אביב קומה 6/רציפים-תל אביב יפו<->מסוף רעננה/הפנינה-רעננה-2#,19047,2,#,מטרופולין,3,19047
144841848,8954644,2887142_190526,2026-05-20T06:15:00+00:00,2026-05-20T07:20:59+00:00,2026-05-20,7699,15,47,מסוף רעננה/הפנינה-רעננה<->ת.מרכזית תל אביב קומה 6/הורדה-תל אביב יפו-1#,19047,1,#,מטרופולין,3,19047
144752725,8954645,45789833_190526,2026-05-20T06:25:00+00:00,2026-05-20T07:30:59+00:00,2026-05-20,7700,15,47,ת.מרכזית תל אביב קומה 6/רציפים-תל אביב יפו<->מסוף רעננה/הפנינה-רעננה-2#,19047,2,#,מטרופולין,3,19047
144755052,8954644,2887148_190526,2026-05-20T06:35:00+00:00,2026-05-20T07:40:59+00:00,2026-05-20,7699,15,47,מסוף רעננה/הפנינה-רעננה<->ת.מרכזית תל אביב קומה 6/הורדה-תל אביב יפו-1#,19047,1,#,מטרופולין,3,19047
144755254,8954645,24058937_190526,2026-05-20T06:45:00+00:00,2026-05-20T07:50:59+00:00,2026-05-20,7700,15,47,ת.מרכזית תל אביב קומה 6/רציפים-תל אביב יפו<->מסוף רעננה/הפנינה-רעננה-2#,19047,2,#,מטרופולין,3,19047
144754814,8954644,2887154_190526,2026-05-20T06:55:00+00:00,2026-05-20T08:00:59+00:00,2026-05-20,7699,15,47,מסוף רעננה/הפנינה-רעננה<->ת.מרכזית תל אביב קומה 6/הורדה-תל אביב יפו-1#,19047,1,#,מטרופולין,3,19047
144841852,8954645,45789835_190526,2026-05-20T07:05:00+00:00,2026-05-20T08:10:59+00:00,2026-05-20,7700,15,47,ת.מרכזית תל אביב קומה 6/רציפים-תל אביב יפו<->מסוף רעננה/הפנינה-רעננה-2#,19047,2,#,מטרופולין,3,19047
144755235,8954644,2887160_190526,2026-05-20T07:15:00+00:00,2026-05-20T08:20:59+00:00,2026-05-20,7699,15,47,מסוף רעננה/הפנינה-רעננה<->ת.מרכזית תל אביב קומה 6/הורדה-תל אביב יפו-1#,19047,1,#,מטרופולין,3,19047
144755060,8954645,45789836_190526,2026-05-20T07:25:00+00:00,2026-05-20T08:30:59+00:00,2026-05-20,7700,15,47,ת.מרכזית תל אביב קומה 6/רציפים-תל אביב יפו<->מסוף רעננה/הפנינה-רעננה-2#,19047,2,#,מטרופולין,3,19047
144754123,8954644,2887166_190526,2026-05-20T07:35:00+00:00,2026-05-20T08:40:59+00:00,2026-05-20,7699,15,47,מסוף רעננה/הפנינה-רעננה<->ת.מרכזית תל אביב קומה 6/הורדה-תל אביב יפו-1#,19047,1,#,מטרופולין,3,19047
144755051,8954644,24058641_190526,2026-05-20T07:45:00+00:00,2026-05-20T08:50:59+00:00,2026-05-20,7699,15,47,מסוף רעננה/הפנינה-רעננה<->ת.מרכזית תל אביב קומה 6/הורדה-תל אביב יפו-1#,19047,1,#,מטרופולין,3,19047
144752722,8954645,24058957_190526,2026-05-20T07:45:00+00:00,2026-05-20T08:50:59+00:00,2026-05-20,7700,15,47,ת.מרכזית תל אביב קומה 6/רציפים-תל אביב יפו<->מסוף רעננה/הפנינה-רעננה-2#,19047,2,#,מטרופולין,3,19047
144755053,8954644,2887172_190526,2026-05-20T07:55:00+00:00,2026-05-20T09:00:59+00:00,2026-05-20,7699,15,47,מסוף רעננה/הפנינה-רעננה<->ת.מרכזית תל אביב קומה 6/הורדה-תל אביב יפו-1#,19047,1,#,מטרופולין,3,19047
144841853,8954645,45789838_190526,2026-05-20T08:05:00+00:00,2026-05-20T09:10:59+00:00,2026-05-20,7700,15,47,ת.מרכזית תל אביב קומה 6/רציפים-תל אביב יפו<->מסוף רעננה/הפנינה-רעננה-2#,19047,2,#,מטרופולין,3,19047
144841849,8954644,2887178_190526,2026-05-20T08:15:00+00:00,2026-05-20T09:20:59+00:00,2026-05-20,7699,15,47,מסוף רעננה/הפנינה-רעננה<->ת.מרכזית תל אביב קומה 6/הורדה-תל אביב יפו-1#,19047,1,#,מטרופולין,3,19047
144756506,8954645,22760935_190526,2026-05-20T08:25:00+00:00,2026-05-20T09:30:59+00:00,2026-05-20,7700,15,47,ת.מרכזית תל אביב קומה 6/רציפים-תל אביב יפו<->מסוף רעננה/הפנינה-רעננה-2#,19047,2,#,מטרופולין,3,19047
144752711,8954644,2887184_190526,2026-05-20T08:35:00+00:00,2026-05-20T09:40:59+00:00,2026-05-20,7699,15,47,מסוף רעננה/הפנינה-רעננה<->ת.מרכזית תל אביב קומה 6/הורדה-תל אביב יפו-1#,19047,1,#,מטרופולין,3,19047
144754873,8954645,7941634_190526,2026-05-20T08:45:00+00:00,2026-05-20T09:50:59+00:00,2026-05-20,7700,15,47,ת.מרכזית תל אביב קומה 6/רציפים-תל אביב יפו<->מסוף רעננה/הפנינה-רעננה-2#,19047,2,#,מטרופולין,3,19047
144756424,8954644,2887190_190526,2026-05-20T08:55:00+00:00,2026-05-20T10:00:59+00:00,2026-05-20,7699,15,47,מסוף רעננה/הפנינה-רעננה<->ת.מרכזית תל אביב קומה 6/הורדה-תל אביב יפו-1#,19047,1,#,מטרופולין,3,19047
144755772,8954645,45789841_190526,2026-05-20T09:05:00+00:00,2026-05-20T10:10:59+00:00,2026-05-20,7700,15,47,ת.מרכזית תל אביב קומה 6/רציפים-תל אביב יפו<->מסוף רעננה/הפנינה-רעננה-2#,19047,2,#,מטרופולין,3,19047
144755063,8954645,7941636_190526,2026-05-20T09:15:00+00:00,2026-05-20T10:20:59+00:00,2026-05-20,7700,15,47,ת.מרכזית תל אביב קומה 6/רציפים-תל אביב יפו<->מסוף רעננה/הפנינה-רעננה-2#,19047,2,#,מטרופולין,3,19047
144752712,8954644,2887196_190526,2026-05-20T09:15:00+00:00,2026-05-20T10:20:59+00:00,2026-05-20,7699,15,47,מסוף רעננה/הפנינה-רעננה<->ת.מרכזית תל אביב קומה 6/הורדה-תל אביב יפו-1#,19047,1,#,מטרופולין,3,19047
144755773,8954645,45789842_190526,2026-05-20T09:25:00+00:00,2026-05-20T10:30:59+00:00,2026-05-20,7700,15,47,ת.מרכזית תל אביב קומה 6/רציפים-תל אביב יפו<->מסוף רעננה/הפנינה-רעננה-2#,19047,2,#,מטרופולין,3,19047
144755236,8954644,2887202_190526,2026-05-20T09:35:00+00:00,2026-05-20T10:40:59+00:00,2026-05-20,7699,15,47,מסוף רעננה/הפנינה-רעננה<->ת.מרכזית תל אביב קומה 6/הורדה-תל אביב יפו-1#,19047,1,#,מטרופולין,3,19047
144755256,8954645,32985439_190526,2026-05-20T09:45:00+00:00,2026-05-20T10:50:59+00:00,2026-05-20,7700,15,47,ת.מרכזית תל אביב קומה 6/רציפים-תל אביב יפו<->מסוף רעננה/הפנינה-רעננה-2#,19047,2,#,מטרופולין,3,19047
144754815,8954644,2887208_190526,2026-05-20T09:55:00+00:00,2026-05-20T11:00:59+00:00,2026-05-20,7699,15,47,מסוף רעננה/הפנינה-רעננה<->ת.מרכזית תל אביב קומה 6/הורדה-תל אביב יפו-1#,19047,1,#,מטרופולין,3,19047
144752726,8954645,45789844_190526,2026-05-20T10:05:00+00:00,2026-05-20T11:10:59+00:00,2026-05-20,7700,15,47,ת.מרכזית תל אביב קומה 6/רציפים-תל אביב יפו<->מסוף רעננה/הפנינה-רעננה-2#,19047,2,#,מטרופולין,3,19047
144841846,8954644,24058691_190526,2026-05-20T10:15:00+00:00,2026-05-20T11:20:59+00:00,2026-05-20,7699,15,47,מסוף רעננה/הפנינה-רעננה<->ת.מרכזית תל אביב קומה 6/הורדה-תל אביב יפו-1#,19047,1,#,מטרופולין,3,19047
144756509,8954645,45789845_190526,2026-05-20T10:25:00+00:00,2026-05-20T11:30:59+00:00,2026-05-20,7700,15,47,ת.מרכזית תל אביב קומה 6/רציפים-תל אביב יפו<->מסוף רעננה/הפנינה-רעננה-2#,19047,2,#,מטרופולין,3,19047
144841850,8954644,56900405_190526,2026-05-20T10:35:00+00:00,2026-05-20T11:40:59+00:00,2026-05-20,7699,15,47,מסוף רעננה/הפנינה-רעננה<->ת.מרכזית תל אביב קומה 6/הורדה-תל אביב יפו-1#,19047,1,#,מטרופולין,3,19047
144754223,8954645,33029372_190526,2026-05-20T10:45:00+00:00,2026-05-20T11:50:59+00:00,2026-05-20,7700,15,47,ת.מרכזית תל אביב קומה 6/רציפים-תל אביב יפו<->מסוף רעננה/הפנינה-רעננה-2#,19047,2,#,מטרופולין,3,19047
144756426,8954644,3318100_190526,2026-05-20T10:55:00+00:00,2026-05-20T12:00:59+00:00,2026-05-20,7699,15,47,מסוף רעננה/הפנינה-רעננה<->ת.מרכזית תל אביב קומה 6/הורדה-תל אביב יפו-1#,19047,1,#,מטרופולין,3,19047
144841854,8954645,45789847_190526,2026-05-20T11:05:00+00:00,2026-05-20T12:10:59+00:00,2026-05-20,7700,15,47,ת.מרכזית תל אביב קומה 6/רציפים-תל אביב יפו<->מסוף רעננה/הפנינה-רעננה-2#,19047,2,#,מטרופולין,3,19047
144755767,8954644,46669542_190526,2026-05-20T11:15:00+00:00,2026-05-20T12:20:59+00:00,2026-05-20,7699,15,47,מסוף רעננה/הפנינה-רעננה<->ת.מרכזית תל אביב קומה 6/הורדה-תל אביב יפו-1#,19047,1,#,מטרופולין,3,19047
144756504,8954645,2200823_190526,2026-05-20T11:25:00+00:00,2026-05-20T12:30:59+00:00,2026-05-20,7700,15,47,ת.מרכזית תל אביב קומה 6/רציפים-תל אביב יפו<->מסוף רעננה/הפנינה-רעננה-2#,19047,2,#,מטרופולין,3,19047
144755237,8954644,2887232_190526,2026-05-20T11:35:00+00:00,2026-05-20T12:40:59+00:00,2026-05-20,7699,15,47,מסוף רעננה/הפנינה-רעננה<->ת.מרכזית תל אביב קומה 6/הורדה-תל אביב יפו-1#,19047,1,#,מטרופולין,3,19047
144755064,8954645,7941644_190526,2026-05-20T11:50:00+00:00,2026-05-20T12:55:59+00:00,2026-05-20,7700,15,47,ת.מרכזית תל אביב קומה 6/רציפים-תל אביב יפו<->מסוף רעננה/הפנינה-רעננה-2#,19047,2,#,מטרופולין,3,19047
144752709,8954644,2200248_190526,2026-05-20T11:55:00+00:00,2026-05-20T13:00:59+00:00,2026-05-20,7699,15,47,מסוף רעננה/הפנינה-רעננה<->ת.מרכזית תל אביב קומה 6/הורדה-תל אביב יפו-1#,19047,1,#,מטרופולין,3,19047
144755774,8954645,45789850_190526,2026-05-20T12:05:00+00:00,2026-05-20T13:10:59+00:00,2026-05-20,7700,15,47,ת.מרכזית תל אביב קומה 6/רציפים-תל אביב יפו<->מסוף רעננה/הפנינה-רעננה-2#,19047,2,#,מטרופולין,3,19047
144754122,8954644,2200249_190526,2026-05-20T12:10:00+00:00,2026-05-20T13:15:59+00:00,2026-05-20,7699,15,47,מסוף רעננה/הפנינה-רעננה<->ת.מרכזית תל אביב קומה 6/הורדה-תל אביב יפו-1#,19047,1,#,מטרופולין,3,19047
144752721,8954645,2200827_190526,2026-05-20T12:20:00+00:00,2026-05-20T13:25:59+00:00,2026-05-20,7700,15,47,ת.מרכזית תל אביב קומה 6/רציפים-תל אביב יפו<->מסוף רעננה/הפנינה-רעננה-2#,19047,2,#,מטרופולין,3,19047
144754857,8954645,17730552_190526,2026-05-20T12:50:00+00:00,2026-05-20T13:55:59+00:00,2026-05-20,7700,15,47,ת.מרכזית תל אביב קומה 6/רציפים-תל אביב יפו<->מסוף רעננה/הפנינה-רעננה-2#,19047,2,#,מטרופולין,3,19047
144754812,8954644,2200252_190526,2026-05-20T12:55:00+00:00,2026-05-20T14:00:59+00:00,2026-05-20,7699,15,47,מסוף רעננה/הפנינה-רעננה<->ת.מרכזית תל אביב קומה 6/הורדה-תל אביב יפו-1#,19047,1,#,מטרופולין,3,19047
144752740,8954645,7941647_190526,2026-05-20T13:05:00+00:00,2026-05-20T14:10:59+00:00,2026-05-20,7700,15,47,ת.מרכזית תל אביב קומה 6/רציפים-תל אביב יפו<->מסוף רעננה/הפנינה-רעננה-2#,19047,2,#,מטרופולין,3,19047
144754817,8954644,3317910_190526,2026-05-20T13:10:00+00:00,2026-05-20T14:15:59+00:00,2026-05-20,7699,15,47,מסוף רעננה/הפנינה-רעננה<->ת.מרכזית תל אביב קומה 6/הורדה-תל אביב יפו-1#,19047,1,#,מטרופולין,3,19047
144756508,8954645,4548197_190526,2026-05-20T13:20:00+00:00,2026-05-20T14:25:59+00:00,2026-05-20,7700,15,47,ת.מרכזית תל אביב קומה 6/רציפים-תל אביב יפו<->מסוף רעננה/הפנינה-רעננה-2#,19047,2,#,מטרופולין,3,19047
144756427,8954644,56900413_190526,2026-05-20T13:25:00+00:00,2026-05-20T14:30:59+00:00,2026-05-20,7699,15,47,מסוף רעננה/הפנינה-רעננה<->ת.מרכזית תל אביב קומה 6/הורדה-תל אביב יפו-1#,19047,1,#,מטרופולין,3,19047
144754225,8954645,585888171_190526,2026-05-20T13:35:00+00:00,2026-05-20T14:40:59+00:00,2026-05-20,7700,15,47,ת.מרכזית תל אביב קומה 6/רציפים-תל אביב יפו<->מסוף רעננה/הפנינה-רעננה-2#,19047,2,#,מטרופולין,3,19047
144754124,8954644,2887262_190526,2026-05-20T13:40:00+00:00,2026-05-20T14:45:59+00:00,2026-05-20,7699,15,47,מסוף רעננה/הפנינה-רעננה<->ת.מרכזית תל אביב קומה 6/הורדה-תל אביב יפו-1#,19047,1,#,מטרופולין,3,19047
144752727,8954645,584888586_190526,2026-05-20T13:50:00+00:00,2026-05-20T14:55:59+00:00,2026-05-20,7700,15,47,ת.מרכזית תל אביב קומה 6/רציפים-תל אביב יפו<->מסוף רעננה/הפנינה-רעננה-2#,19047,2,#,מטרופולין,3,19047
144756425,8954644,2887484_190526,2026-05-20T13:55:00+00:00,2026-05-20T15:00:59+00:00,2026-05-20,7699,15,47,מסוף רעננה/הפנינה-רעננה<->ת.מרכזית תל אביב קומה 6/הורדה-תל אביב יפו-1#,19047,1,#,מטרופולין,3,19047
144754221,8954645,17730556_190526,2026-05-20T14:05:00+00:00,2026-05-20T15:10:59+00:00,2026-05-20,7700,15,47,ת.מרכזית תל אביב קומה 6/רציפים-תל אביב יפו<->מסוף רעננה/הפנינה-רעננה-2#,19047,2,#,מטרופולין,3,19047
144755243,8954644,585887733_190526,2026-05-20T14:10:00+00:00,2026-05-20T15:15:59+00:00,2026-05-20,7699,15,47,מסוף רעננה/הפנינה-רעננה<->ת.מרכזית תל אביב קומה 6/הורדה-תל אביב יפו-1#,19047,1,#,מטרופולין,3,19047
144755257,8954645,4548212_190526,2026-05-20T14:20:00+00:00,2026-05-20T15:25:59+00:00,2026-05-20,7700,15,47,ת.מרכזית תל אביב קומה 6/רציפים-תל אביב יפו<->מסוף רעננה/הפנינה-רעננה-2#,19047,2,#,מטרופולין,3,19047
144755242,8954644,585874654_190526,2026-05-20T14:25:00+00:00,2026-05-20T15:30:59+00:00,2026-05-20,7699,15,47,מסוף רעננה/הפנינה-רעננה<->ת.מרכזית תל אביב קומה 6/הורדה-תל אביב יפו-1#,19047,1,#,מטרופולין,3,19047
144755258,8954645,585888172_190526,2026-05-20T14:35:00+00:00,2026-05-20T15:40:59+00:00,2026-05-20,7700,15,47,ת.מרכזית תל אביב קומה 6/רציפים-תל אביב יפו<->מסוף רעננה/הפנינה-רעננה-2#,19047,2,#,מטרופולין,3,19047
144756505,8954645,2200837_190526,2026-05-20T14:50:00+00:00,2026-05-20T15:55:59+00:00,2026-05-20,7700,15,47,ת.מרכזית תל אביב קומה 6/רציפים-תל אביב יפו<->מסוף רעננה/הפנינה-רעננה-2#,19047,2,#,מטרופולין,3,19047
144754128,8954644,585887734_190526,2026-05-20T14:55:00+00:00,2026-05-20T16:00:59+00:00,2026-05-20,7699,15,47,מסוף רעננה/הפנינה-רעננה<->ת.מרכזית תל אביב קומה 6/הורדה-תל אביב יפו-1#,19047,1,#,מטרופולין,3,19047
144755058,8954645,17730559_190526,2026-05-20T15:05:00+00:00,2026-05-20T16:10:59+00:00,2026-05-20,7700,15,47,ת.מרכזית תל אביב קומה 6/רציפים-תל אביב יפו<->מסוף רעננה/הפנינה-רעננה-2#,19047,2,#,מטרופולין,3,19047
144752715,8954644,46669558_190526,2026-05-20T15:15:00+00:00,2026-05-20T16:20:59+00:00,2026-05-20,7699,15,47,מסוף רעננה/הפנינה-רעננה<->ת.מרכזית תל אביב קומה 6/הורדה-תל אביב יפו-1#,19047,1,#,מטרופולין,3,19047
144752724,8954645,4548227_190526,2026-05-20T15:20:00+00:00,2026-05-20T16:25:59+00:00,2026-05-20,7700,15,47,ת.מרכזית תל אביב קומה 6/רציפים-תל אביב יפו<->מסוף רעננה/הפנינה-רעננה-2#,19047,2,#,מטרופולין,3,19047
144756428,8954644,585887735_190526,2026-05-20T15:35:00+00:00,2026-05-20T16:40:59+00:00,2026-05-20,7699,15,47,מסוף רעננה/הפנינה-רעננה<->ת.מרכזית תל אביב קומה 6/הורדה-תל אביב יפו-1#,19047,1,#,מטרופולין,3,19047
144755775,8954645,584888587_190526,2026-05-20T15:50:00+00:00,2026-05-20T16:55:59+00:00,2026-05-20,7700,15,47,ת.מרכזית תל אביב קומה 6/רציפים-תל אביב יפו<->מסוף רעננה/הפנינה-רעננה-2#,19047,2,#,מטרופולין,3,19047
144752716,8954644,585887736_190526,2026-05-20T15:55:00+00:00,2026-05-20T17:00:59+00:00,2026-05-20,7699,15,47,מסוף רעננה/הפנינה-רעננה<->ת.מרכזית תל אביב קומה 6/הורדה-תל אביב יפו-1#,19047,1,#,מטרופולין,3,19047
144755768,8954645,17730562_190526,2026-05-20T16:05:00+00:00,2026-05-20T17:10:59+00:00,2026-05-20,7700,15,47,ת.מרכזית תל אביב קומה 6/רציפים-תל אביב יפו<->מסוף רעננה/הפנינה-רעננה-2#,19047,2,#,מטרופולין,3,19047
144754818,8954644,46669562_190526,2026-05-20T16:15:00+00:00,2026-05-20T17:20:59+00:00,2026-05-20,7699,15,47,מסוף רעננה/הפנינה-רעננה<->ת.מרכזית תל אביב קומה 6/הורדה-תל אביב יפו-1#,19047,1,#,מטרופולין,3,19047
144755769,8954645,17730563_190526,2026-05-20T16:25:00+00:00,2026-05-20T17:30:59+00:00,2026-05-20,7700,15,47,ת.מרכזית תל אביב קומה 6/רציפים-תל אביב יפו<->מסוף רעננה/הפנינה-רעננה-2#,19047,2,#,מטרופולין,3,19047
144756429,8954644,585887737_190526,2026-05-20T16:35:00+00:00,2026-05-20T17:40:59+00:00,2026-05-20,7699,15,47,מסוף רעננה/הפנינה-רעננה<->ת.מרכזית תל אביב קומה 6/הורדה-תל אביב יפו-1#,19047,1,#,מטרופולין,3,19047
144756430,8954644,585887738_190526,2026-05-20T16:55:00+00:00,2026-05-20T18:00:59+00:00,2026-05-20,7699,15,47,מסוף רעננה/הפנינה-רעננה<->ת.מרכזית תל אביב קומה 6/הורדה-תל אביב יפו-1#,19047,1,#,מטרופולין,3,19047
144756503,8954645,17730565_190526,2026-05-20T17:05:00+00:00,2026-05-20T18:10:59+00:00,2026-05-20,7700,15,47,ת.מרכזית תל אביב קומה 6/רציפים-תל אביב יפו<->מסוף רעננה/הפנינה-רעננה-2#,19047,2,#,מטרופולין,3,19047
144755057,8954644,585887739_190526,2026-05-20T17:20:00+00:00,2026-05-20T18:25:59+00:00,2026-05-20,7699,15,47,מסוף רעננה/הפנינה-רעננה<->ת.מרכזית תל אביב קומה 6/הורדה-תל אביב יפו-1#,19047,1,#,מטרופולין,3,19047
144755059,8954645,27780844_190526,2026-05-20T17:25:00+00:00,2026-05-20T18:30:59+00:00,2026-05-20,7700,15,47,ת.מרכזית תל אביב קומה 6/רציפים-תל אביב יפו<->מסוף רעננה/הפנינה-רעננה-2#,19047,2,#,מטרופולין,3,19047
144841851,8954645,27780849_190526,2026-05-20T17:45:00+00:00,2026-05-20T18:50:59+00:00,2026-05-20,7700,15,47,ת.מרכזית תל אביב קומה 6/רציפים-תל אביב יפו<->מסוף רעננה/הפנינה-רעננה-2#,19047,2,#,מטרופולין,3,19047
144754813,8954644,27781933_190526,2026-05-20T17:45:00+00:00,2026-05-20T18:50:59+00:00,2026-05-20,7699,15,47,מסוף רעננה/הפנינה-רעננה<->ת.מרכזית תל אביב קומה 6/הורדה-תל אביב יפו-1#,19047,1,#,מטרופולין,3,19047
144755776,8954645,585511867_190526,2026-05-20T18:05:00+00:00,2026-05-20T19:10:59+00:00,2026-05-20,7700,15,47,ת.מרכזית תל אביב קומה 6/רציפים-תל אביב יפו<->מסוף רעננה/הפנינה-רעננה-2#,19047,2,#,מטרופולין,3,19047
144754126,8954644,584905917_190526,2026-05-20T18:10:00+00:00,2026-05-20T19:15:59+00:00,2026-05-20,7699,15,47,מסוף רעננה/הפנינה-רעננה<->ת.מרכזית תל אביב קומה 6/הורדה-תל אביב יפו-1#,19047,1,#,מטרופולין,3,19047
144755055,8954644,585874658_190526,2026-05-20T18:35:00+00:00,2026-05-20T19:40:59+00:00,2026-05-20,7699,15,47,מסוף רעננה/הפנינה-רעננה<->ת.מרכזית תל אביב קומה 6/הורדה-תל אביב יפו-1#,19047,1,#,מטרופולין,3,19047
144752723,8954645,27780859_190526,2026-05-20T18:45:00+00:00,2026-05-20T19:50:59+00:00,2026-05-20,7700,15,47,ת.מרכזית תל אביב קומה 6/רציפים-תל אביב יפו<->מסוף רעננה/הפנינה-רעננה-2#,19047,2,#,מטרופולין,3,19047
144755061,8954645,585888173_190526,2026-05-20T19:05:00+00:00,2026-05-20T20:10:59+00:00,2026-05-20,7700,15,47,ת.מרכזית תל אביב קומה 6/רציפים-תל אביב יפו<->מסוף רעננה/הפנינה-רעננה-2#,19047,2,#,מטרופולין,3,19047
144755241,8954644,584905919_190526,2026-05-20T19:10:00+00:00,2026-05-20T20:15:59+00:00,2026-05-20,7699,15,47,מסוף רעננה/הפנינה-רעננה<->ת.מרכזית תל אביב קומה 6/הורדה-תל אביב יפו-1#,19047,1,#,מטרופולין,3,19047
144752728,8954645,585888174_190526,2026-05-20T19:35:00+00:00,2026-05-20T20:40:59+00:00,2026-05-20,7700,15,47,ת.מרכזית תל אביב קומה 6/רציפים-תל אביב יפו<->מסוף רעננה/הפנינה-רעננה-2#,19047,2,#,מטרופולין,3,19047
144754222,8954645,27780869_190526,2026-05-20T19:45:00+00:00,2026-05-20T20:50:59+00:00,2026-05-20,7700,15,47,ת.מרכזית תל אביב קומה 6/רציפים-תל אביב יפו<->מסוף רעננה/הפנינה-רעננה-2#,19047,2,#,מטרופולין,3,19047
144752710,8954644,27781953_190526,2026-05-20T19:45:00+00:00,2026-05-20T20:50:59+00:00,2026-05-20,7699,15,47,מסוף רעננה/הפנינה-רעננה<->ת.מרכזית תל אביב קומה 6/הורדה-תל אביב יפו-1#,19047,1,#,מטרופולין,3,19047
144755062,8954645,585888175_190526,2026-05-20T20:05:00+00:00,2026-05-20T21:10:59+00:00,2026-05-20,7700,15,47,ת.מרכזית תל אביב קומה 6/רציפים-תל אביב יפו<->מסוף רעננה/הפנינה-רעננה-2#,19047,2,#,מטרופולין,3,19047
144755240,8954644,46333538_190526,2026-05-20T20:20:00+00:00,2026-05-20T21:25:59+00:00,2026-05-20,7699,15,47,מסוף רעננה/הפנינה-רעננה<->ת.מרכזית תל אביב קומה 6/הורדה-תל אביב יפו-1#,19047,1,#,מטרופולין,3,19047
144912893,8960669,2200431_210526,2026-05-21T02:30:00+00:00,2026-05-21T03:35:59+00:00,2026-05-21,7699,15,47,מסוף רעננה/הפנינה-רעננה<->ת.מרכזית תל אביב קומה 6/הורדה-תל אביב יפו-1#,19047,1,#,מטרופולין,3,19047
144866950,8960669,2887080_210526,2026-05-21T03:00:00+00:00,2026-05-21T04:05:59+00:00,2026-05-21,7699,15,47,מסוף רעננה/הפנינה-רעננה<->ת.מרכזית תל אביב קומה 6/הורדה-תל אביב יפו-1#,19047,1,#,מטרופולין,3,19047
144866070,8960670,7971042_210526,2026-05-21T03:00:00+00:00,2026-05-21T04:05:59+00:00,2026-05-21,7700,15,47,ת.מרכזית תל אביב קומה 6/רציפים-תל אביב יפו<->מסוף רעננה/הפנינה-רעננה-2#,19047,2,#,מטרופולין,3,19047
144865658,8960670,57082276_210526,2026-05-21T03:20:00+00:00,2026-05-21T04:25:59+00:00,2026-05-21,7700,15,47,ת.מרכזית תל אביב קומה 6/רציפים-תל אביב יפו<->מסוף רעננה/הפנינה-רעננה-2#,19047,2,#,מטרופולין,3,19047
144868016,8960669,2200434_210526,2026-05-21T03:30:00+00:00,2026-05-21T04:35:59+00:00,2026-05-21,7699,15,47,מסוף רעננה/הפנינה-רעננה<->ת.מרכזית תל אביב קומה 6/הורדה-תל אביב יפו-1#,19047,1,#,מטרופולין,3,19047
144866075,8960670,7971045_210526,2026-05-21T03:40:00+00:00,2026-05-21T04:45:59+00:00,2026-05-21,7700,15,47,ת.מרכזית תל אביב קומה 6/רציפים-תל אביב יפו<->מסוף רעננה/הפנינה-רעננה-2#,19047,2,#,מטרופולין,3,19047
144865607,8960669,2887092_210526,2026-05-21T03:55:00+00:00,2026-05-21T05:00:59+00:00,2026-05-21,7699,15,47,מסוף רעננה/הפנינה-רעננה<->ת.מרכזית תל אביב קומה 6/הורדה-תל אביב יפו-1#,19047,1,#,מטרופולין,3,19047
144866955,8960670,2200697_210526,2026-05-21T04:00:00+00:00,2026-05-21T05:05:59+00:00,2026-05-21,7700,15,47,ת.מרכזית תל אביב קומה 6/רציפים-תל אביב יפו<->מסוף רעננה/הפנינה-רעננה-2#,19047,2,#,מטרופולין,3,19047
144866049,8960669,2887098_210526,2026-05-21T04:10:00+00:00,2026-05-21T05:15:59+00:00,2026-05-21,7699,15,47,מסוף רעננה/הפנינה-רעננה<->ת.מרכזית תל אביב קומה 6/הורדה-תל אביב יפו-1#,19047,1,#,מטרופולין,3,19047
144867844,8960670,2200699_210526,2026-05-21T04:15:00+00:00,2026-05-21T05:20:59+00:00,2026-05-21,7700,15,47,ת.מרכזית תל אביב קומה 6/רציפים-תל אביב יפו<->מסוף רעננה/הפנינה-רעננה-2#,19047,2,#,מטרופולין,3,19047
144866050,8960669,2887104_210526,2026-05-21T04:25:00+00:00,2026-05-21T05:30:59+00:00,2026-05-21,7699,15,47,מסוף רעננה/הפנינה-רעננה<->ת.מרכזית תל אביב קומה 6/הורדה-תל אביב יפו-1#,19047,1,#,מטרופולין,3,19047
144866069,8960670,7099076_210526,2026-05-21T04:30:00+00:00,2026-05-21T05:35:59+00:00,2026-05-21,7700,15,47,ת.מרכזית תל אביב קומה 6/רציפים-תל אביב יפו<->מסוף רעננה/הפנינה-רעננה-2#,19047,2,#,מטרופולין,3,19047
144866051,8960669,2887110_210526,2026-05-21T04:40:00+00:00,2026-05-21T05:45:59+00:00,2026-05-21,7699,15,47,מסוף רעננה/הפנינה-רעננה<->ת.מרכזית תל אביב קומה 6/הורדה-תל אביב יפו-1#,19047,1,#,מטרופולין,3,19047
144868038,8960670,2200702_210526,2026-05-21T04:45:00+00:00,2026-05-21T05:50:59+00:00,2026-05-21,7700,15,47,ת.מרכזית תל אביב קומה 6/רציפים-תל אביב יפו<->מסוף רעננה/הפנינה-רעננה-2#,19047,2,#,מטרופולין,3,19047
144866052,8960669,2887116_210526,2026-05-21T04:55:00+00:00,2026-05-21T06:00:59+00:00,2026-05-21,7699,15,47,מסוף רעננה/הפנינה-רעננה<->ת.מרכזית תל אביב קומה 6/הורדה-תל אביב יפו-1#,19047,1,#,מטרופולין,3,19047
144868049,8960670,7099078_210526,2026-05-21T05:00:00+00:00,2026-05-21T06:05:59+00:00,2026-05-21,7700,15,47,ת.מרכזית תל אביב קומה 6/רציפים-תל אביב יפו<->מסוף רעננה/הפנינה-רעננה-2#,19047,2,#,מטרופולין,3,19047
144865644,8960669,2887122_210526,2026-05-21T05:10:00+00:00,2026-05-21T06:15:59+00:00,2026-05-21,7699,15,47,מסוף רעננה/הפנינה-רעננה<->ת.מרכזית תל אביב קומה 6/הורדה-תל אביב יפו-1#,19047,1,#,מטרופולין,3,19047
144868045,8960670,2200705_210526,2026-05-21T05:15:00+00:00,2026-05-21T06:20:59+00:00,2026-05-21,7700,15,47,ת.מרכזית תל אביב קומה 6/רציפים-תל אביב יפו<->מסוף רעננה/הפנינה-רעננה-2#,19047,2,#,מטרופולין,3,19047
144868237,8960669,2887128_210526,2026-05-21T05:25:00+00:00,2026-05-21T06:30:59+00:00,2026-05-21,7699,15,47,מסוף רעננה/הפנינה-רעננה<->ת.מרכזית תל אביב קומה 6/הורדה-תל אביב יפו-1#,19047,1,#,מטרופולין,3,19047
144868323,8960670,33029396_210526,2026-05-21T05:30:00+00:00,2026-05-21T06:35:59+00:00,2026-05-21,7700,15,47,ת.מרכזית תל אביב קומה 6/רציפים-תל אביב יפו<->מסוף רעננה/הפנינה-רעננה-2#,19047,2,#,מטרופולין,3,19047
144865970,8960669,2887134_210526,2026-05-21T05:40:00+00:00,2026-05-21T06:45:59+00:00,2026-05-21,7699,15,47,מסוף רעננה/הפנינה-רעננה<->ת.מרכזית תל אביב קומה 6/הורדה-תל אביב יפו-1#,19047,1,#,מטרופולין,3,19047
144868324,8960670,57082280_210526,2026-05-21T05:50:00+00:00,2026-05-21T06:55:59+00:00,2026-05-21,7700,15,47,ת.מרכזית תל אביב קומה 6/רציפים-תל אביב יפו<->מסוף רעננה/הפנינה-רעננה-2#,19047,2,#,מטרופולין,3,19047
144868238,8960669,2887140_210526,2026-05-21T05:55:00+00:00,2026-05-21T07:00:59+00:00,2026-05-21,7699,15,47,מסוף רעננה/הפנינה-רעננה<->ת.מרכזית תל אביב קומה 6/הורדה-תל אביב יפו-1#,19047,1,#,מטרופולין,3,19047
144868017,8960669,2887146_210526,2026-05-21T06:15:00+00:00,2026-05-21T07:20:59+00:00,2026-05-21,7699,15,47,מסוף רעננה/הפנינה-רעננה<->ת.מרכזית תל אביב קומה 6/הורדה-תל אביב יפו-1#,19047,1,#,מטרופולין,3,19047
144865659,8960670,7971054_210526,2026-05-21T06:15:00+00:00,2026-05-21T07:20:59+00:00,2026-05-21,7700,15,47,ת.מרכזית תל אביב קומה 6/רציפים-תל אביב יפו<->מסוף רעננה/הפנינה-רעננה-2#,19047,2,#,מטרופולין,3,19047
144865971,8960669,2887152_210526,2026-05-21T06:35:00+00:00,2026-05-21T07:40:59+00:00,2026-05-21,7699,15,47,מסוף רעננה/הפנינה-רעננה<->ת.מרכזית תל אביב קומה 6/הורדה-תל אביב יפו-1#,19047,1,#,מטרופולין,3,19047
144866956,8960670,2200712_210526,2026-05-21T06:40:00+00:00,2026-05-21T07:45:59+00:00,2026-05-21,7700,15,47,ת.מרכזית תל אביב קומה 6/רציפים-תל אביב יפו<->מסוף רעננה/הפנינה-רעננה-2#,19047,2,#,מטרופולין,3,19047
144866951,8960669,2887158_210526,2026-05-21T06:55:00+00:00,2026-05-21T08:00:59+00:00,2026-05-21,7699,15,47,מסוף רעננה/הפנינה-רעננה<->ת.מרכזית תל אביב קומה 6/הורדה-תל אביב יפו-1#,19047,1,#,מטרופולין,3,19047
144866074,8960670,2200713_210526,2026-05-21T07:00:00+00:00,2026-05-21T08:05:59+00:00,2026-05-21,7700,15,47,ת.מרכזית תל אביב קומה 6/רציפים-תל אביב יפו<->מסוף רעננה/הפנינה-רעננה-2#,19047,2,#,מטרופולין,3,19047
144868018,8960669,2887164_210526,2026-05-21T07:15:00+00:00,2026-05-21T08:20:59+00:00,2026-05-21,7699,15,47,מסוף רעננה/הפנינה-רעננה<->ת.מרכזית תל אביב קומה 6/הורדה-תל אביב יפו-1#,19047,1,#,מטרופולין,3,19047
144867845,8960670,2200714_210526,2026-05-21T07:20:00+00:00,2026-05-21T08:25:59+00:00,2026-05-21,7700,15,47,ת.מרכזית תל אביב קומה 6/רציפים-תל אביב יפו<->מסוף רעננה/הפנינה-רעננה-2#,19047,2,#,מטרופולין,3,19047
144912894,8960669,2887170_210526,2026-05-21T07:35:00+00:00,2026-05-21T08:40:59+00:00,2026-05-21,7699,15,47,מסוף רעננה/הפנינה-רעננה<->ת.מרכזית תל אביב קומה 6/הורדה-תל אביב יפו-1#,19047,1,#,מטרופולין,3,19047
144868046,8960670,2200715_210526,2026-05-21T07:40:00+00:00,2026-05-21T08:45:59+00:00,2026-05-21,7700,15,47,ת.מרכזית תל אביב קומה 6/רציפים-תל אביב יפו<->מסוף רעננה/הפנינה-רעננה-2#,19047,2,#,מטרופולין,3,19047
144912895,8960669,2887176_210526,2026-05-21T07:55:00+00:00,2026-05-21T09:00:59+00:00,2026-05-21,7699,15,47,מסוף רעננה/הפנינה-רעננה<->ת.מרכזית תל אביב קומה 6/הורדה-תל אביב יפו-1#,19047,1,#,מטרופולין,3,19047
144866068,8960670,2200716_210526,2026-05-21T08:00:00+00:00,2026-05-21T09:05:59+00:00,2026-05-21,7700,15,47,ת.מרכזית תל אביב קומה 6/רציפים-תל אביב יפו<->מסוף רעננה/הפנינה-רעננה-2#,19047,2,#,מטרופולין,3,19047
144865972,8960669,2887182_210526,2026-05-21T08:15:00+00:00,2026-05-21T09:20:59+00:00,2026-05-21,7699,15,47,מסוף רעננה/הפנינה-רעננה<->ת.מרכזית תל אביב קומה 6/הורדה-תל אביב יפו-1#,19047,1,#,מטרופולין,3,19047
144865660,8960670,7971060_210526,2026-05-21T08:15:00+00:00,2026-05-21T09:20:59+00:00,2026-05-21,7700,15,47,ת.מרכזית תל אביב קומה 6/רציפים-תל אביב יפו<->מסוף רעננה/הפנינה-רעננה-2#,19047,2,#,מטרופולין,3,19047
144866076,8960670,7971061_210526,2026-05-21T08:30:00+00:00,2026-05-21T09:35:59+00:00,2026-05-21,7700,15,47,ת.מרכזית תל אביב קומה 6/רציפים-תל אביב יפו<->מסוף רעננה/הפנינה-רעננה-2#,19047,2,#,מטרופולין,3,19047
144912896,8960669,2887188_210526,2026-05-21T08:35:00+00:00,2026-05-21T09:40:59+00:00,2026-05-21,7699,15,47,מסוף רעננה/הפנינה-רעננה<->ת.מרכזית תל אביב קומה 6/הורדה-תל אביב יפו-1#,19047,1,#,מטרופולין,3,19047
144866071,8960670,7971062_210526,2026-05-21T08:45:00+00:00,2026-05-21T09:50:59+00:00,2026-05-21,7700,15,47,ת.מרכזית תל אביב קומה 6/רציפים-תל אביב יפו<->מסוף רעננה/הפנינה-רעננה-2#,19047,2,#,מטרופולין,3,19047
144912897,8960669,2887194_210526,2026-05-21T08:55:00+00:00,2026-05-21T10:00:59+00:00,2026-05-21,7699,15,47,מסוף רעננה/הפנינה-רעננה<->ת.מרכזית תל אביב קומה 6/הורדה-תל אביב יפו-1#,19047,1,#,מטרופולין,3,19047
144912902,8960670,7971064_210526,2026-05-21T09:15:00+00:00,2026-05-21T10:20:59+00:00,2026-05-21,7700,15,47,ת.מרכזית תל אביב קומה 6/רציפים-תל אביב יפו<->מסוף רעננה/הפנינה-רעננה-2#,19047,2,#,מטרופולין,3,19047
144865973,8960669,2887200_210526,2026-05-21T09:15:00+00:00,2026-05-21T10:20:59+00:00,2026-05-21,7699,15,47,מסוף רעננה/הפנינה-רעננה<->ת.מרכזית תל אביב קומה 6/הורדה-תל אביב יפו-1#,19047,1,#,מטרופולין,3,19047
144912900,8960670,32456873_210526,2026-05-21T09:30:00+00:00,2026-05-21T10:35:59+00:00,2026-05-21,7700,15,47,ת.מרכזית תל אביב קומה 6/רציפים-תל אביב יפו<->מסוף רעננה/הפנינה-רעננה-2#,19047,2,#,מטרופולין,3,19047
144912898,8960669,2887206_210526,2026-05-21T09:35:00+00:00,2026-05-21T10:40:59+00:00,2026-05-21,7699,15,47,מסוף רעננה/הפנינה-רעננה<->ת.מרכזית תל אביב קומה 6/הורדה-תל אביב יפו-1#,19047,1,#,מטרופולין,3,19047
144865661,8960670,7971066_210526,2026-05-21T09:50:00+00:00,2026-05-21T10:55:59+00:00,2026-05-21,7700,15,47,ת.מרכזית תל אביב קומה 6/רציפים-תל אביב יפו<->מסוף רעננה/הפנינה-רעננה-2#,19047,2,#,מטרופולין,3,19047
144865974,8960669,2887212_210526,2026-05-21T09:55:00+00:00,2026-05-21T11:00:59+00:00,2026-05-21,7699,15,47,מסוף רעננה/הפנינה-רעננה<->ת.מרכזית תל אביב קומה 6/הורדה-תל אביב יפו-1#,19047,1,#,מטרופולין,3,19047
144868325,8960670,7971067_210526,2026-05-21T10:10:00+00:00,2026-05-21T11:15:59+00:00,2026-05-21,7700,15,47,ת.מרכזית תל אביב קומה 6/רציפים-תל אביב יפו<->מסוף רעננה/הפנינה-רעננה-2#,19047,2,#,מטרופולין,3,19047
144866949,8960669,24058695_210526,2026-05-21T10:15:00+00:00,2026-05-21T11:20:59+00:00,2026-05-21,7699,15,47,מסוף רעננה/הפנינה-רעננה<->ת.מרכזית תל אביב קומה 6/הורדה-תל אביב יפו-1#,19047,1,#,מטרופולין,3,19047
144867847,8960670,7971068_210526,2026-05-21T10:30:00+00:00,2026-05-21T11:35:59+00:00,2026-05-21,7700,15,47,ת.מרכזית תל אביב קומה 6/רציפים-תל אביב יפו<->מסוף רעננה/הפנינה-רעננה-2#,19047,2,#,מטרופולין,3,19047
144866954,8960669,584770595_210526,2026-05-21T10:35:00+00:00,2026-05-21T11:40:59+00:00,2026-05-21,7699,15,47,מסוף רעננה/הפנינה-רעננה<->ת.מרכזית תל אביב קומה 6/הורדה-תל אביב יפו-1#,19047,1,#,מטרופולין,3,19047
144868020,8960669,2887440_210526,2026-05-21T10:50:00+00:00,2026-05-21T11:55:59+00:00,2026-05-21,7699,15,47,מסוף רעננה/הפנינה-רעננה<->ת.מרכזית תל אביב קומה 6/הורדה-תל אביב יפו-1#,19047,1,#,מטרופולין,3,19047
144866958,8960670,7971069_210526,2026-05-21T10:50:00+00:00,2026-05-21T11:55:59+00:00,2026-05-21,7700,15,47,ת.מרכזית תל אביב קומה 6/רציפים-תל אביב יפו<->מסוף רעננה/הפנינה-רעננה-2#,19047,2,#,מטרופולין,3,19047
144912899,8960670,2200727_210526,2026-05-21T11:10:00+00:00,2026-05-21T12:15:59+00:00,2026-05-21,7700,15,47,ת.מרכזית תל אביב קומה 6/רציפים-תל אביב יפו<->מסוף רעננה/הפנינה-רעננה-2#,19047,2,#,מטרופולין,3,19047
144868019,8960669,2887230_210526,2026-05-21T11:10:00+00:00,2026-05-21T12:15:59+00:00,2026-05-21,7699,15,47,מסוף רעננה/הפנינה-רעננה<->ת.מרכזית תל אביב קומה 6/הורדה-תל אביב יפו-1#,19047,1,#,מטרופולין,3,19047
144912901,8960670,4548171_210526,2026-05-21T11:30:00+00:00,2026-05-21T12:35:59+00:00,2026-05-21,7700,15,47,ת.מרכזית תל אביב קומה 6/רציפים-תל אביב יפו<->מסוף רעננה/הפנינה-רעננה-2#,19047,2,#,מטרופולין,3,19047
144865975,8960669,2887452_210526,2026-05-21T11:30:00+00:00,2026-05-21T12:35:59+00:00,2026-05-21,7699,15,47,מסוף רעננה/הפנינה-רעננה<->ת.מרכזית תל אביב קומה 6/הורדה-תל אביב יפו-1#,19047,1,#,מטרופולין,3,19047
144866953,8960669,2887458_210526,2026-05-21T11:50:00+00:00,2026-05-21T12:55:59+00:00,2026-05-21,7699,15,47,מסוף רעננה/הפנינה-רעננה<->ת.מרכזית תל אביב קומה 6/הורדה-תל אביב יפו-1#,19047,1,#,מטרופולין,3,19047
144866077,8960670,7971072_210526,2026-05-21T11:50:00+00:00,2026-05-21T12:55:59+00:00,2026-05-21,7700,15,47,ת.מרכזית תל אביב קומה 6/רציפים-תל אביב יפו<->מסוף רעננה/הפנינה-רעננה-2#,19047,2,#,מטרופולין,3,19047
144868021,8960669,3318306_210526,2026-05-21T12:20:00+00:00,2026-05-21T13:25:59+00:00,2026-05-21,7699,15,47,מסוף רעננה/הפנינה-רעננה<->ת.מרכזית תל אביב קומה 6/הורדה-תל אביב יפו-1#,19047,1,#,מטרופולין,3,19047
144867846,8960670,2200732_210526,2026-05-21T12:20:00+00:00,2026-05-21T13:25:59+00:00,2026-05-21,7700,15,47,ת.מרכזית תל אביב קומה 6/רציפים-תל אביב יפו<->מסוף רעננה/הפנינה-רעננה-2#,19047,2,#,מטרופולין,3,19047
144866952,8960669,2887254_210526,2026-05-21T12:50:00+00:00,2026-05-21T13:55:59+00:00,2026-05-21,7699,15,47,מסוף רעננה/הפנינה-רעננה<->ת.מרכזית תל אביב קומה 6/הורדה-תל אביב יפו-1#,19047,1,#,מטרופולין,3,19047
144866073,8960670,17730764_210526,2026-05-21T12:50:00+00:00,2026-05-21T13:55:59+00:00,2026-05-21,7700,15,47,ת.מרכזית תל אביב קומה 6/רציפים-תל אביב יפו<->מסוף רעננה/הפנינה-רעננה-2#,19047,2,#,מטרופולין,3,19047
144866957,8960670,4548201_210526,2026-05-21T13:20:00+00:00,2026-05-21T14:25:59+00:00,2026-05-21,7700,15,47,ת.מרכזית תל אביב קומה 6/רציפים-תל אביב יפו<->מסוף רעננה/הפנינה-רעננה-2#,19047,2,#,מטרופולין,3,19047
144866948,8960669,2200470_210526,2026-05-21T13:20:00+00:00,2026-05-21T14:25:59+00:00,2026-05-21,7699,15,47,מסוף רעננה/הפנינה-רעננה<->ת.מרכזית תל אביב קומה 6/הורדה-תל אביב יפו-1#,19047,1,#,מטרופולין,3,19047
144586850,8941820,2200848_170526,2026-05-18T02:00:00+00:00,2026-05-18T03:22:58+00:00,2026-05-18,7701,15,48,דפנה/התדהר-רעננה<->מסוף כרמלית/הכרמל-תל אביב יפו-1#,20048,1,#,מטרופולין,3,20048
144590162,8941820,585012952_170526,2026-05-18T02:05:00+00:00,2026-05-18T03:27:58+00:00,2026-05-18,7701,15,48,דפנה/התדהר-רעננה<->מסוף כרמלית/הכרמל-תל אביב יפו-1#,20048,1,#,מטרופולין,3,20048
144588739,8941820,2887784_170526,2026-05-18T02:10:00+00:00,2026-05-18T03:32:58+00:00,2026-05-18,7701,15,48,דפנה/התדהר-רעננה<->מסוף כרמלית/הכרמל-תל אביב יפו-1#,20048,1,#,מטרופולין,3,20048
144553245,8941820,46656355_170526,2026-05-18T02:15:00+00:00,2026-05-18T03:37:58+00:00,2026-05-18,7701,15,48,דפנה/התדהר-רעננה<->מסוף כרמלית/הכרמל-תל אביב יפו-1#,20048,1,#,מטרופולין,3,20048
144587755,8941820,2200849_170526,2026-05-18T02:25:00+00:00,2026-05-18T03:47:58+00:00,2026-05-18,7701,15,48,דפנה/התדהר-רעננה<->מסוף כרמלית/הכרמל-תל אביב יפו-1#,20048,1,#,מטרופולין,3,20048
144590158,8941820,2887574_170526,2026-05-18T02:45:00+00:00,2026-05-18T04:07:58+00:00,2026-05-18,7701,15,48,דפנה/התדהר-רעננה<->מסוף כרמלית/הכרמל-תל אביב יפו-1#,20048,1,#,מטרופולין,3,20048
144553247,8941821,2201196_170526,2026-05-18T02:45:00+00:00,2026-05-18T04:08:51+00:00,2026-05-18,7704,15,48,מסוף כרמלית/הכרמל-תל אביב יפו<->דפנה/התדהר-רעננה-2#,20048,2,#,מטרופולין,3,20048
144590171,8941821,33026941_170526,2026-05-18T03:00:00+00:00,2026-05-18T04:23:51+00:00,2026-05-18,7704,15,48,מסוף כרמלית/הכרמל-תל אביב יפו<->דפנה/התדהר-רעננה-2#,20048,2,#,מטרופולין,3,20048
144553242,8941820,33026801_170526,2026-05-18T03:00:00+00:00,2026-05-18T04:22:58+00:00,2026-05-18,7701,15,48,דפנה/התדהר-רעננה<->מסוף כרמלית/הכרמל-תל אביב יפו-1#,20048,1,#,מטרופולין,3,20048
144590161,8941820,46656358_170526,2026-05-18T03:15:00+00:00,2026-05-18T04:37:58+00:00,2026-05-18,7701,15,48,דפנה/התדהר-רעננה<->מסוף כרמלית/הכרמל-תל אביב יפו-1#,20048,1,#,מטרופולין,3,20048
144589468,8941821,22760966_170526,2026-05-18T03:15:00+00:00,2026-05-18T04:38:51+00:00,2026-05-18,7704,15,48,מסוף כרמלית/הכרמל-תל אביב יפו<->דפנה/התדהר-רעננה-2#,20048,2,#,מטרופולין,3,20048
144590185,8941821,22760967_170526,2026-05-18T03:30:00+00:00,2026-05-18T04:53:51+00:00,2026-05-18,7704,15,48,מסוף כרמלית/הכרמל-תל אביב יפו<->דפנה/התדהר-רעננה-2#,20048,2,#,מטרופולין,3,20048
144588740,8941820,2887802_170526,2026-05-18T03:30:00+00:00,2026-05-18T04:52:58+00:00,2026-05-18,7701,15,48,דפנה/התדהר-רעננה<->מסוף כרמלית/הכרמל-תל אביב יפו-1#,20048,1,#,מטרופולין,3,20048
144588729,8941820,27541001_170526,2026-05-18T03:45:00+00:00,2026-05-18T05:07:58+00:00,2026-05-18,7701,15,48,דפנה/התדהר-רעננה<->מסוף כרמלית/הכרמל-תל אביב יפו-1#,20048,1,#,מטרופולין,3,20048
144586886,8941821,8670071_170526,2026-05-18T03:45:00+00:00,2026-05-18T05:08:51+00:00,2026-05-18,7704,15,48,מסוף כרמלית/הכרמל-תל אביב יפו<->דפנה/התדהר-רעננה-2#,20048,2,#,מטרופולין,3,20048
144588742,8941820,33026803_170526,2026-05-18T04:00:00+00:00,2026-05-18T05:22:58+00:00,2026-05-18,7701,15,48,דפנה/התדהר-רעננה<->מסוף כרמלית/הכרמל-תל אביב יפו-1#,20048,1,#,מטרופולין,3,20048
144586860,8941821,22760969_170526,2026-05-18T04:00:00+00:00,2026-05-18T05:23:51+00:00,2026-05-18,7704,15,48,מסוף כרמלית/הכרמל-תל אביב יפו<->דפנה/התדהר-רעננה-2#,20048,2,#,מטרופולין,3,20048
144590168,8941821,22760970_170526,2026-05-18T04:15:00+00:00,2026-05-18T05:38:51+00:00,2026-05-18,7704,15,48,מסוף כרמלית/הכרמל-תל אביב יפו<->דפנה/התדהר-רעננה-2#,20048,2,#,מטרופולין,3,20048
144588743,8941820,4549061_170526,2026-05-18T04:15:00+00:00,2026-05-18T05:37:58+00:00,2026-05-18,7701,15,48,דפנה/התדהר-רעננה<->מסוף כרמלית/הכרמל-תל אביב יפו-1#,20048,1,#,מטרופולין,3,20048
144590186,8941821,22760971_170526,2026-05-18T04:30:00+00:00,2026-05-18T05:53:51+00:00,2026-05-18,7704,15,48,מסוף כרמלית/הכרמל-תל אביב יפו<->דפנה/התדהר-רעננה-2#,20048,2,#,מטרופולין,3,20048
144553244,8941820,4549066_170526,2026-05-18T04:30:00+00:00,2026-05-18T05:52:58+00:00,2026-05-18,7701,15,48,דפנה/התדהר-רעננה<->מסוף כרמלית/הכרמל-תל אביב יפו-1#,20048,1,#,מטרופולין,3,20048
144590156,8941820,2200858_170526,2026-05-18T04:45:00+00:00,2026-05-18T06:07:58+00:00,2026-05-18,7701,15,48,דפנה/התדהר-רעננה<->מסוף כרמלית/הכרמל-תל אביב יפו-1#,20048,1,#,מטרופולין,3,20048
144586942,8941821,22760972_170526,2026-05-18T04:45:00+00:00,2026-05-18T06:08:51+00:00,2026-05-18,7704,15,48,מסוף כרמלית/הכרמל-תל אביב יפו<->דפנה/התדהר-רעננה-2#,20048,2,#,מטרופולין,3,20048
144590174,8941821,4549332_170526,2026-05-18T05:00:00+00:00,2026-05-18T06:23:51+00:00,2026-05-18,7704,15,48,מסוף כרמלית/הכרמל-תל אביב יפו<->דפנה/התדהר-רעננה-2#,20048,2,#,מטרופולין,3,20048
144590169,8941821,22760974_170526,2026-05-18T05:15:00+00:00,2026-05-18T06:38:51+00:00,2026-05-18,7704,15,48,מסוף כרמלית/הכרמל-תל אביב יפו<->דפנה/התדהר-רעננה-2#,20048,2,#,מטרופולין,3,20048
144587758,8941820,32985341_170526,2026-05-18T05:15:00+00:00,2026-05-18T06:37:58+00:00,2026-05-18,7701,15,48,דפנה/התדהר-רעננה<->מסוף כרמלית/הכרמל-תל אביב יפו-1#,20048,1,#,מטרופולין,3,20048
144589469,8941821,22760975_170526,2026-05-18T05:30:00+00:00,2026-05-18T06:53:51+00:00,2026-05-18,7704,15,48,מסוף כרמלית/הכרמל-תל אביב יפו<->דפנה/התדהר-רעננה-2#,20048,2,#,מטרופולין,3,20048
144553241,8941820,32985342_170526,2026-05-18T05:30:00+00:00,2026-05-18T06:52:58+00:00,2026-05-18,7701,15,48,דפנה/התדהר-רעננה<->מסוף כרמלית/הכרמל-תל אביב יפו-1#,20048,1,#,מטרופולין,3,20048
144587759,8941820,32985343_170526,2026-05-18T05:45:00+00:00,2026-05-18T07:07:58+00:00,2026-05-18,7701,15,48,דפנה/התדהר-רעננה<->מסוף כרמלית/הכרמל-תל אביב יפו-1#,20048,1,#,מטרופולין,3,20048
144586943,8941821,22760976_170526,2026-05-18T05:45:00+00:00,2026-05-18T07:08:51+00:00,2026-05-18,7704,15,48,מסוף כרמלית/הכרמל-תל אביב יפו<->דפנה/התדהר-רעננה-2#,20048,2,#,מטרופולין,3,20048
144590009,8941820,2887634_170526,2026-05-18T06:00:00+00:00,2026-05-18T07:22:58+00:00,2026-05-18,7701,15,48,דפנה/התדהר-רעננה<->מסוף כרמלית/הכרמל-תל אביב יפו-1#,20048,1,#,מטרופולין,3,20048
144586945,8941821,4549342_170526,2026-05-18T06:00:00+00:00,2026-05-18T07:23:51+00:00,2026-05-18,7704,15,48,מסוף כרמלית/הכרמל-תל אביב יפו<->דפנה/התדהר-רעננה-2#,20048,2,#,מטרופולין,3,20048
144587767,8941821,40323469_170526,2026-05-18T06:15:00+00:00,2026-05-18T07:38:51+00:00,2026-05-18,7704,15,48,מסוף כרמלית/הכרמל-תל אביב יפו<->דפנה/התדהר-רעננה-2#,20048,2,#,מטרופולין,3,20048
144587757,8941820,2887862_170526,2026-05-18T06:15:00+00:00,2026-05-18T07:37:58+00:00,2026-05-18,7701,15,48,דפנה/התדהר-רעננה<->מסוף כרמלית/הכרמל-תל אביב יפו-1#,20048,1,#,מטרופולין,3,20048
144586851,8941820,2200864_170526,2026-05-18T06:30:00+00:00,2026-05-18T07:52:58+00:00,2026-05-18,7701,15,48,דפנה/התדהר-רעננה<->מסוף כרמלית/הכרמל-תל אביב יפו-1#,20048,1,#,מטרופולין,3,20048
144553248,8941821,2201210_170526,2026-05-18T06:30:00+00:00,2026-05-18T07:53:51+00:00,2026-05-18,7704,15,48,מסוף כרמלית/הכרמל-תל אביב יפו<->דפנה/התדהר-רעננה-2#,20048,2,#,מטרופולין,3,20048
144588857,8941821,27541163_170526,2026-05-18T06:45:00+00:00,2026-05-18T08:08:51+00:00,2026-05-18,7704,15,48,מסוף כרמלית/הכרמל-תל אביב יפו<->דפנה/התדהר-רעננה-2#,20048,2,#,מטרופולין,3,20048
144586841,8941820,2887874_170526,2026-05-18T06:45:00+00:00,2026-05-18T08:07:58+00:00,2026-05-18,7701,15,48,דפנה/התדהר-רעננה<->מסוף כרמלית/הכרמל-תל אביב יפו-1#,20048,1,#,מטרופולין,3,20048
144587770,8941821,4549357_170526,2026-05-18T07:00:00+00:00,2026-05-18T08:23:51+00:00,2026-05-18,7704,15,48,מסוף כרמלית/הכרמל-תל אביב יפו<->דפנה/התדהר-רעננה-2#,20048,2,#,מטרופולין,3,20048
144587760,8941820,4549096_170526,2026-05-18T07:00:00+00:00,2026-05-18T08:22:58+00:00,2026-05-18,7701,15,48,דפנה/התדהר-רעננה<->מסוף כרמלית/הכרמל-תל אביב יפו-1#,20048,1,#,מטרופולין,3,20048
144590210,8941821,22760980_170526,2026-05-18T07:15:00+00:00,2026-05-18T08:38:51+00:00,2026-05-18,7704,15,48,מסוף כרמלית/הכרמל-תל אביב יפו<->דפנה/התדהר-רעננה-2#,20048,2,#,מטרופולין,3,20048
144590012,8941820,4549101_170526,2026-05-18T07:20:00+00:00,2026-05-18T08:42:58+00:00,2026-05-18,7701,15,48,דפנה/התדהר-רעננה<->מסוף כרמלית/הכרמל-תל אביב יפו-1#,20048,1,#,מטרופולין,3,20048
144588855,8941821,2201213_170526,2026-05-18T07:30:00+00:00,2026-05-18T08:53:51+00:00,2026-05-18,7704,15,48,מסוף כרמלית/הכרמל-תל אביב יפו<->דפנה/התדהר-רעננה-2#,20048,2,#,מטרופולין,3,20048
144588744,8941820,4549106_170526,2026-05-18T07:40:00+00:00,2026-05-18T09:02:58+00:00,2026-05-18,7701,15,48,דפנה/התדהר-רעננה<->מסוף כרמלית/הכרמל-תל אביב יפו-1#,20048,1,#,מטרופולין,3,20048
144586858,8941821,2201214_170526,2026-05-18T07:50:00+00:00,2026-05-18T09:13:51+00:00,2026-05-18,7704,15,48,מסוף כרמלית/הכרמל-תל אביב יפו<->דפנה/התדהר-רעננה-2#,20048,2,#,מטרופולין,3,20048
144589444,8941820,2200869_170526,2026-05-18T08:00:00+00:00,2026-05-18T09:22:58+00:00,2026-05-18,7701,15,48,דפנה/התדהר-רעננה<->מסוף כרמלית/הכרמל-תל אביב יפו-1#,20048,1,#,מטרופולין,3,20048
144589467,8941821,2201215_170526,2026-05-18T08:10:00+00:00,2026-05-18T09:33:51+00:00,2026-05-18,7704,15,48,מסוף כרמלית/הכרמל-תל אביב יפו<->דפנה/התדהר-רעננה-2#,20048,2,#,מטרופולין,3,20048
144590157,8941820,2200870_170526,2026-05-18T08:20:00+00:00,2026-05-18T09:42:58+00:00,2026-05-18,7701,15,48,דפנה/התדהר-רעננה<->מסוף כרמלית/הכרמל-תל אביב יפו-1#,20048,1,#,מטרופולין,3,20048
144553249,8941821,2201216_170526,2026-05-18T08:30:00+00:00,2026-05-18T09:53:51+00:00,2026-05-18,7704,15,48,מסוף כרמלית/הכרמל-תל אביב יפו<->דפנה/התדהר-רעננה-2#,20048,2,#,מטרופולין,3,20048
144588728,8941820,2200871_170526,2026-05-18T08:40:00+00:00,2026-05-18T10:02:58+00:00,2026-05-18,7701,15,48,דפנה/התדהר-רעננה<->מסוף כרמלית/הכרמל-תל אביב יפו-1#,20048,1,#,מטרופולין,3,20048
144590166,8941821,2201217_170526,2026-05-18T08:50:00+00:00,2026-05-18T10:13:51+00:00,2026-05-18,7704,15,48,מסוף כרמלית/הכרמל-תל אביב יפו<->דפנה/התדהר-רעננה-2#,20048,2,#,מטרופולין,3,20048
144589445,8941820,2200872_170526,2026-05-18T09:00:00+00:00,2026-05-18T10:22:58+00:00,2026-05-18,7701,15,48,דפנה/התדהר-רעננה<->מסוף כרמלית/הכרמל-תל אביב יפו-1#,20048,1,#,מטרופולין,3,20048
144588856,8941821,2201219_170526,2026-05-18T09:10:00+00:00,2026-05-18T10:33:51+00:00,2026-05-18,7704,15,48,מסוף כרמלית/הכרמל-תל אביב יפו<->דפנה/התדהר-רעננה-2#,20048,2,#,מטרופולין,3,20048
144553237,8941820,2200874_170526,2026-05-18T09:20:00+00:00,2026-05-18T10:42:58+00:00,2026-05-18,7701,15,48,דפנה/התדהר-רעננה<->מסוף כרמלית/הכרמל-תל אביב יפו-1#,20048,1,#,מטרופולין,3,20048
144589470,8941821,4549392_170526,2026-05-18T09:30:00+00:00,2026-05-18T10:53:51+00:00,2026-05-18,7704,15,48,מסוף כרמלית/הכרמל-תל אביב יפו<->דפנה/התדהר-רעננה-2#,20048,2,#,מטרופולין,3,20048
144553238,8941820,2200876_170526,2026-05-18T09:40:00+00:00,2026-05-18T11:02:58+00:00,2026-05-18,7701,15,48,דפנה/התדהר-רעננה<->מסוף כרמלית/הכרמל-תל אביב יפו-1#,20048,1,#,מטרופולין,3,20048
144589493,8941821,45790284_170526,2026-05-18T09:50:00+00:00,2026-05-18T11:13:51+00:00,2026-05-18,7704,15,48,מסוף כרמלית/הכרמל-תל אביב יפו<->דפנה/התדהר-רעננה-2#,20048,2,#,מטרופולין,3,20048
144588731,8941820,2887712_170526,2026-05-18T10:00:00+00:00,2026-05-18T11:22:58+00:00,2026-05-18,7701,15,48,דפנה/התדהר-רעננה<->מסוף כרמלית/הכרמל-תל אביב יפו-1#,20048,1,#,מטרופולין,3,20048
144586946,8941821,45790285_170526,2026-05-18T10:10:00+00:00,2026-05-18T11:33:51+00:00,2026-05-18,7704,15,48,מסוף כרמלית/הכרמל-תל אביב יפו<->דפנה/התדהר-רעננה-2#,20048,2,#,מטרופולין,3,20048
144553239,8941820,2200879_170526,2026-05-18T10:20:00+00:00,2026-05-18T11:42:58+00:00,2026-05-18,7701,15,48,דפנה/התדהר-רעננה<->מסוף כרמלית/הכרמל-תל אביב יפו-1#,20048,1,#,מטרופולין,3,20048
144590172,8941821,33026956_170526,2026-05-18T10:30:00+00:00,2026-05-18T11:53:51+00:00,2026-05-18,7704,15,48,מסוף כרמלית/הכרמל-תל אביב יפו<->דפנה/התדהר-רעננה-2#,20048,2,#,מטרופולין,3,20048
144587756,8941820,2887724_170526,2026-05-18T10:40:00+00:00,2026-05-18T12:02:58+00:00,2026-05-18,7701,15,48,דפנה/התדהר-רעננה<->מסוף כרמלית/הכרמל-תל אביב יפו-1#,20048,1,#,מטרופולין,3,20048
144586881,8941821,45790287_170526,2026-05-18T10:50:00+00:00,2026-05-18T12:13:51+00:00,2026-05-18,7704,15,48,מסוף כרמלית/הכרמל-תל אביב יפו<->דפנה/התדהר-רעננה-2#,20048,2,#,מטרופולין,3,20048
144586839,8941820,2887730_170526,2026-05-18T11:00:00+00:00,2026-05-18T12:22:58+00:00,2026-05-18,7701,15,48,דפנה/התדהר-רעננה<->מסוף כרמלית/הכרמל-תל אביב יפו-1#,20048,1,#,מטרופולין,3,20048
144590176,8941821,45790288_170526,2026-05-18T11:10:00+00:00,2026-05-18T12:33:51+00:00,2026-05-18,7704,15,48,מסוף כרמלית/הכרמל-תל אביב יפו<->דפנה/התדהר-רעננה-2#,20048,2,#,מטרופולין,3,20048
144553240,8941820,2887736_170526,2026-05-18T11:20:00+00:00,2026-05-18T12:42:58+00:00,2026-05-18,7701,15,48,דפנה/התדהר-רעננה<->מסוף כרמלית/הכרמל-תל אביב יפו-1#,20048,1,#,מטרופולין,3,20048
144590214,8941821,33026958_170526,2026-05-18T11:30:00+00:00,2026-05-18T12:53:51+00:00,2026-05-18,7704,15,48,מסוף כרמלית/הכרמל-תל אביב יפו<->דפנה/התדהר-רעננה-2#,20048,2,#,מטרופולין,3,20048
144590159,8941820,2887742_170526,2026-05-18T11:40:00+00:00,2026-05-18T13:02:58+00:00,2026-05-18,7701,15,48,דפנה/התדהר-רעננה<->מסוף כרמלית/הכרמל-תל אביב יפו-1#,20048,1,#,מטרופולין,3,20048
144588858,8941821,27541177_170526,2026-05-18T11:50:00+00:00,2026-05-18T13:13:51+00:00,2026-05-18,7704,15,48,מסוף כרמלית/הכרמל-תל אביב יפו<->דפנה/התדהר-רעננה-2#,20048,2,#,מטרופולין,3,20048
144590011,8941820,3318822_170526,2026-05-18T12:00:00+00:00,2026-05-18T13:22:58+00:00,2026-05-18,7701,15,48,דפנה/התדהר-רעננה<->מסוף כרמלית/הכרמל-תל אביב יפו-1#,20048,1,#,מטרופולין,3,20048
144553253,8941821,45790291_170526,2026-05-18T12:10:00+00:00,2026-05-18T13:33:51+00:00,2026-05-18,7704,15,48,מסוף כרמלית/הכרמל-תל אביב יפו<->דפנה/התדהר-רעננה-2#,20048,2,#,מטרופולין,3,20048
144587765,8941821,2201233_170526,2026-05-18T12:25:00+00:00,2026-05-18T13:48:51+00:00,2026-05-18,7704,15,48,מסוף כרמלית/הכרמל-תל אביב יפו<->דפנה/התדהר-רעננה-2#,20048,2,#,מטרופולין,3,20048
144590010,8941820,2887754_170526,2026-05-18T12:30:00+00:00,2026-05-18T13:52:58+00:00,2026-05-18,7701,15,48,דפנה/התדהר-רעננה<->מסוף כרמלית/הכרמל-תל אביב יפו-1#,20048,1,#,מטרופולין,3,20048
144590175,8941821,4549417_170526,2026-05-18T12:40:00+00:00,2026-05-18T14:03:51+00:00,2026-05-18,7704,15,48,מסוף כרמלית/הכרמל-תל אביב יפו<->דפנה/התדהר-רעננה-2#,20048,2,#,מטרופולין,3,20048
144586857,8941820,46656395_170526,2026-05-18T12:45:00+00:00,2026-05-18T14:07:58+00:00,2026-05-18,7701,15,48,דפנה/התדהר-רעננה<->מסוף כרמלית/הכרמל-תל אביב יפו-1#,20048,1,#,מטרופולין,3,20048
144586859,8941821,2201235_170526,2026-05-18T12:55:00+00:00,2026-05-18T14:18:51+00:00,2026-05-18,7704,15,48,מסוף כרמלית/הכרמל-תל אביב יפו<->דפנה/התדהר-רעננה-2#,20048,2,#,מטרופולין,3,20048
144590160,8941820,3318825_170526,2026-05-18T13:00:00+00:00,2026-05-18T14:22:58+00:00,2026-05-18,7701,15,48,דפנה/התדהר-רעננה<->מסוף כרמלית/הכרמל-תל אביב יפו-1#,20048,1,#,מטרופולין,3,20048
144588859,8941821,45790294_170526,2026-05-18T13:10:00+00:00,2026-05-18T14:33:51+00:00,2026-05-18,7704,15,48,מסוף כרמלית/הכרמל-תל אביב יפו<->דפנה/התדהר-רעננה-2#,20048,2,#,מטרופולין,3,20048
144589447,8941820,3319031_170526,2026-05-18T13:15:00+00:00,2026-05-18T14:37:58+00:00,2026-05-18,7701,15,48,דפנה/התדהר-רעננה<->מסוף כרמלית/הכרמל-תל אביב יפו-1#,20048,1,#,מטרופולין,3,20048
144590170,8941821,27541187_170526,2026-05-18T13:25:00+00:00,2026-05-18T14:48:51+00:00,2026-05-18,7704,15,48,מסוף כרמלית/הכרמל-תל אביב יפו<->דפנה/התדהר-רעננה-2#,20048,2,#,מטרופולין,3,20048
144586854,8941820,3319032_170526,2026-05-18T13:30:00+00:00,2026-05-18T14:52:58+00:00,2026-05-18,7701,15,48,דפנה/התדהר-רעננה<->מסוף כרמלית/הכרמל-תל אביב יפו-1#,20048,1,#,מטרופולין,3,20048
144590165,8941821,16954507_170526,2026-05-18T13:40:00+00:00,2026-05-18T15:03:51+00:00,2026-05-18,7704,15,48,מסוף כרמלית/הכרמל-תל אביב יפו<->דפנה/התדהר-רעננה-2#,20048,2,#,מטרופולין,3,20048
144590211,8941821,22761001_170526,2026-05-18T13:55:00+00:00,2026-05-18T15:18:51+00:00,2026-05-18,7704,15,48,מסוף כרמלית/הכרמל-תל אביב יפו<->דפנה/התדהר-רעננה-2#,20048,2,#,מטרופולין,3,20048
144589446,8941820,2887982_170526,2026-05-18T14:00:00+00:00,2026-05-18T15:22:58+00:00,2026-05-18,7701,15,48,דפנה/התדהר-רעננה<->מסוף כרמלית/הכרמל-תל אביב יפו-1#,20048,1,#,מטרופולין,3,20048
144586940,8941821,2201241_170526,2026-05-18T14:10:00+00:00,2026-05-18T15:33:51+00:00,2026-05-18,7704,15,48,מסוף כרמלית/הכרמל-תל אביב יפו<->דפנה/התדהר-רעננה-2#,20048,2,#,מטרופולין,3,20048
144586840,8941820,2887778_170526,2026-05-18T14:15:00+00:00,2026-05-18T15:37:58+00:00,2026-05-18,7701,15,48,דפנה/התדהר-רעננה<->מסוף כרמלית/הכרמל-תל אביב יפו-1#,20048,1,#,מטרופולין,3,20048
144586863,8941821,27541191_170526,2026-05-18T14:25:00+00:00,2026-05-18T15:48:51+00:00,2026-05-18,7704,15,48,מסוף כרמלית/הכרמל-תל אביב יפו<->דפנה/התדהר-רעננה-2#,20048,2,#,מטרופולין,3,20048
144586852,8941820,3318829_170526,2026-05-18T14:30:00+00:00,2026-05-18T15:52:58+00:00,2026-05-18,7701,15,48,דפנה/התדהר-רעננה<->מסוף כרמלית/הכרמל-תל אביב יפו-1#,20048,1,#,מטרופולין,3,20048
144553246,8941820,46656403_170526,2026-05-18T14:45:00+00:00,2026-05-18T16:07:58+00:00,2026-05-18,7701,15,48,דפנה/התדהר-רעננה<->מסוף כרמלית/הכרמל-תל אביב יפו-1#,20048,1,#,מטרופולין,3,20048
144586861,8941821,22761004_170526,2026-05-18T14:55:00+00:00,2026-05-18T16:18:51+00:00,2026-05-18,7704,15,48,מסוף כרמלית/הכרמל-תל אביב יפו<->דפנה/התדהר-רעננה-2#,20048,2,#,מטרופולין,3,20048
144553243,8941820,3318830_170526,2026-05-18T15:00:00+00:00,2026-05-18T16:22:58+00:00,2026-05-18,7701,15,48,דפנה/התדהר-רעננה<->מסוף כרמלית/הכרמל-תל אביב יפו-1#,20048,1,#,מטרופולין,3,20048
144588745,8941820,4549196_170526,2026-05-18T15:15:00+00:00,2026-05-18T16:37:58+00:00,2026-05-18,7701,15,48,דפנה/התדהר-רעננה<->מסוף כרמלית/הכרמל-תל אביב יפו-1#,20048,1,#,מטרופולין,3,20048
144553251,8941821,27541195_170526,2026-05-18T15:25:00+00:00,2026-05-18T16:48:51+00:00,2026-05-18,7704,15,48,מסוף כרמלית/הכרמל-תל אביב יפו<->דפנה/התדהר-רעננה-2#,20048,2,#,מטרופולין,3,20048
144586856,8941820,4549201_170526,2026-05-18T15:30:00+00:00,2026-05-18T16:52:58+00:00,2026-05-18,7701,15,48,דפנה/התדהר-רעננה<->מסוף כרמלית/הכרמל-תל אביב יפו-1#,20048,1,#,מטרופולין,3,20048
144588840,8941821,16954537_170526,2026-05-18T15:40:00+00:00,2026-05-18T17:03:51+00:00,2026-05-18,7704,15,48,מסוף כרמלית/הכרמל-תל אביב יפו<->דפנה/התדהר-רעננה-2#,20048,2,#,מטרופולין,3,20048
144589448,8941820,4549206_170526,2026-05-18T15:45:00+00:00,2026-05-18T17:07:58+00:00,2026-05-18,7701,15,48,דפנה/התדהר-רעננה<->מסוף כרמלית/הכרמל-תל אביב יפו-1#,20048,1,#,מטרופולין,3,20048
144588860,8941821,584906903_170526,2026-05-18T15:55:00+00:00,2026-05-18T17:18:51+00:00,2026-05-18,7704,15,48,מסוף כרמלית/הכרמל-תל אביב יפו<->דפנה/התדהר-רעננה-2#,20048,2,#,מטרופולין,3,20048
144588746,8941820,4549211_170526,2026-05-18T16:00:00+00:00,2026-05-18T17:22:58+00:00,2026-05-18,7701,15,48,דפנה/התדהר-רעננה<->מסוף כרמלית/הכרמל-תל אביב יפו-1#,20048,1,#,מטרופולין,3,20048
144553252,8941821,4549472_170526,2026-05-18T16:10:00+00:00,2026-05-18T17:33:51+00:00,2026-05-18,7704,15,48,מסוף כרמלית/הכרמל-תל אביב יפו<->דפנה/התדהר-רעננה-2#,20048,2,#,מטרופולין,3,20048
144553250,8941821,22761008_170526,2026-05-18T16:25:00+00:00,2026-05-18T17:48:51+00:00,2026-05-18,7704,15,48,מסוף כרמלית/הכרמל-תל אביב יפו<->דפנה/התדהר-רעננה-2#,20048,2,#,מטרופולין,3,20048
144587761,8941820,585887773_170526,2026-05-18T16:40:00+00:00,2026-05-18T18:02:58+00:00,2026-05-18,7701,15,48,דפנה/התדהר-רעננה<->מסוף כרמלית/הכרמל-תל אביב יפו-1#,20048,1,#,מטרופולין,3,20048
144586941,8941821,2201250_170526,2026-05-18T16:40:00+00:00,2026-05-18T18:03:51+00:00,2026-05-18,7704,15,48,מסוף כרמלית/הכרמל-תל אביב יפו<->דפנה/התדהר-רעננה-2#,20048,2,#,מטרופולין,3,20048
144590177,8941821,584906905_170526,2026-05-18T16:55:00+00:00,2026-05-18T18:18:51+00:00,2026-05-18,7704,15,48,מסוף כרמלית/הכרמל-תל אביב יפו<->דפנה/התדהר-רעננה-2#,20048,2,#,מטרופולין,3,20048
144586855,8941820,44978831_170526,2026-05-18T17:00:00+00:00,2026-05-18T18:22:58+00:00,2026-05-18,7701,15,48,דפנה/התדהר-רעננה<->מסוף כרמלית/הכרמל-תל אביב יפו-1#,20048,1,#,מטרופולין,3,20048
144590167,8941821,2201252_170526,2026-05-18T17:15:00+00:00,2026-05-18T18:38:51+00:00,2026-05-18,7704,15,48,מסוף כרמלית/הכרמל-תל אביב יפו<->דפנה/התדהר-רעננה-2#,20048,2,#,מטרופולין,3,20048
144590164,8941820,585887774_170526,2026-05-18T17:20:00+00:00,2026-05-18T18:42:58+00:00,2026-05-18,7701,15,48,דפנה/התדהר-רעננה<->מסוף כרמלית/הכרמל-תל אביב יפו-1#,20048,1,#,מטרופולין,3,20048
144586880,8941821,32985416_170526,2026-05-18T17:35:00+00:00,2026-05-18T18:58:51+00:00,2026-05-18,7704,15,48,מסוף כרמלית/הכרמל-תל אביב יפו<->דפנה/התדהר-רעננה-2#,20048,2,#,מטרופולין,3,20048
144588730,8941820,27541045_170526,2026-05-18T17:40:00+00:00,2026-05-18T19:02:58+00:00,2026-05-18,7701,15,48,דפנה/התדהר-רעננה<->מסוף כרמלית/הכרמל-תל אביב יפו-1#,20048,1,#,מטרופולין,3,20048
144586862,8941821,22761011_170526,2026-05-18T17:45:00+00:00,2026-05-18T19:08:51+00:00,2026-05-18,7704,15,48,מסוף כרמלית/הכרמל-תל אביב יפו<->דפנה/התדהר-רעננה-2#,20048,2,#,מטרופולין,3,20048
144590215,8941821,584906906_170526,2026-05-18T17:55:00+00:00,2026-05-18T19:18:51+00:00,2026-05-18,7704,15,48,מסוף כרמלית/הכרמל-תל אביב יפו<->דפנה/התדהר-רעננה-2#,20048,2,#,מטרופולין,3,20048
144590163,8941820,585238592_170526,2026-05-18T18:05:00+00:00,2026-05-18T19:27:58+00:00,2026-05-18,7701,15,48,דפנה/התדהר-רעננה<->מסוף כרמלית/הכרמל-תל אביב יפו-1#,20048,1,#,מטרופולין,3,20048
144590173,8941821,40323493_170526,2026-05-18T18:15:00+00:00,2026-05-18T19:38:51+00:00,2026-05-18,7704,15,48,מסוף כרמלית/הכרמל-תל אביב יפו<->דפנה/התדהר-רעננה-2#,20048,2,#,מטרופולין,3,20048
144586853,8941820,44978834_170526,2026-05-18T18:30:00+00:00,2026-05-18T19:52:58+00:00,2026-05-18,7701,15,48,דפנה/התדהר-רעננה<->מסוף כרמלית/הכרמל-תל אביב יפו-1#,20048,1,#,מטרופולין,3,20048
144553255,8941821,585511830_170526,2026-05-18T18:35:00+00:00,2026-05-18T19:58:51+00:00,2026-05-18,7704,15,48,מסוף כרמלית/הכרמל-תל אביב יפו<->דפנה/התדהר-רעננה-2#,20048,2,#,מטרופולין,3,20048
144553254,8941821,584906907_170526,2026-05-18T18:55:00+00:00,2026-05-18T20:18:51+00:00,2026-05-18,7704,15,48,מסוף כרמלית/הכרמל-תל אביב יפו<->דפנה/התדהר-רעננה-2#,20048,2,#,מטרופולין,3,20048
144586944,8941821,40323495_170526,2026-05-18T19:15:00+00:00,2026-05-18T20:38:51+00:00,2026-05-18,7704,15,48,מסוף כרמלית/הכרמל-תל אביב יפו<->דפנה/התדהר-רעננה-2#,20048,2,#,מטרופולין,3,20048
144589494,8941821,585888205_170526,2026-05-18T19:35:00+00:00,2026-05-18T20:58:51+00:00,2026-05-18,7704,15,48,מסוף כרמלית/הכרמל-תל אביב יפו<->דפנה/התדהר-רעננה-2#,20048,2,#,מטרופולין,3,20048
144588861,8941821,585995614_170526,2026-05-18T19:40:00+00:00,2026-05-18T21:03:51+00:00,2026-05-18,7704,15,48,מסוף כרמלית/הכרמל-תל אביב יפו<->דפנה/התדהר-רעננה-2#,20048,2,#,מטרופולין,3,20048
144587781,8941821,46656757_170526,2026-05-18T19:45:00+00:00,2026-05-18T21:08:51+00:00,2026-05-18,7704,15,48,מסוף כרמלית/הכרמל-תל אביב יפו<->דפנה/התדהר-רעננה-2#,20048,2,#,מטרופולין,3,20048
144587766,8941821,39873289_170526,2026-05-18T19:55:00+00:00,2026-05-18T21:18:51+00:00,2026-05-18,7704,15,48,מסוף כרמלית/הכרמל-תל אביב יפו<->דפנה/התדהר-רעננה-2#,20048,2,#,מטרופולין,3,20048
144615017,8948235,2200848_180526,2026-05-19T02:00:00+00:00,2026-05-19T03:22:58+00:00,2026-05-19,7701,15,48,דפנה/התדהר-רעננה<->מסוף כרמלית/הכרמל-תל אביב יפו-1#,20048,1,#,מטרופולין,3,20048
144616108,8948235,585012952_180526,2026-05-19T02:05:00+00:00,2026-05-19T03:27:58+00:00,2026-05-19,7701,15,48,דפנה/התדהר-רעננה<->מסוף כרמלית/הכרמל-תל אביב יפו-1#,20048,1,#,מטרופולין,3,20048
144728957,8948235,2887784_180526,2026-05-19T02:10:00+00:00,2026-05-19T03:32:58+00:00,2026-05-19,7701,15,48,דפנה/התדהר-רעננה<->מסוף כרמלית/הכרמל-תל אביב יפו-1#,20048,1,#,מטרופולין,3,20048
144697079,8948235,46656355_180526,2026-05-19T02:15:00+00:00,2026-05-19T03:37:58+00:00,2026-05-19,7701,15,48,דפנה/התדהר-רעננה<->מסוף כרמלית/הכרמל-תל אביב יפו-1#,20048,1,#,מטרופולין,3,20048
144615018,8948235,2200849_180526,2026-05-19T02:25:00+00:00,2026-05-19T03:47:58+00:00,2026-05-19,7701,15,48,דפנה/התדהר-רעננה<->מסוף כרמלית/הכרמל-תל אביב יפו-1#,20048,1,#,מטרופולין,3,20048
144728036,8948236,2201196_180526,2026-05-19T02:45:00+00:00,2026-05-19T04:08:51+00:00,2026-05-19,7704,15,48,מסוף כרמלית/הכרמל-תל אביב יפו<->דפנה/התדהר-רעננה-2#,20048,2,#,מטרופולין,3,20048
144697075,8948235,2887574_180526,2026-05-19T02:45:00+00:00,2026-05-19T04:07:58+00:00,2026-05-19,7701,15,48,דפנה/התדהר-רעננה<->מסוף כרמלית/הכרמל-תל אביב יפו-1#,20048,1,#,מטרופולין,3,20048
144697083,8948236,33026941_180526,2026-05-19T03:00:00+00:00,2026-05-19T04:23:51+00:00,2026-05-19,7704,15,48,מסוף כרמלית/הכרמל-תל אביב יפו<->דפנה/התדהר-רעננה-2#,20048,2,#,מטרופולין,3,20048
144614338,8948235,33026801_180526,2026-05-19T03:00:00+00:00,2026-05-19T04:22:58+00:00,2026-05-19,7701,15,48,דפנה/התדהר-רעננה<->מסוף כרמלית/הכרמל-תל אביב יפו-1#,20048,1,#,מטרופולין,3,20048
144730099,8948236,22760966_180526,2026-05-19T03:15:00+00:00,2026-05-19T04:38:51+00:00,2026-05-19,7704,15,48,מסוף כרמלית/הכרמל-תל אביב יפו<->דפנה/התדהר-רעננה-2#,20048,2,#,מטרופולין,3,20048
144616107,8948235,46656358_180526,2026-05-19T03:15:00+00:00,2026-05-19T04:37:58+00:00,2026-05-19,7701,15,48,דפנה/התדהר-רעננה<->מסוף כרמלית/הכרמל-תל אביב יפו-1#,20048,1,#,מטרופולין,3,20048
144731201,8948235,2887802_180526,2026-05-19T03:30:00+00:00,2026-05-19T04:52:58+00:00,2026-05-19,7701,15,48,דפנה/התדהר-רעננה<->מסוף כרמלית/הכרמל-תל אביב יפו-1#,20048,1,#,מטרופולין,3,20048
144616223,8948236,22760967_180526,2026-05-19T03:30:00+00:00,2026-05-19T04:53:51+00:00,2026-05-19,7704,15,48,מסוף כרמלית/הכרמל-תל אביב יפו<->דפנה/התדהר-רעננה-2#,20048,2,#,מטרופולין,3,20048
144616100,8948235,27541001_180526,2026-05-19T03:45:00+00:00,2026-05-19T05:07:58+00:00,2026-05-19,7701,15,48,דפנה/התדהר-רעננה<->מסוף כרמלית/הכרמל-תל אביב יפו-1#,20048,1,#,מטרופולין,3,20048
144614375,8948236,8670071_180526,2026-05-19T03:45:00+00:00,2026-05-19T05:08:51+00:00,2026-05-19,7704,15,48,מסוף כרמלית/הכרמל-תל אביב יפו<->דפנה/התדהר-רעננה-2#,20048,2,#,מטרופולין,3,20048
144730051,8948235,33026803_180526,2026-05-19T04:00:00+00:00,2026-05-19T05:22:58+00:00,2026-05-19,7701,15,48,דפנה/התדהר-רעננה<->מסוף כרמלית/הכרמל-תל אביב יפו-1#,20048,1,#,מטרופולין,3,20048
144697080,8948236,22760969_180526,2026-05-19T04:00:00+00:00,2026-05-19T05:23:51+00:00,2026-05-19,7704,15,48,מסוף כרמלית/הכרמל-תל אביב יפו<->דפנה/התדהר-רעננה-2#,20048,2,#,מטרופולין,3,20048
144728994,8948236,22760970_180526,2026-05-19T04:15:00+00:00,2026-05-19T05:38:51+00:00,2026-05-19,7704,15,48,מסוף כרמלית/הכרמל-תל אביב יפו<->דפנה/התדהר-רעננה-2#,20048,2,#,מטרופולין,3,20048
144697076,8948235,4549061_180526,2026-05-19T04:15:00+00:00,2026-05-19T05:37:58+00:00,2026-05-19,7701,15,48,דפנה/התדהר-רעננה<->מסוף כרמלית/הכרמל-תל אביב יפו-1#,20048,1,#,מטרופולין,3,20048
144731207,8948236,22760971_180526,2026-05-19T04:30:00+00:00,2026-05-19T05:53:51+00:00,2026-05-19,7704,15,48,מסוף כרמלית/הכרמל-תל אביב יפו<->דפנה/התדהר-רעננה-2#,20048,2,#,מטרופולין,3,20048
144727978,8948235,4549066_180526,2026-05-19T04:30:00+00:00,2026-05-19T05:52:58+00:00,2026-05-19,7701,15,48,דפנה/התדהר-רעננה<->מסוף כרמלית/הכרמל-תל אביב יפו-1#,20048,1,#,מטרופולין,3,20048
144730100,8948236,22760972_180526,2026-05-19T04:45:00+00:00,2026-05-19T06:08:51+00:00,2026-05-19,7704,15,48,מסוף כרמלית/הכרמל-תל אביב יפו<->דפנה/התדהר-רעננה-2#,20048,2,#,מטרופולין,3,20048
144727907,8948235,2200858_180526,2026-05-19T04:45:00+00:00,2026-05-19T06:07:58+00:00,2026-05-19,7701,15,48,דפנה/התדהר-רעננה<->מסוף כרמלית/הכרמל-תל אביב יפו-1#,20048,1,#,מטרופולין,3,20048
144615035,8948236,4549332_180526,2026-05-19T05:00:00+00:00,2026-05-19T06:23:51+00:00,2026-05-19,7704,15,48,מסוף כרמלית/הכרמל-תל אביב יפו<->דפנה/התדהר-רעננה-2#,20048,2,#,מטרופולין,3,20048
144697081,8948236,22760974_180526,2026-05-19T05:15:00+00:00,2026-05-19T06:38:51+00:00,2026-05-19,7704,15,48,מסוף כרמלית/הכרמל-תל אביב יפו<->דפנה/התדהר-רעננה-2#,20048,2,#,מטרופולין,3,20048
144616103,8948235,32985341_180526,2026-05-19T05:15:00+00:00,2026-05-19T06:37:58+00:00,2026-05-19,7701,15,48,דפנה/התדהר-רעננה<->מסוף כרמלית/הכרמל-תל אביב יפו-1#,20048,1,#,מטרופולין,3,20048
144727976,8948235,32985342_180526,2026-05-19T05:30:00+00:00,2026-05-19T06:52:58+00:00,2026-05-19,7701,15,48,דפנה/התדהר-רעננה<->מסוף כרמלית/הכרמל-תל אביב יפו-1#,20048,1,#,מטרופולין,3,20048
144697082,8948236,22760975_180526,2026-05-19T05:30:00+00:00,2026-05-19T06:53:51+00:00,2026-05-19,7704,15,48,מסוף כרמלית/הכרמל-תל אביב יפו<->דפנה/התדהר-רעננה-2#,20048,2,#,מטרופולין,3,20048
144730243,8948236,22760976_180526,2026-05-19T05:45:00+00:00,2026-05-19T07:08:51+00:00,2026-05-19,7704,15,48,מסוף כרמלית/הכרמל-תל אביב יפו<->דפנה/התדהר-רעננה-2#,20048,2,#,מטרופולין,3,20048
144730050,8948235,32985343_180526,2026-05-19T05:45:00+00:00,2026-05-19T07:07:58+00:00,2026-05-19,7701,15,48,דפנה/התדהר-רעננה<->מסוף כרמלית/הכרמל-תל אביב יפו-1#,20048,1,#,מטרופולין,3,20048
144730246,8948236,4549342_180526,2026-05-19T06:00:00+00:00,2026-05-19T07:23:51+00:00,2026-05-19,7704,15,48,מסוף כרמלית/הכרמל-תל אביב יפו<->דפנה/התדהר-רעננה-2#,20048,2,#,מטרופולין,3,20048
144727973,8948235,2887634_180526,2026-05-19T06:00:00+00:00,2026-05-19T07:22:58+00:00,2026-05-19,7701,15,48,דפנה/התדהר-רעננה<->מסוף כרמלית/הכרמל-תל אביב יפו-1#,20048,1,#,מטרופולין,3,20048
144728958,8948235,2887862_180526,2026-05-19T06:15:00+00:00,2026-05-19T07:37:58+00:00,2026-05-19,7701,15,48,דפנה/התדהר-רעננה<->מסוף כרמלית/הכרמל-תל אביב יפו-1#,20048,1,#,מטרופולין,3,20048
144697086,8948236,40323469_180526,2026-05-19T06:15:00+00:00,2026-05-19T07:38:51+00:00,2026-05-19,7704,15,48,מסוף כרמלית/הכרמל-תל אביב יפו<->דפנה/התדהר-רעננה-2#,20048,2,#,מטרופולין,3,20048
144615019,8948235,2200864_180526,2026-05-19T06:30:00+00:00,2026-05-19T07:52:58+00:00,2026-05-19,7701,15,48,דפנה/התדהר-רעננה<->מסוף כרמלית/הכרמל-תל אביב יפו-1#,20048,1,#,מטרופולין,3,20048
144614368,8948236,2201210_180526,2026-05-19T06:30:00+00:00,2026-05-19T07:53:51+00:00,2026-05-19,7704,15,48,מסוף כרמלית/הכרמל-תל אביב יפו<->דפנה/התדהר-רעננה-2#,20048,2,#,מטרופולין,3,20048
144616225,8948236,27541163_180526,2026-05-19T06:45:00+00:00,2026-05-19T08:08:51+00:00,2026-05-19,7704,15,48,מסוף כרמלית/הכרמל-תל אביב יפו<->דפנה/התדהר-רעננה-2#,20048,2,#,מטרופולין,3,20048
144615023,8948235,2887874_180526,2026-05-19T06:45:00+00:00,2026-05-19T08:07:58+00:00,2026-05-19,7701,15,48,דפנה/התדהר-רעננה<->מסוף כרמלית/הכרמל-תל אביב יפו-1#,20048,1,#,מטרופולין,3,20048
144616106,8948235,4549096_180526,2026-05-19T07:00:00+00:00,2026-05-19T08:22:58+00:00,2026-05-19,7701,15,48,דפנה/התדהר-רעננה<->מסוף כרמלית/הכרמל-תל אביב יפו-1#,20048,1,#,מטרופולין,3,20048
144615036,8948236,4549357_180526,2026-05-19T07:00:00+00:00,2026-05-19T08:23:51+00:00,2026-05-19,7704,15,48,מסוף כרמלית/הכרמל-תל אביב יפו<->דפנה/התדהר-רעננה-2#,20048,2,#,מטרופולין,3,20048
144730244,8948236,22760980_180526,2026-05-19T07:15:00+00:00,2026-05-19T08:38:51+00:00,2026-05-19,7704,15,48,מסוף כרמלית/הכרמל-תל אביב יפו<->דפנה/התדהר-רעננה-2#,20048,2,#,מטרופולין,3,20048
144730053,8948235,4549101_180526,2026-05-19T07:20:00+00:00,2026-05-19T08:42:58+00:00,2026-05-19,7701,15,48,דפנה/התדהר-רעננה<->מסוף כרמלית/הכרמל-תל אביב יפו-1#,20048,1,#,מטרופולין,3,20048
144615028,8948236,2201213_180526,2026-05-19T07:30:00+00:00,2026-05-19T08:53:51+00:00,2026-05-19,7704,15,48,מסוף כרמלית/הכרמל-תל אביב יפו<->דפנה/התדהר-רעננה-2#,20048,2,#,מטרופולין,3,20048
144697077,8948235,4549106_180526,2026-05-19T07:40:00+00:00,2026-05-19T09:02:58+00:00,2026-05-19,7701,15,48,דפנה/התדהר-רעננה<->מסוף כרמלית/הכרמל-תל אביב יפו-1#,20048,1,#,מטרופולין,3,20048
144614369,8948236,2201214_180526,2026-05-19T07:50:00+00:00,2026-05-19T09:13:51+00:00,2026-05-19,7704,15,48,מסוף כרמלית/הכרמל-תל אביב יפו<->דפנה/התדהר-רעננה-2#,20048,2,#,מטרופולין,3,20048
144731200,8948235,2200869_180526,2026-05-19T08:00:00+00:00,2026-05-19T09:22:58+00:00,2026-05-19,7701,15,48,דפנה/התדהר-רעננה<->מסוף כרמלית/הכרמל-תל אביב יפו-1#,20048,1,#,מטרופולין,3,20048
144728037,8948236,2201215_180526,2026-05-19T08:10:00+00:00,2026-05-19T09:33:51+00:00,2026-05-19,7704,15,48,מסוף כרמלית/הכרמל-תל אביב יפו<->דפנה/התדהר-רעננה-2#,20048,2,#,מטרופולין,3,20048
144615020,8948235,2200870_180526,2026-05-19T08:20:00+00:00,2026-05-19T09:42:58+00:00,2026-05-19,7701,15,48,דפנה/התדהר-רעננה<->מסוף כרמלית/הכרמל-תל אביב יפו-1#,20048,1,#,מטרופולין,3,20048
144731205,8948236,2201216_180526,2026-05-19T08:30:00+00:00,2026-05-19T09:53:51+00:00,2026-05-19,7704,15,48,מסוף כרמלית/הכרמל-תל אביב יפו<->דפנה/התדהר-רעננה-2#,20048,2,#,מטרופולין,3,20048
144727971,8948235,2200871_180526,2026-05-19T08:40:00+00:00,2026-05-19T10:02:58+00:00,2026-05-19,7701,15,48,דפנה/התדהר-רעננה<->מסוף כרמלית/הכרמל-תל אביב יפו-1#,20048,1,#,מטרופולין,3,20048
144615029,8948236,2201217_180526,2026-05-19T08:50:00+00:00,2026-05-19T10:13:51+00:00,2026-05-19,7704,15,48,מסוף כרמלית/הכרמל-תל אביב יפו<->דפנה/התדהר-רעננה-2#,20048,2,#,מטרופולין,3,20048
144614308,8948235,2200872_180526,2026-05-19T09:00:00+00:00,2026-05-19T10:22:58+00:00,2026-05-19,7701,15,48,דפנה/התדהר-רעננה<->מסוף כרמלית/הכרמל-תל אביב יפו-1#,20048,1,#,מטרופולין,3,20048
144615030,8948236,2201219_180526,2026-05-19T09:10:00+00:00,2026-05-19T10:33:51+00:00,2026-05-19,7704,15,48,מסוף כרמלית/הכרמל-תל אביב יפו<->דפנה/התדהר-רעננה-2#,20048,2,#,מטרופולין,3,20048
144728956,8948235,2200874_180526,2026-05-19T09:20:00+00:00,2026-05-19T10:42:58+00:00,2026-05-19,7701,15,48,דפנה/התדהר-רעננה<->מסוף כרמלית/הכרמל-תל אביב יפו-1#,20048,1,#,מטרופולין,3,20048
144697087,8948236,4549392_180526,2026-05-19T09:30:00+00:00,2026-05-19T10:53:51+00:00,2026-05-19,7704,15,48,מסוף כרמלית/הכרמל-תל אביב יפו<->דפנה/התדהר-רעננה-2#,20048,2,#,מטרופולין,3,20048
144614336,8948235,2200876_180526,2026-05-19T09:40:00+00:00,2026-05-19T11:02:58+00:00,2026-05-19,7701,15,48,דפנה/התדהר-רעננה<->מסוף כרמלית/הכרמל-תל אביב יפו-1#,20048,1,#,מטרופולין,3,20048
144728086,8948236,45790284_180526,2026-05-19T09:50:00+00:00,2026-05-19T11:13:51+00:00,2026-05-19,7704,15,48,מסוף כרמלית/הכרמל-תל אביב יפו<->דפנה/התדהר-רעננה-2#,20048,2,#,מטרופולין,3,20048
144616101,8948235,2887712_180526,2026-05-19T10:00:00+00:00,2026-05-19T11:22:58+00:00,2026-05-19,7701,15,48,דפנה/התדהר-רעננה<->מסוף כרמלית/הכרמל-תל אביב יפו-1#,20048,1,#,מטרופולין,3,20048
144728087,8948236,45790285_180526,2026-05-19T10:10:00+00:00,2026-05-19T11:33:51+00:00,2026-05-19,7704,15,48,מסוף כרמלית/הכרמל-תל אביב יפו<->דפנה/התדהר-רעננה-2#,20048,2,#,מטרופולין,3,20048
144615021,8948235,2200879_180526,2026-05-19T10:20:00+00:00,2026-05-19T11:42:58+00:00,2026-05-19,7701,15,48,דפנה/התדהר-רעננה<->מסוף כרמלית/הכרמל-תל אביב יפו-1#,20048,1,#,מטרופולין,3,20048
144616229,8948236,33026956_180526,2026-05-19T10:30:00+00:00,2026-05-19T11:53:51+00:00,2026-05-19,7704,15,48,מסוף כרמלית/הכרמל-תל אביב יפו<->דפנה/התדהר-רעננה-2#,20048,2,#,מטרופולין,3,20048
144614337,8948235,2887724_180526,2026-05-19T10:40:00+00:00,2026-05-19T12:02:58+00:00,2026-05-19,7701,15,48,דפנה/התדהר-רעננה<->מסוף כרמלית/הכרמל-תל אביב יפו-1#,20048,1,#,מטרופולין,3,20048
144728088,8948236,45790287_180526,2026-05-19T10:50:00+00:00,2026-05-19T12:13:51+00:00,2026-05-19,7704,15,48,מסוף כרמלית/הכרמל-תל אביב יפו<->דפנה/התדהר-רעננה-2#,20048,2,#,מטרופולין,3,20048
144730049,8948235,2887730_180526,2026-05-19T11:00:00+00:00,2026-05-19T12:22:58+00:00,2026-05-19,7701,15,48,דפנה/התדהר-רעננה<->מסוף כרמלית/הכרמל-תל אביב יפו-1#,20048,1,#,מטרופולין,3,20048
144616230,8948236,45790288_180526,2026-05-19T11:10:00+00:00,2026-05-19T12:33:51+00:00,2026-05-19,7704,15,48,מסוף כרמלית/הכרמל-תל אביב יפו<->דפנה/התדהר-רעננה-2#,20048,2,#,מטרופולין,3,20048
144727974,8948235,2887736_180526,2026-05-19T11:20:00+00:00,2026-05-19T12:42:58+00:00,2026-05-19,7701,15,48,דפנה/התדהר-רעננה<->מסוף כרמלית/הכרמל-תל אביב יפו-1#,20048,1,#,מטרופולין,3,20048
144697084,8948236,33026958_180526,2026-05-19T11:30:00+00:00,2026-05-19T12:53:51+00:00,2026-05-19,7704,15,48,מסוף כרמלית/הכרמל-תל אביב יפו<->דפנה/התדהר-רעננה-2#,20048,2,#,מטרופולין,3,20048
144616102,8948235,2887742_180526,2026-05-19T11:40:00+00:00,2026-05-19T13:02:58+00:00,2026-05-19,7701,15,48,דפנה/התדהר-רעננה<->מסוף כרמלית/הכרמל-תל אביב יפו-1#,20048,1,#,מטרופולין,3,20048
144616226,8948236,27541177_180526,2026-05-19T11:50:00+00:00,2026-05-19T13:13:51+00:00,2026-05-19,7704,15,48,מסוף כרמלית/הכרמל-תל אביב יפו<->דפנה/התדהר-רעננה-2#,20048,2,#,מטרופולין,3,20048
144614339,8948235,3318822_180526,2026-05-19T12:00:00+00:00,2026-05-19T13:22:58+00:00,2026-05-19,7701,15,48,דפנה/התדהר-רעננה<->מסוף כרמלית/הכרמל-תל אביב יפו-1#,20048,1,#,מטרופולין,3,20048
144614372,8948236,45790291_180526,2026-05-19T12:10:00+00:00,2026-05-19T13:33:51+00:00,2026-05-19,7704,15,48,מסוף כרמלית/הכרמל-תל אביב יפו<->דפנה/התדהר-רעננה-2#,20048,2,#,מטרופולין,3,20048
144731206,8948236,2201233_180526,2026-05-19T12:25:00+00:00,2026-05-19T13:48:51+00:00,2026-05-19,7704,15,48,מסוף כרמלית/הכרמל-תל אביב יפו<->דפנה/התדהר-רעננה-2#,20048,2,#,מטרופולין,3,20048
144615022,8948235,2887754_180526,2026-05-19T12:30:00+00:00,2026-05-19T13:52:58+00:00,2026-05-19,7701,15,48,דפנה/התדהר-רעננה<->מסוף כרמלית/הכרמל-תל אביב יפו-1#,20048,1,#,מטרופולין,3,20048
144615037,8948236,4549417_180526,2026-05-19T12:40:00+00:00,2026-05-19T14:03:51+00:00,2026-05-19,7704,15,48,מסוף כרמלית/הכרמל-תל אביב יפו<->דפנה/התדהר-רעננה-2#,20048,2,#,מטרופולין,3,20048
144614340,8948235,46656395_180526,2026-05-19T12:45:00+00:00,2026-05-19T14:07:58+00:00,2026-05-19,7701,15,48,דפנה/התדהר-רעננה<->מסוף כרמלית/הכרמל-תל אביב יפו-1#,20048,1,#,מטרופולין,3,20048
144615031,8948236,2201235_180526,2026-05-19T12:55:00+00:00,2026-05-19T14:18:51+00:00,2026-05-19,7704,15,48,מסוף כרמלית/הכרמל-תל אביב יפו<->דפנה/התדהר-רעננה-2#,20048,2,#,מטרופולין,3,20048
144616104,8948235,3318825_180526,2026-05-19T13:00:00+00:00,2026-05-19T14:22:58+00:00,2026-05-19,7701,15,48,דפנה/התדהר-רעננה<->מסוף כרמלית/הכרמל-תל אביב יפו-1#,20048,1,#,מטרופולין,3,20048
144614373,8948236,45790294_180526,2026-05-19T13:10:00+00:00,2026-05-19T14:33:51+00:00,2026-05-19,7704,15,48,מסוף כרמלית/הכרמל-תל אביב יפו<->דפנה/התדהר-רעננה-2#,20048,2,#,מטרופולין,3,20048
144615024,8948235,3319031_180526,2026-05-19T13:15:00+00:00,2026-05-19T14:37:58+00:00,2026-05-19,7701,15,48,דפנה/התדהר-רעננה<->מסוף כרמלית/הכרמל-תל אביב יפו-1#,20048,1,#,מטרופולין,3,20048
144615033,8948236,27541187_180526,2026-05-19T13:25:00+00:00,2026-05-19T14:48:51+00:00,2026-05-19,7704,15,48,מסוף כרמלית/הכרמל-תל אביב יפו<->דפנה/התדהר-רעננה-2#,20048,2,#,מטרופולין,3,20048
144730052,8948235,3319032_180526,2026-05-19T13:30:00+00:00,2026-05-19T14:52:58+00:00,2026-05-19,7701,15,48,דפנה/התדהר-רעננה<->מסוף כרמלית/הכרמל-תל אביב יפו-1#,20048,1,#,מטרופולין,3,20048
144730098,8948236,16954507_180526,2026-05-19T13:40:00+00:00,2026-05-19T15:03:51+00:00,2026-05-19,7704,15,48,מסוף כרמלית/הכרמל-תל אביב יפו<->דפנה/התדהר-רעננה-2#,20048,2,#,מטרופולין,3,20048
144614370,8948236,22761001_180526,2026-05-19T13:55:00+00:00,2026-05-19T15:18:51+00:00,2026-05-19,7704,15,48,מסוף כרמלית/הכרמל-תל אביב יפו<->דפנה/התדהר-רעננה-2#,20048,2,#,מטרופולין,3,20048
144728959,8948235,2887982_180526,2026-05-19T14:00:00+00:00,2026-05-19T15:22:58+00:00,2026-05-19,7701,15,48,דפנה/התדהר-רעננה<->מסוף כרמלית/הכרמל-תל אביב יפו-1#,20048,1,#,מטרופולין,3,20048
144615032,8948236,2201241_180526,2026-05-19T14:10:00+00:00,2026-05-19T15:33:51+00:00,2026-05-19,7704,15,48,מסוף כרמלית/הכרמל-תל אביב יפו<->דפנה/התדהר-רעננה-2#,20048,2,#,מטרופולין,3,20048
144727975,8948235,2887778_180526,2026-05-19T14:15:00+00:00,2026-05-19T15:37:58+00:00,2026-05-19,7701,15,48,דפנה/התדהר-רעננה<->מסוף כרמלית/הכרמל-תל אביב יפו-1#,20048,1,#,מטרופולין,3,20048
144616227,8948236,27541191_180526,2026-05-19T14:25:00+00:00,2026-05-19T15:48:51+00:00,2026-05-19,7704,15,48,מסוף כרמלית/הכרמל-תל אביב יפו<->דפנה/התדהר-רעננה-2#,20048,2,#,מטרופולין,3,20048
144616105,8948235,3318829_180526,2026-05-19T14:30:00+00:00,2026-05-19T15:52:58+00:00,2026-05-19,7701,15,48,דפנה/התדהר-רעננה<->מסוף כרמלית/הכרמל-תל אביב יפו-1#,20048,1,#,מטרופולין,3,20048
144615027,8948235,46656403_180526,2026-05-19T14:45:00+00:00,2026-05-19T16:07:58+00:00,2026-05-19,7701,15,48,דפנה/התדהר-רעננה<->מסוף כרמלית/הכרמל-תל אביב יפו-1#,20048,1,#,מטרופולין,3,20048
144731208,8948236,22761004_180526,2026-05-19T14:55:00+00:00,2026-05-19T16:18:51+00:00,2026-05-19,7704,15,48,מסוף כרמלית/הכרמל-תל אביב יפו<->דפנה/התדהר-רעננה-2#,20048,2,#,מטרופולין,3,20048
144727977,8948235,3318830_180526,2026-05-19T15:00:00+00:00,2026-05-19T16:22:58+00:00,2026-05-19,7701,15,48,דפנה/התדהר-רעננה<->מסוף כרמלית/הכרמל-תל אביב יפו-1#,20048,1,#,מטרופולין,3,20048
144728960,8948235,4549196_180526,2026-05-19T15:15:00+00:00,2026-05-19T16:37:58+00:00,2026-05-19,7701,15,48,דפנה/התדהר-רעננה<->מסוף כרמלית/הכרמל-תל אביב יפו-1#,20048,1,#,מטרופולין,3,20048
144616228,8948236,27541195_180526,2026-05-19T15:25:00+00:00,2026-05-19T16:48:51+00:00,2026-05-19,7704,15,48,מסוף כרמלית/הכרמל-תל אביב יפו<->דפנה/התדהר-רעננה-2#,20048,2,#,מטרופולין,3,20048
144730057,8948235,4549201_180526,2026-05-19T15:30:00+00:00,2026-05-19T16:52:58+00:00,2026-05-19,7701,15,48,דפנה/התדהר-רעננה<->מסוף כרמלית/הכרמל-תל אביב יפו-1#,20048,1,#,מטרופולין,3,20048
144728993,8948236,16954537_180526,2026-05-19T15:40:00+00:00,2026-05-19T17:03:51+00:00,2026-05-19,7704,15,48,מסוף כרמלית/הכרמל-תל אביב יפו<->דפנה/התדהר-רעננה-2#,20048,2,#,מטרופולין,3,20048
144727988,8948235,4549206_180526,2026-05-19T15:45:00+00:00,2026-05-19T17:07:58+00:00,2026-05-19,7701,15,48,דפנה/התדהר-רעננה<->מסוף כרמלית/הכרמל-תל אביב יפו-1#,20048,1,#,מטרופולין,3,20048
144616231,8948236,584906903_180526,2026-05-19T15:55:00+00:00,2026-05-19T17:18:51+00:00,2026-05-19,7704,15,48,מסוף כרמלית/הכרמל-תל אביב יפו<->דפנה/התדהר-רעננה-2#,20048,2,#,מטרופולין,3,20048
144697078,8948235,4549211_180526,2026-05-19T16:00:00+00:00,2026-05-19T17:22:58+00:00,2026-05-19,7701,15,48,דפנה/התדהר-רעננה<->מסוף כרמלית/הכרמל-תל אביב יפו-1#,20048,1,#,מטרופולין,3,20048
144614371,8948236,4549472_180526,2026-05-19T16:10:00+00:00,2026-05-19T17:33:51+00:00,2026-05-19,7704,15,48,מסוף כרמלית/הכרמל-תל אביב יפו<->דפנה/התדהר-רעננה-2#,20048,2,#,מטרופולין,3,20048
144616224,8948236,22761008_180526,2026-05-19T16:25:00+00:00,2026-05-19T17:48:51+00:00,2026-05-19,7704,15,48,מסוף כרמלית/הכרמל-תל אביב יפו<->דפנה/התדהר-רעננה-2#,20048,2,#,מטרופולין,3,20048
144616222,8948236,2201250_180526,2026-05-19T16:40:00+00:00,2026-05-19T18:03:51+00:00,2026-05-19,7704,15,48,מסוף כרמלית/הכרמל-תל אביב יפו<->דפנה/התדהר-רעננה-2#,20048,2,#,מטרופולין,3,20048
144616109,8948235,585887773_180526,2026-05-19T16:40:00+00:00,2026-05-19T18:02:58+00:00,2026-05-19,7701,15,48,דפנה/התדהר-רעננה<->מסוף כרמלית/הכרמל-תל אביב יפו-1#,20048,1,#,מטרופולין,3,20048
144728089,8948236,584906905_180526,2026-05-19T16:55:00+00:00,2026-05-19T18:18:51+00:00,2026-05-19,7704,15,48,מסוף כרמלית/הכרמל-תל אביב יפו<->דפנה/התדהר-רעננה-2#,20048,2,#,מטרופולין,3,20048
144615025,8948235,44978831_180526,2026-05-19T17:00:00+00:00,2026-05-19T18:22:58+00:00,2026-05-19,7701,15,48,דפנה/התדהר-רעננה<->מסוף כרמלית/הכרמל-תל אביב יפו-1#,20048,1,#,מטרופולין,3,20048
144728038,8948236,2201252_180526,2026-05-19T17:15:00+00:00,2026-05-19T18:38:51+00:00,2026-05-19,7704,15,48,מסוף כרמלית/הכרמל-תל אביב יפו<->דפנה/התדהר-רעננה-2#,20048,2,#,מטרופולין,3,20048
144730058,8948235,585887774_180526,2026-05-19T17:20:00+00:00,2026-05-19T18:42:58+00:00,2026-05-19,7701,15,48,דפנה/התדהר-רעננה<->מסוף כרמלית/הכרמל-תל אביב יפו-1#,20048,1,#,מטרופולין,3,20048
144731209,8948236,32985416_180526,2026-05-19T17:35:00+00:00,2026-05-19T18:58:51+00:00,2026-05-19,7704,15,48,מסוף כרמלית/הכרמל-תל אביב יפו<->דפנה/התדהר-רעננה-2#,20048,2,#,מטרופולין,3,20048
144727972,8948235,27541045_180526,2026-05-19T17:40:00+00:00,2026-05-19T19:02:58+00:00,2026-05-19,7701,15,48,דפנה/התדהר-רעננה<->מסוף כרמלית/הכרמל-תל אביב יפו-1#,20048,1,#,מטרופולין,3,20048
144730245,8948236,22761011_180526,2026-05-19T17:45:00+00:00,2026-05-19T19:08:51+00:00,2026-05-19,7704,15,48,מסוף כרמלית/הכרמל-תל אביב יפו<->דפנה/התדהר-רעננה-2#,20048,2,#,מטרופולין,3,20048
144616232,8948236,584906906_180526,2026-05-19T17:55:00+00:00,2026-05-19T19:18:51+00:00,2026-05-19,7704,15,48,מסוף כרמלית/הכרמל-תל אביב יפו<->דפנה/התדהר-רעננה-2#,20048,2,#,מטרופולין,3,20048
144728961,8948235,585238592_180526,2026-05-19T18:05:00+00:00,2026-05-19T19:27:58+00:00,2026-05-19,7701,15,48,דפנה/התדהר-רעננה<->מסוף כרמלית/הכרמל-תל אביב יפו-1#,20048,1,#,מטרופולין,3,20048
144728039,8948236,40323493_180526,2026-05-19T18:15:00+00:00,2026-05-19T19:38:51+00:00,2026-05-19,7704,15,48,מסוף כרמלית/הכרמל-תל אביב יפו<->דפנה/התדהר-רעננה-2#,20048,2,#,מטרופולין,3,20048
144615026,8948235,44978834_180526,2026-05-19T18:30:00+00:00,2026-05-19T19:52:58+00:00,2026-05-19,7701,15,48,דפנה/התדהר-רעננה<->מסוף כרמלית/הכרמל-תל אביב יפו-1#,20048,1,#,מטרופולין,3,20048
144728090,8948236,585511830_180526,2026-05-19T18:35:00+00:00,2026-05-19T19:58:51+00:00,2026-05-19,7704,15,48,מסוף כרמלית/הכרמל-תל אביב יפו<->דפנה/התדהר-רעננה-2#,20048,2,#,מטרופולין,3,20048
144614374,8948236,584906907_180526,2026-05-19T18:55:00+00:00,2026-05-19T20:18:51+00:00,2026-05-19,7704,15,48,מסוף כרמלית/הכרמל-תל אביב יפו<->דפנה/התדהר-רעננה-2#,20048,2,#,מטרופולין,3,20048
144615034,8948236,40323495_180526,2026-05-19T19:15:00+00:00,2026-05-19T20:38:51+00:00,2026-05-19,7704,15,48,מסוף כרמלית/הכרמל-תל אביב יפו<->דפנה/התדהר-רעננה-2#,20048,2,#,מטרופולין,3,20048
144730247,8948236,585888205_180526,2026-05-19T19:35:00+00:00,2026-05-19T20:58:51+00:00,2026-05-19,7704,15,48,מסוף כרמלית/הכרמל-תל אביב יפו<->דפנה/התדהר-רעננה-2#,20048,2,#,מטרופולין,3,20048
144616233,8948236,585995614_180526,2026-05-19T19:40:00+00:00,2026-05-19T21:03:51+00:00,2026-05-19,7704,15,48,מסוף כרמלית/הכרמל-תל אביב יפו<->דפנה/התדהר-רעננה-2#,20048,2,#,מטרופולין,3,20048
144697088,8948236,46656757_180526,2026-05-19T19:45:00+00:00,2026-05-19T21:08:51+00:00,2026-05-19,7704,15,48,מסוף כרמלית/הכרמל-תל אביב יפו<->דפנה/התדהר-רעננה-2#,20048,2,#,מטרופולין,3,20048
144697085,8948236,39873289_180526,2026-05-19T19:55:00+00:00,2026-05-19T21:18:51+00:00,2026-05-19,7704,15,48,מסוף כרמלית/הכרמל-תל אביב יפו<->דפנה/התדהר-רעננה-2#,20048,2,#,מטרופולין,3,20048
144754874,8954646,2200848_190526,2026-05-20T02:00:00+00:00,2026-05-20T03:22:58+00:00,2026-05-20,7701,15,48,דפנה/התדהר-רעננה<->מסוף כרמלית/הכרמל-תל אביב יפו-1#,20048,1,#,מטרופולין,3,20048
144755086,8954646,585012952_190526,2026-05-20T02:05:00+00:00,2026-05-20T03:27:58+00:00,2026-05-20,7701,15,48,דפנה/התדהר-רעננה<->מסוף כרמלית/הכרמל-תל אביב יפו-1#,20048,1,#,מטרופולין,3,20048
144752811,8954646,2887784_190526,2026-05-20T02:10:00+00:00,2026-05-20T03:32:58+00:00,2026-05-20,7701,15,48,דפנה/התדהר-רעננה<->מסוף כרמלית/הכרמל-תל אביב יפו-1#,20048,1,#,מטרופולין,3,20048
144752814,8954646,46656355_190526,2026-05-20T02:15:00+00:00,2026-05-20T03:37:58+00:00,2026-05-20,7701,15,48,דפנה/התדהר-רעננה<->מסוף כרמלית/הכרמל-תל אביב יפו-1#,20048,1,#,מטרופולין,3,20048
144754875,8954646,2200849_190526,2026-05-20T02:25:00+00:00,2026-05-20T03:47:58+00:00,2026-05-20,7701,15,48,דפנה/התדהר-רעננה<->מסוף כרמלית/הכרמל-תל אביב יפו-1#,20048,1,#,מטרופולין,3,20048
144755083,8954646,2887574_190526,2026-05-20T02:45:00+00:00,2026-05-20T04:07:58+00:00,2026-05-20,7701,15,48,דפנה/התדהר-רעננה<->מסוף כרמלית/הכרמל-תל אביב יפו-1#,20048,1,#,מטרופולין,3,20048
144754309,8954647,2201196_190526,2026-05-20T02:45:00+00:00,2026-05-20T04:08:51+00:00,2026-05-20,7704,15,48,מסוף כרמלית/הכרמל-תל אביב יפו<->דפנה/התדהר-רעננה-2#,20048,2,#,מטרופולין,3,20048
144755362,8954647,33026941_190526,2026-05-20T03:00:00+00:00,2026-05-20T04:23:51+00:00,2026-05-20,7704,15,48,מסוף כרמלית/הכרמל-תל אביב יפו<->דפנה/התדהר-רעננה-2#,20048,2,#,מטרופולין,3,20048
144754255,8954646,33026801_190526,2026-05-20T03:00:00+00:00,2026-05-20T04:22:58+00:00,2026-05-20,7701,15,48,דפנה/התדהר-רעננה<->מסוף כרמלית/הכרמל-תל אביב יפו-1#,20048,1,#,מטרופולין,3,20048
144756690,8954647,22760966_190526,2026-05-20T03:15:00+00:00,2026-05-20T04:38:51+00:00,2026-05-20,7704,15,48,מסוף כרמלית/הכרמל-תל אביב יפו<->דפנה/התדהר-רעננה-2#,20048,2,#,מטרופולין,3,20048
144756613,8954646,46656358_190526,2026-05-20T03:15:00+00:00,2026-05-20T04:37:58+00:00,2026-05-20,7701,15,48,דפנה/התדהר-רעננה<->מסוף כרמלית/הכרמל-תל אביב יפו-1#,20048,1,#,מטרופולין,3,20048
144841863,8954647,22760967_190526,2026-05-20T03:30:00+00:00,2026-05-20T04:53:51+00:00,2026-05-20,7704,15,48,מסוף כרמלית/הכרמל-תל אביב יפו<->דפנה/התדהר-רעננה-2#,20048,2,#,מטרופולין,3,20048
144754879,8954646,2887802_190526,2026-05-20T03:30:00+00:00,2026-05-20T04:52:58+00:00,2026-05-20,7701,15,48,דפנה/התדהר-רעננה<->מסוף כרמלית/הכרמל-תל אביב יפו-1#,20048,1,#,מטרופולין,3,20048
144841870,8954647,8670071_190526,2026-05-20T03:45:00+00:00,2026-05-20T05:08:51+00:00,2026-05-20,7704,15,48,מסוף כרמלית/הכרמל-תל אביב יפו<->דפנה/התדהר-רעננה-2#,20048,2,#,מטרופולין,3,20048
144754876,8954646,27541001_190526,2026-05-20T03:45:00+00:00,2026-05-20T05:07:58+00:00,2026-05-20,7701,15,48,דפנה/התדהר-רעננה<->מסוף כרמלית/הכרמל-תל אביב יפו-1#,20048,1,#,מטרופולין,3,20048
144841864,8954647,22760969_190526,2026-05-20T04:00:00+00:00,2026-05-20T05:23:51+00:00,2026-05-20,7704,15,48,מסוף כרמלית/הכרמל-תל אביב יפו<->דפנה/התדהר-רעננה-2#,20048,2,#,מטרופולין,3,20048
144755262,8954646,33026803_190526,2026-05-20T04:00:00+00:00,2026-05-20T05:22:58+00:00,2026-05-20,7701,15,48,דפנה/התדהר-רעננה<->מסוף כרמלית/הכרמל-תל אביב יפו-1#,20048,1,#,מטרופולין,3,20048
144756691,8954647,22760970_190526,2026-05-20T04:15:00+00:00,2026-05-20T05:38:51+00:00,2026-05-20,7704,15,48,מסוף כרמלית/הכרמל-תל אביב יפו<->דפנה/התדהר-רעננה-2#,20048,2,#,מטרופולין,3,20048
144755263,8954646,4549061_190526,2026-05-20T04:15:00+00:00,2026-05-20T05:37:58+00:00,2026-05-20,7701,15,48,דפנה/התדהר-רעננה<->מסוף כרמלית/הכרמל-תל אביב יפו-1#,20048,1,#,מטרופולין,3,20048
144841861,8954646,4549066_190526,2026-05-20T04:30:00+00:00,2026-05-20T05:52:58+00:00,2026-05-20,7701,15,48,דפנה/התדהר-רעננה<->מסוף כרמלית/הכרמל-תל אביב יפו-1#,20048,1,#,מטרופולין,3,20048
144755360,8954647,22760971_190526,2026-05-20T04:30:00+00:00,2026-05-20T05:53:51+00:00,2026-05-20,7704,15,48,מסוף כרמלית/הכרמל-תל אביב יפו<->דפנה/התדהר-רעננה-2#,20048,2,#,מטרופולין,3,20048
144755879,8954646,2200858_190526,2026-05-20T04:45:00+00:00,2026-05-20T06:07:58+00:00,2026-05-20,7701,15,48,דפנה/התדהר-רעננה<->מסוף כרמלית/הכרמל-תל אביב יפו-1#,20048,1,#,מטרופולין,3,20048
144754942,8954647,22760972_190526,2026-05-20T04:45:00+00:00,2026-05-20T06:08:51+00:00,2026-05-20,7704,15,48,מסוף כרמלית/הכרמל-תל אביב יפו<->דפנה/התדהר-רעננה-2#,20048,2,#,מטרופולין,3,20048
144841866,8954647,4549332_190526,2026-05-20T05:00:00+00:00,2026-05-20T06:23:51+00:00,2026-05-20,7704,15,48,מסוף כרמלית/הכרמל-תל אביב יפו<->דפנה/התדהר-רעננה-2#,20048,2,#,מטרופולין,3,20048
144754880,8954646,32985341_190526,2026-05-20T05:15:00+00:00,2026-05-20T06:37:58+00:00,2026-05-20,7701,15,48,דפנה/התדהר-רעננה<->מסוף כרמלית/הכרמל-תל אביב יפו-1#,20048,1,#,מטרופולין,3,20048
144752819,8954647,22760974_190526,2026-05-20T05:15:00+00:00,2026-05-20T06:38:51+00:00,2026-05-20,7704,15,48,מסוף כרמלית/הכרמל-תל אביב יפו<->דפנה/התדהר-רעננה-2#,20048,2,#,מטרופולין,3,20048
144756610,8954646,32985342_190526,2026-05-20T05:30:00+00:00,2026-05-20T06:52:58+00:00,2026-05-20,7701,15,48,דפנה/התדהר-רעננה<->מסוף כרמלית/הכרמל-תל אביב יפו-1#,20048,1,#,מטרופולין,3,20048
144755089,8954647,22760975_190526,2026-05-20T05:30:00+00:00,2026-05-20T06:53:51+00:00,2026-05-20,7704,15,48,מסוף כרמלית/הכרמל-תל אביב יפו<->דפנה/התדהר-רעננה-2#,20048,2,#,מטרופולין,3,20048
144755987,8954647,22760976_190526,2026-05-20T05:45:00+00:00,2026-05-20T07:08:51+00:00,2026-05-20,7704,15,48,מסוף כרמלית/הכרמל-תל אביב יפו<->דפנה/התדהר-רעננה-2#,20048,2,#,מטרופולין,3,20048
144755261,8954646,32985343_190526,2026-05-20T05:45:00+00:00,2026-05-20T07:07:58+00:00,2026-05-20,7701,15,48,דפנה/התדהר-רעננה<->מסוף כרמלית/הכרמל-תל אביב יפו-1#,20048,1,#,מטרופולין,3,20048
144755989,8954647,4549342_190526,2026-05-20T06:00:00+00:00,2026-05-20T07:23:51+00:00,2026-05-20,7704,15,48,מסוף כרמלית/הכרמל-תל אביב יפו<->דפנה/התדהר-רעננה-2#,20048,2,#,מטרופולין,3,20048
144754877,8954646,2887634_190526,2026-05-20T06:00:00+00:00,2026-05-20T07:22:58+00:00,2026-05-20,7701,15,48,דפנה/התדהר-רעננה<->מסוף כרמלית/הכרמל-תל אביב יפו-1#,20048,1,#,מטרופולין,3,20048
144756699,8954647,40323469_190526,2026-05-20T06:15:00+00:00,2026-05-20T07:38:51+00:00,2026-05-20,7704,15,48,מסוף כרמלית/הכרמל-תל אביב יפו<->דפנה/התדהר-רעננה-2#,20048,2,#,מטרופולין,3,20048
144754254,8954646,2887862_190526,2026-05-20T06:15:00+00:00,2026-05-20T07:37:58+00:00,2026-05-20,7701,15,48,דפנה/התדהר-רעננה<->מסוף כרמלית/הכרמל-תל אביב יפו-1#,20048,1,#,מטרופולין,3,20048
144755358,8954647,2201210_190526,2026-05-20T06:30:00+00:00,2026-05-20T07:53:51+00:00,2026-05-20,7704,15,48,מסוף כרמלית/הכרמל-תל אביב יפו<->דפנה/התדהר-רעננה-2#,20048,2,#,מטרופולין,3,20048
144754251,8954646,2200864_190526,2026-05-20T06:30:00+00:00,2026-05-20T07:52:58+00:00,2026-05-20,7701,15,48,דפנה/התדהר-רעננה<->מסוף כרמלית/הכרמל-תל אביב יפו-1#,20048,1,#,מטרופולין,3,20048
144841865,8954647,27541163_190526,2026-05-20T06:45:00+00:00,2026-05-20T08:08:51+00:00,2026-05-20,7704,15,48,מסוף כרמלית/הכרמל-תל אביב יפו<->דפנה/התדהר-רעננה-2#,20048,2,#,מטרופולין,3,20048
144752812,8954646,2887874_190526,2026-05-20T06:45:00+00:00,2026-05-20T08:07:58+00:00,2026-05-20,7701,15,48,דפנה/התדהר-רעננה<->מסוף כרמלית/הכרמל-תל אביב יפו-1#,20048,1,#,מטרופולין,3,20048
144756611,8954646,4549096_190526,2026-05-20T07:00:00+00:00,2026-05-20T08:22:58+00:00,2026-05-20,7701,15,48,דפנה/התדהר-רעננה<->מסוף כרמלית/הכרמל-תל אביב יפו-1#,20048,1,#,מטרופולין,3,20048
144755091,8954647,4549357_190526,2026-05-20T07:00:00+00:00,2026-05-20T08:23:51+00:00,2026-05-20,7704,15,48,מסוף כרמלית/הכרמל-תל אביב יפו<->דפנה/התדהר-רעננה-2#,20048,2,#,מטרופולין,3,20048
144756692,8954647,22760980_190526,2026-05-20T07:15:00+00:00,2026-05-20T08:38:51+00:00,2026-05-20,7704,15,48,מסוף כרמלית/הכרמל-תל אביב יפו<->דפנה/התדהר-רעננה-2#,20048,2,#,מטרופולין,3,20048
144755264,8954646,4549101_190526,2026-05-20T07:20:00+00:00,2026-05-20T08:42:58+00:00,2026-05-20,7701,15,48,דפנה/התדהר-רעננה<->מסוף כרמלית/הכרמל-תל אביב יפו-1#,20048,1,#,מטרופולין,3,20048
144754940,8954647,2201213_190526,2026-05-20T07:30:00+00:00,2026-05-20T08:53:51+00:00,2026-05-20,7704,15,48,מסוף כרמלית/הכרמל-תל אביב יפו<->דפנה/התדהר-רעננה-2#,20048,2,#,מטרופולין,3,20048
144756612,8954646,4549106_190526,2026-05-20T07:40:00+00:00,2026-05-20T09:02:58+00:00,2026-05-20,7701,15,48,דפנה/התדהר-רעננה<->מסוף כרמלית/הכרמל-תל אביב יפו-1#,20048,1,#,מטרופולין,3,20048
144755087,8954647,2201214_190526,2026-05-20T07:50:00+00:00,2026-05-20T09:13:51+00:00,2026-05-20,7704,15,48,מסוף כרמלית/הכרמל-תל אביב יפו<->דפנה/התדהר-רעננה-2#,20048,2,#,מטרופולין,3,20048
144756607,8954646,2200869_190526,2026-05-20T08:00:00+00:00,2026-05-20T09:22:58+00:00,2026-05-20,7701,15,48,דפנה/התדהר-רעננה<->מסוף כרמלית/הכרמל-תל אביב יפו-1#,20048,1,#,מטרופולין,3,20048
144841862,8954647,2201215_190526,2026-05-20T08:10:00+00:00,2026-05-20T09:33:51+00:00,2026-05-20,7704,15,48,מסוף כרמלית/הכרמל-תל אביב יפו<->דפנה/התדהר-רעננה-2#,20048,2,#,מטרופולין,3,20048
144752808,8954646,2200870_190526,2026-05-20T08:20:00+00:00,2026-05-20T09:42:58+00:00,2026-05-20,7701,15,48,דפנה/התדהר-רעננה<->מסוף כרמלית/הכרמל-תל אביב יפו-1#,20048,1,#,מטרופולין,3,20048
144755985,8954647,2201216_190526,2026-05-20T08:30:00+00:00,2026-05-20T09:53:51+00:00,2026-05-20,7704,15,48,מסוף כרמלית/הכרמל-תל אביב יפו<->דפנה/התדהר-רעננה-2#,20048,2,#,מטרופולין,3,20048
144754252,8954646,2200871_190526,2026-05-20T08:40:00+00:00,2026-05-20T10:02:58+00:00,2026-05-20,7701,15,48,דפנה/התדהר-רעננה<->מסוף כרמלית/הכרמל-תל אביב יפו-1#,20048,1,#,מטרופולין,3,20048
144755986,8954647,2201217_190526,2026-05-20T08:50:00+00:00,2026-05-20T10:13:51+00:00,2026-05-20,7704,15,48,מסוף כרמלית/הכרמל-תל אביב יפו<->דפנה/התדהר-רעננה-2#,20048,2,#,מטרופולין,3,20048
144756608,8954646,2200872_190526,2026-05-20T09:00:00+00:00,2026-05-20T10:22:58+00:00,2026-05-20,7701,15,48,דפנה/התדהר-רעננה<->מסוף כרמלית/הכרמל-תל אביב יפו-1#,20048,1,#,מטרופולין,3,20048
144756689,8954647,2201219_190526,2026-05-20T09:10:00+00:00,2026-05-20T10:33:51+00:00,2026-05-20,7704,15,48,מסוף כרמלית/הכרמל-תל אביב יפו<->דפנה/התדהר-רעננה-2#,20048,2,#,מטרופולין,3,20048
144752809,8954646,2200874_190526,2026-05-20T09:20:00+00:00,2026-05-20T10:42:58+00:00,2026-05-20,7701,15,48,דפנה/התדהר-רעננה<->מסוף כרמלית/הכרמל-תל אביב יפו-1#,20048,1,#,מטרופולין,3,20048
144754945,8954647,4549392_190526,2026-05-20T09:30:00+00:00,2026-05-20T10:53:51+00:00,2026-05-20,7704,15,48,מסוף כרמלית/הכרמל-תל אביב יפו<->דפנה/התדהר-רעננה-2#,20048,2,#,מטרופולין,3,20048
144841856,8954646,2200876_190526,2026-05-20T09:40:00+00:00,2026-05-20T11:02:58+00:00,2026-05-20,7701,15,48,דפנה/התדהר-רעננה<->מסוף כרמלית/הכרמל-תל אביב יפו-1#,20048,1,#,מטרופולין,3,20048
144756700,8954647,45790284_190526,2026-05-20T09:50:00+00:00,2026-05-20T11:13:51+00:00,2026-05-20,7704,15,48,מסוף כרמלית/הכרמל-תל אביב יפו<->דפנה/התדהר-רעננה-2#,20048,2,#,מטרופולין,3,20048
144755881,8954646,2887712_190526,2026-05-20T10:00:00+00:00,2026-05-20T11:22:58+00:00,2026-05-20,7701,15,48,דפנה/התדהר-רעננה<->מסוף כרמלית/הכרמל-תל אביב יפו-1#,20048,1,#,מטרופולין,3,20048
144756701,8954647,45790285_190526,2026-05-20T10:10:00+00:00,2026-05-20T11:33:51+00:00,2026-05-20,7704,15,48,מסוף כרמלית/הכרמל-תל אביב יפו<->דפנה/התדהר-רעננה-2#,20048,2,#,מטרופולין,3,20048
144755259,8954646,2200879_190526,2026-05-20T10:20:00+00:00,2026-05-20T11:42:58+00:00,2026-05-20,7701,15,48,דפנה/התדהר-רעננה<->מסוף כרמלית/הכרמל-תל אביב יפו-1#,20048,1,#,מטרופולין,3,20048
144754944,8954647,33026956_190526,2026-05-20T10:30:00+00:00,2026-05-20T11:53:51+00:00,2026-05-20,7704,15,48,מסוף כרמלית/הכרמל-תל אביב יפו<->דפנה/התדהר-רעננה-2#,20048,2,#,מטרופולין,3,20048
144756609,8954646,2887724_190526,2026-05-20T10:40:00+00:00,2026-05-20T12:02:58+00:00,2026-05-20,7701,15,48,דפנה/התדהר-רעננה<->מסוף כרמלית/הכרמל-תל אביב יפו-1#,20048,1,#,מטרופולין,3,20048
144841868,8954647,45790287_190526,2026-05-20T10:50:00+00:00,2026-05-20T12:13:51+00:00,2026-05-20,7704,15,48,מסוף כרמלית/הכרמל-תל אביב יפו<->דפנה/התדהר-רעננה-2#,20048,2,#,מטרופולין,3,20048
144752810,8954646,2887730_190526,2026-05-20T11:00:00+00:00,2026-05-20T12:22:58+00:00,2026-05-20,7701,15,48,דפנה/התדהר-רעננה<->מסוף כרמלית/הכרמל-תל אביב יפו-1#,20048,1,#,מטרופולין,3,20048
144755092,8954647,45790288_190526,2026-05-20T11:10:00+00:00,2026-05-20T12:33:51+00:00,2026-05-20,7704,15,48,מסוף כרמלית/הכרמל-תל אביב יפו<->דפנה/התדהר-רעננה-2#,20048,2,#,מטרופולין,3,20048
144755260,8954646,2887736_190526,2026-05-20T11:20:00+00:00,2026-05-20T12:42:58+00:00,2026-05-20,7701,15,48,דפנה/התדהר-רעננה<->מסוף כרמלית/הכרמל-תל אביב יפו-1#,20048,1,#,מטרופולין,3,20048
144755090,8954647,33026958_190526,2026-05-20T11:30:00+00:00,2026-05-20T12:53:51+00:00,2026-05-20,7704,15,48,מסוף כרמלית/הכרמל-תל אביב יפו<->דפנה/התדהר-רעננה-2#,20048,2,#,מטרופולין,3,20048
144754878,8954646,2887742_190526,2026-05-20T11:40:00+00:00,2026-05-20T13:02:58+00:00,2026-05-20,7701,15,48,דפנה/התדהר-רעננה<->מסוף כרמלית/הכרמל-תל אביב יפו-1#,20048,1,#,מטרופולין,3,20048
144756696,8954647,27541177_190526,2026-05-20T11:50:00+00:00,2026-05-20T13:13:51+00:00,2026-05-20,7704,15,48,מסוף כרמלית/הכרמל-תל אביב יפו<->דפנה/התדהר-רעננה-2#,20048,2,#,מטרופולין,3,20048
144755084,8954646,3318822_190526,2026-05-20T12:00:00+00:00,2026-05-20T13:22:58+00:00,2026-05-20,7701,15,48,דפנה/התדהר-רעננה<->מסוף כרמלית/הכרמל-תל אביב יפו-1#,20048,1,#,מטרופולין,3,20048
144841869,8954647,45790291_190526,2026-05-20T12:10:00+00:00,2026-05-20T13:33:51+00:00,2026-05-20,7704,15,48,מסוף כרמלית/הכרמל-תל אביב יפו<->דפנה/התדהר-רעננה-2#,20048,2,#,מטרופולין,3,20048
144752817,8954647,2201233_190526,2026-05-20T12:25:00+00:00,2026-05-20T13:48:51+00:00,2026-05-20,7704,15,48,מסוף כרמלית/הכרמל-תל אביב יפו<->דפנה/התדהר-רעננה-2#,20048,2,#,מטרופולין,3,20048
144754253,8954646,2887754_190526,2026-05-20T12:30:00+00:00,2026-05-20T13:52:58+00:00,2026-05-20,7701,15,48,דפנה/התדהר-רעננה<->מסוף כרמלית/הכרמל-תל אביב יפו-1#,20048,1,#,מטרופולין,3,20048
144841867,8954647,4549417_190526,2026-05-20T12:40:00+00:00,2026-05-20T14:03:51+00:00,2026-05-20,7704,15,48,מסוף כרמלית/הכרמל-תל אביב יפו<->דפנה/התדהר-רעננה-2#,20048,2,#,מטרופולין,3,20048
144756614,8954646,46656395_190526,2026-05-20T12:45:00+00:00,2026-05-20T14:07:58+00:00,2026-05-20,7701,15,48,דפנה/התדהר-רעננה<->מסוף כרמלית/הכרמל-תל אביב יפו-1#,20048,1,#,מטרופולין,3,20048
144755088,8954647,2201235_190526,2026-05-20T12:55:00+00:00,2026-05-20T14:18:51+00:00,2026-05-20,7704,15,48,מסוף כרמלית/הכרמל-תל אביב יפו<->דפנה/התדהר-רעננה-2#,20048,2,#,מטרופולין,3,20048
144754256,8954646,3318825_190526,2026-05-20T13:00:00+00:00,2026-05-20T14:22:58+00:00,2026-05-20,7701,15,48,דפנה/התדהר-רעננה<->מסוף כרמלית/הכרמל-תל אביב יפו-1#,20048,1,#,מטרופולין,3,20048
144754946,8954647,45790294_190526,2026-05-20T13:10:00+00:00,2026-05-20T14:33:51+00:00,2026-05-20,7704,15,48,מסוף כרמלית/הכרמל-תל אביב יפו<->דפנה/התדהר-רעננה-2#,20048,2,#,מטרופולין,3,20048
144754257,8954646,3319031_190526,2026-05-20T13:15:00+00:00,2026-05-20T14:37:58+00:00,2026-05-20,7701,15,48,דפנה/התדהר-רעננה<->מסוף כרמלית/הכרמל-תל אביב יפו-1#,20048,1,#,מטרופולין,3,20048
144756697,8954647,27541187_190526,2026-05-20T13:25:00+00:00,2026-05-20T14:48:51+00:00,2026-05-20,7704,15,48,מסוף כרמלית/הכרמל-תל אביב יפו<->דפנה/התדהר-רעננה-2#,20048,2,#,מטרופולין,3,20048
144754258,8954646,3319032_190526,2026-05-20T13:30:00+00:00,2026-05-20T14:52:58+00:00,2026-05-20,7701,15,48,דפנה/התדהר-רעננה<->מסוף כרמלית/הכרמל-תל אביב יפו-1#,20048,1,#,מטרופולין,3,20048
144754308,8954647,16954507_190526,2026-05-20T13:40:00+00:00,2026-05-20T15:03:51+00:00,2026-05-20,7704,15,48,מסוף כרמלית/הכרמל-תל אביב יפו<->דפנה/התדהר-רעננה-2#,20048,2,#,מטרופולין,3,20048
144756693,8954647,22761001_190526,2026-05-20T13:55:00+00:00,2026-05-20T15:18:51+00:00,2026-05-20,7704,15,48,מסוף כרמלית/הכרמל-תל אביב יפו<->דפנה/התדהר-רעננה-2#,20048,2,#,מטרופולין,3,20048
144841858,8954646,2887982_190526,2026-05-20T14:00:00+00:00,2026-05-20T15:22:58+00:00,2026-05-20,7701,15,48,דפנה/התדהר-רעננה<->מסוף כרמלית/הכרמל-תל אביב יפו-1#,20048,1,#,מטרופולין,3,20048
144755359,8954647,2201241_190526,2026-05-20T14:10:00+00:00,2026-05-20T15:33:51+00:00,2026-05-20,7704,15,48,מסוף כרמלית/הכרמל-תל אביב יפו<->דפנה/התדהר-רעננה-2#,20048,2,#,מטרופולין,3,20048
144841857,8954646,2887778_190526,2026-05-20T14:15:00+00:00,2026-05-20T15:37:58+00:00,2026-05-20,7701,15,48,דפנה/התדהר-רעננה<->מסוף כרמלית/הכרמל-תל אביב יפו-1#,20048,1,#,מטרופולין,3,20048
144754310,8954647,27541191_190526,2026-05-20T14:25:00+00:00,2026-05-20T15:48:51+00:00,2026-05-20,7704,15,48,מסוף כרמלית/הכרמל-תל אביב יפו<->דפנה/התדהר-רעננה-2#,20048,2,#,מטרופולין,3,20048
144754881,8954646,3318829_190526,2026-05-20T14:30:00+00:00,2026-05-20T15:52:58+00:00,2026-05-20,7701,15,48,דפנה/התדהר-רעננה<->מסוף כרמלית/הכרמל-תל אביב יפו-1#,20048,1,#,מטרופולין,3,20048
144755085,8954646,46656403_190526,2026-05-20T14:45:00+00:00,2026-05-20T16:07:58+00:00,2026-05-20,7701,15,48,דפנה/התדהר-רעננה<->מסוף כרמלית/הכרמל-תל אביב יפו-1#,20048,1,#,מטרופולין,3,20048
144756694,8954647,22761004_190526,2026-05-20T14:55:00+00:00,2026-05-20T16:18:51+00:00,2026-05-20,7704,15,48,מסוף כרמלית/הכרמל-תל אביב יפו<->דפנה/התדהר-רעננה-2#,20048,2,#,מטרופולין,3,20048
144841859,8954646,3318830_190526,2026-05-20T15:00:00+00:00,2026-05-20T16:22:58+00:00,2026-05-20,7701,15,48,דפנה/התדהר-רעננה<->מסוף כרמלית/הכרמל-תל אביב יפו-1#,20048,1,#,מטרופולין,3,20048
144754882,8954646,4549196_190526,2026-05-20T15:15:00+00:00,2026-05-20T16:37:58+00:00,2026-05-20,7701,15,48,דפנה/התדהר-רעננה<->מסוף כרמלית/הכרמל-תל אביב יפו-1#,20048,1,#,מטרופולין,3,20048
144756698,8954647,27541195_190526,2026-05-20T15:25:00+00:00,2026-05-20T16:48:51+00:00,2026-05-20,7704,15,48,מסוף כרמלית/הכרמל-תל אביב יפו<->דפנה/התדהר-רעננה-2#,20048,2,#,מטרופולין,3,20048
144754883,8954646,4549201_190526,2026-05-20T15:30:00+00:00,2026-05-20T16:52:58+00:00,2026-05-20,7701,15,48,דפנה/התדהר-רעננה<->מסוף כרמלית/הכרמל-תל אביב יפו-1#,20048,1,#,מטרופולין,3,20048
144752816,8954647,16954537_190526,2026-05-20T15:40:00+00:00,2026-05-20T17:03:51+00:00,2026-05-20,7704,15,48,מסוף כרמלית/הכרמל-תל אביב יפו<->דפנה/התדהר-רעננה-2#,20048,2,#,מטרופולין,3,20048
144754884,8954646,4549206_190526,2026-05-20T15:45:00+00:00,2026-05-20T17:07:58+00:00,2026-05-20,7701,15,48,דפנה/התדהר-רעננה<->מסוף כרמלית/הכרמל-תל אביב יפו-1#,20048,1,#,מטרופולין,3,20048
144755363,8954647,584906903_190526,2026-05-20T15:55:00+00:00,2026-05-20T17:18:51+00:00,2026-05-20,7704,15,48,מסוף כרמלית/הכרמל-תל אביב יפו<->דפנה/התדהר-רעננה-2#,20048,2,#,מטרופולין,3,20048
144755882,8954646,4549211_190526,2026-05-20T16:00:00+00:00,2026-05-20T17:22:58+00:00,2026-05-20,7701,15,48,דפנה/התדהר-רעננה<->מסוף כרמלית/הכרמל-תל אביב יפו-1#,20048,1,#,מטרופולין,3,20048
144752821,8954647,4549472_190526,2026-05-20T16:10:00+00:00,2026-05-20T17:33:51+00:00,2026-05-20,7704,15,48,מסוף כרמלית/הכרמל-תל אביב יפו<->דפנה/התדהר-רעננה-2#,20048,2,#,מטרופולין,3,20048
144754943,8954647,22761008_190526,2026-05-20T16:25:00+00:00,2026-05-20T17:48:51+00:00,2026-05-20,7704,15,48,מסוף כרמלית/הכרמל-תל אביב יפו<->דפנה/התדהר-רעננה-2#,20048,2,#,מטרופולין,3,20048
144752818,8954647,2201250_190526,2026-05-20T16:40:00+00:00,2026-05-20T18:03:51+00:00,2026-05-20,7704,15,48,מסוף כרמלית/הכרמל-תל אביב יפו<->דפנה/התדהר-רעננה-2#,20048,2,#,מטרופולין,3,20048
144752815,8954646,585887773_190526,2026-05-20T16:40:00+00:00,2026-05-20T18:02:58+00:00,2026-05-20,7701,15,48,דפנה/התדהר-רעננה<->מסוף כרמלית/הכרמל-תל אביב יפו-1#,20048,1,#,מטרופולין,3,20048
144755093,8954647,584906905_190526,2026-05-20T16:55:00+00:00,2026-05-20T18:18:51+00:00,2026-05-20,7704,15,48,מסוף כרמלית/הכרמל-תל אביב יפו<->דפנה/התדהר-רעננה-2#,20048,2,#,מטרופולין,3,20048
144841860,8954646,44978831_190526,2026-05-20T17:00:00+00:00,2026-05-20T18:22:58+00:00,2026-05-20,7701,15,48,דפנה/התדהר-רעננה<->מסוף כרמלית/הכרמל-תל אביב יפו-1#,20048,1,#,מטרופולין,3,20048
144754941,8954647,2201252_190526,2026-05-20T17:15:00+00:00,2026-05-20T18:38:51+00:00,2026-05-20,7704,15,48,מסוף כרמלית/הכרמל-תל אביב יפו<->דפנה/התדהר-רעננה-2#,20048,2,#,מטרופולין,3,20048
144756615,8954646,585887774_190526,2026-05-20T17:20:00+00:00,2026-05-20T18:42:58+00:00,2026-05-20,7701,15,48,דפנה/התדהר-רעננה<->מסוף כרמלית/הכרמל-תל אביב יפו-1#,20048,1,#,מטרופולין,3,20048
144755361,8954647,32985416_190526,2026-05-20T17:35:00+00:00,2026-05-20T18:58:51+00:00,2026-05-20,7704,15,48,מסוף כרמלית/הכרמל-תל אביב יפו<->דפנה/התדהר-רעננה-2#,20048,2,#,מטרופולין,3,20048
144755880,8954646,27541045_190526,2026-05-20T17:40:00+00:00,2026-05-20T19:02:58+00:00,2026-05-20,7701,15,48,דפנה/התדהר-רעננה<->מסוף כרמלית/הכרמל-תל אביב יפו-1#,20048,1,#,מטרופולין,3,20048
144756695,8954647,22761011_190526,2026-05-20T17:45:00+00:00,2026-05-20T19:08:51+00:00,2026-05-20,7704,15,48,מסוף כרמלית/הכרמל-תל אביב יפו<->דפנה/התדהר-רעננה-2#,20048,2,#,מטרופולין,3,20048
144754947,8954647,584906906_190526,2026-05-20T17:55:00+00:00,2026-05-20T19:18:51+00:00,2026-05-20,7704,15,48,מסוף כרמלית/הכרמל-תל אביב יפו<->דפנה/התדהר-רעננה-2#,20048,2,#,מטרופולין,3,20048
144755883,8954646,585238592_190526,2026-05-20T18:05:00+00:00,2026-05-20T19:27:58+00:00,2026-05-20,7701,15,48,דפנה/התדהר-רעננה<->מסוף כרמלית/הכרמל-תל אביב יפו-1#,20048,1,#,מטרופולין,3,20048
144755988,8954647,40323493_190526,2026-05-20T18:15:00+00:00,2026-05-20T19:38:51+00:00,2026-05-20,7704,15,48,מסוף כרמלית/הכרמל-תל אביב יפו<->דפנה/התדהר-רעננה-2#,20048,2,#,מטרופולין,3,20048
144752813,8954646,44978834_190526,2026-05-20T18:30:00+00:00,2026-05-20T19:52:58+00:00,2026-05-20,7701,15,48,דפנה/התדהר-רעננה<->מסוף כרמלית/הכרמל-תל אביב יפו-1#,20048,1,#,מטרופולין,3,20048
144755094,8954647,585511830_190526,2026-05-20T18:35:00+00:00,2026-05-20T19:58:51+00:00,2026-05-20,7704,15,48,מסוף כרמלית/הכרמל-תל אביב יפו<->דפנה/התדהר-רעננה-2#,20048,2,#,מטרופולין,3,20048
144754320,8954647,584906907_190526,2026-05-20T18:55:00+00:00,2026-05-20T20:18:51+00:00,2026-05-20,7704,15,48,מסוף כרמלית/הכרמל-תל אביב יפו<->דפנה/התדהר-רעננה-2#,20048,2,#,מטרופולין,3,20048
144754311,8954647,40323495_190526,2026-05-20T19:15:00+00:00,2026-05-20T20:38:51+00:00,2026-05-20,7704,15,48,מסוף כרמלית/הכרמל-תל אביב יפו<->דפנה/התדהר-רעננה-2#,20048,2,#,מטרופולין,3,20048
144754948,8954647,585888205_190526,2026-05-20T19:35:00+00:00,2026-05-20T20:58:51+00:00,2026-05-20,7704,15,48,מסוף כרמלית/הכרמל-תל אביב יפו<->דפנה/התדהר-רעננה-2#,20048,2,#,מטרופולין,3,20048
144756702,8954647,585995614_190526,2026-05-20T19:40:00+00:00,2026-05-20T21:03:51+00:00,2026-05-20,7704,15,48,מסוף כרמלית/הכרמל-תל אביב יפו<->דפנה/התדהר-רעננה-2#,20048,2,#,מטרופולין,3,20048
144754312,8954647,46656757_190526,2026-05-20T19:45:00+00:00,2026-05-20T21:08:51+00:00,2026-05-20,7704,15,48,מסוף כרמלית/הכרמל-תל אביב יפו<->דפנה/התדהר-רעננה-2#,20048,2,#,מטרופולין,3,20048
144752820,8954647,39873289_190526,2026-05-20T19:55:00+00:00,2026-05-20T21:18:51+00:00,2026-05-20,7704,15,48,מסוף כרמלית/הכרמל-תל אביב יפו<->דפנה/התדהר-רעננה-2#,20048,2,#,מטרופולין,3,20048
144912905,8960671,2887788_210526,2026-05-21T02:10:00+00:00,2026-05-21T03:32:58+00:00,2026-05-21,7701,15,48,דפנה/התדהר-רעננה<->מסוף כרמלית/הכרמל-תל אביב יפו-1#,20048,1,#,מטרופולין,3,20048
144866072,8960671,2887794_210526,2026-05-21T02:40:00+00:00,2026-05-21T04:02:58+00:00,2026-05-21,7701,15,48,דפנה/התדהר-רעננה<->מסוף כרמלית/הכרמל-תל אביב יפו-1#,20048,1,#,מטרופולין,3,20048
144865817,8960672,2201444_210526,2026-05-21T02:45:00+00:00,2026-05-21T04:08:51+00:00,2026-05-21,7704,15,48,מסוף כרמלית/הכרמל-תל אביב יפו<->דפנה/התדהר-רעננה-2#,20048,2,#,מטרופולין,3,20048
144912904,8960671,2887584_210526,2026-05-21T03:10:00+00:00,2026-05-21T04:32:58+00:00,2026-05-21,7701,15,48,דפנה/התדהר-רעננה<->מסוף כרמלית/הכרמל-תל אביב יפו-1#,20048,1,#,מטרופולין,3,20048
144867928,8960672,21910463_210526,2026-05-21T03:15:00+00:00,2026-05-21T04:38:51+00:00,2026-05-21,7704,15,48,מסוף כרמלית/הכרמל-תל אביב יפו<->דפנה/התדהר-רעננה-2#,20048,2,#,מטרופולין,3,20048
144868072,8960671,2887806_210526,2026-05-21T03:30:00+00:00,2026-05-21T04:52:58+00:00,2026-05-21,7701,15,48,דפנה/התדהר-רעננה<->מסוף כרמלית/הכרמל-תל אביב יפו-1#,20048,1,#,מטרופולין,3,20048
144866148,8960672,8670326_210526,2026-05-21T03:35:00+00:00,2026-05-21T04:58:51+00:00,2026-05-21,7704,15,48,מסוף כרמלית/הכרמל-תל אביב יפו<->דפנה/התדהר-רעננה-2#,20048,2,#,מטרופולין,3,20048
144867889,8960671,2887812_210526,2026-05-21T03:50:00+00:00,2026-05-21T05:12:58+00:00,2026-05-21,7701,15,48,דפנה/התדהר-רעננה<->מסוף כרמלית/הכרמל-תל אביב יפו-1#,20048,1,#,מטרופולין,3,20048
144912909,8960672,2201448_210526,2026-05-21T03:55:00+00:00,2026-05-21T05:18:51+00:00,2026-05-21,7704,15,48,מסוף כרמלית/הכרמל-תל אביב יפו<->דפנה/התדהר-רעננה-2#,20048,2,#,מטרופולין,3,20048
144868073,8960671,3319184_210526,2026-05-21T04:10:00+00:00,2026-05-21T05:32:58+00:00,2026-05-21,7701,15,48,דפנה/התדהר-רעננה<->מסוף כרמלית/הכרמל-תל אביב יפו-1#,20048,1,#,מטרופולין,3,20048
144868368,8960672,21910471_210526,2026-05-21T04:15:00+00:00,2026-05-21T05:38:51+00:00,2026-05-21,7704,15,48,מסוף כרמלית/הכרמל-תל אביב יפו<->דפנה/התדהר-רעננה-2#,20048,2,#,מטרופולין,3,20048
144866980,8960671,2887830_210526,2026-05-21T04:40:00+00:00,2026-05-21T06:02:58+00:00,2026-05-21,7701,15,48,דפנה/התדהר-רעננה<->מסוף כרמלית/הכרמל-תל אביב יפו-1#,20048,1,#,מטרופולין,3,20048
144866145,8960672,21910475_210526,2026-05-21T04:45:00+00:00,2026-05-21T06:08:51+00:00,2026-05-21,7704,15,48,מסוף כרמלית/הכרמל-תל אביב יפו<->דפנה/התדהר-רעננה-2#,20048,2,#,מטרופולין,3,20048
144867888,8960671,2887626_210526,2026-05-21T05:10:00+00:00,2026-05-21T06:32:58+00:00,2026-05-21,7701,15,48,דפנה/התדהר-רעננה<->מסוף כרמלית/הכרמל-תל אביב יפו-1#,20048,1,#,מטרופולין,3,20048
144912906,8960672,21910479_210526,2026-05-21T05:15:00+00:00,2026-05-21T06:38:51+00:00,2026-05-21,7704,15,48,מסוף כרמלית/הכרמל-תל אביב יפו<->דפנה/התדהר-רעננה-2#,20048,2,#,מטרופולין,3,20048
144868342,8960671,3319190_210526,2026-05-21T05:40:00+00:00,2026-05-21T07:02:58+00:00,2026-05-21,7701,15,48,דפנה/התדהר-רעננה<->מסוף כרמלית/הכרמל-תל אביב יפו-1#,20048,1,#,מטרופולין,3,20048
144865815,8960672,21910483_210526,2026-05-21T05:45:00+00:00,2026-05-21T07:08:51+00:00,2026-05-21,7704,15,48,מסוף כרמלית/הכרמל-תל אביב יפו<->דפנה/התדהר-רעננה-2#,20048,2,#,מטרופולין,3,20048
144866082,8960671,3319192_210526,2026-05-21T06:10:00+00:00,2026-05-21T07:32:58+00:00,2026-05-21,7701,15,48,דפנה/התדהר-רעננה<->מסוף כרמלית/הכרמל-תל אביב יפו-1#,20048,1,#,מטרופולין,3,20048
144866146,8960672,39532281_210526,2026-05-21T06:15:00+00:00,2026-05-21T07:38:51+00:00,2026-05-21,7704,15,48,מסוף כרמלית/הכרמל-תל אביב יפו<->דפנה/התדהר-רעננה-2#,20048,2,#,מטרופולין,3,20048
144912903,8960671,2201080_210526,2026-05-21T06:30:00+00:00,2026-05-21T07:52:58+00:00,2026-05-21,7701,15,48,דפנה/התדהר-רעננה<->מסוף כרמלית/הכרמל-תל אביב יפו-1#,20048,1,#,מטרופולין,3,20048
144867929,8960672,584906947_210526,2026-05-21T06:35:00+00:00,2026-05-21T07:58:51+00:00,2026-05-21,7704,15,48,מסוף כרמלית/הכרמל-תל אביב יפו<->דפנה/התדהר-רעננה-2#,20048,2,#,מטרופולין,3,20048
144866977,8960671,2887650_210526,2026-05-21T06:50:00+00:00,2026-05-21T08:12:58+00:00,2026-05-21,7701,15,48,דפנה/התדהר-רעננה<->מסוף כרמלית/הכרמל-תל אביב יפו-1#,20048,1,#,מטרופולין,3,20048
144866147,8960672,57879667_210526,2026-05-21T06:55:00+00:00,2026-05-21T08:18:51+00:00,2026-05-21,7704,15,48,מסוף כרמלית/הכרמל-תל אביב יפו<->דפנה/התדהר-רעננה-2#,20048,2,#,מטרופולין,3,20048
144866978,8960671,2887656_210526,2026-05-21T07:10:00+00:00,2026-05-21T08:32:58+00:00,2026-05-21,7701,15,48,דפנה/התדהר-רעננה<->מסוף כרמלית/הכרמל-תל אביב יפו-1#,20048,1,#,מטרופולין,3,20048
144912907,8960672,21910491_210526,2026-05-21T07:15:00+00:00,2026-05-21T08:38:51+00:00,2026-05-21,7704,15,48,מסוף כרמלית/הכרמל-תל אביב יפו<->דפנה/התדהר-רעננה-2#,20048,2,#,מטרופולין,3,20048
144868370,8960672,584906948_210526,2026-05-21T07:35:00+00:00,2026-05-21T08:58:51+00:00,2026-05-21,7704,15,48,מסוף כרמלית/הכרמל-תל אביב יפו<->דפנה/התדהר-רעננה-2#,20048,2,#,מטרופולין,3,20048
144868074,8960671,586152772_210526,2026-05-21T07:35:00+00:00,2026-05-21T08:57:58+00:00,2026-05-21,7701,15,48,דפנה/התדהר-רעננה<->מסוף כרמלית/הכרמל-תל אביב יפו-1#,20048,1,#,מטרופולין,3,20048
144867890,8960671,586152773_210526,2026-05-21T07:55:00+00:00,2026-05-21T09:17:58+00:00,2026-05-21,7701,15,48,דפנה/התדהר-רעננה<->מסוף כרמלית/הכרמל-תל אביב יפו-1#,20048,1,#,מטרופולין,3,20048
144866084,8960672,584906949_210526,2026-05-21T07:55:00+00:00,2026-05-21T09:18:51+00:00,2026-05-21,7704,15,48,מסוף כרמלית/הכרמל-תל אביב יפו<->דפנה/התדהר-רעננה-2#,20048,2,#,מטרופולין,3,20048
144912910,8960672,39532293_210526,2026-05-21T08:15:00+00:00,2026-05-21T09:38:51+00:00,2026-05-21,7704,15,48,מסוף כרמלית/הכרמל-תל אביב יפו<->דפנה/התדהר-רעננה-2#,20048,2,#,מטרופולין,3,20048
144866079,8960671,2201086_210526,2026-05-21T08:20:00+00:00,2026-05-21T09:42:58+00:00,2026-05-21,7701,15,48,דפנה/התדהר-רעננה<->מסוף כרמלית/הכרמל-תל אביב יפו-1#,20048,1,#,מטרופולין,3,20048
144866085,8960672,584906950_210526,2026-05-21T08:35:00+00:00,2026-05-21T09:58:51+00:00,2026-05-21,7704,15,48,מסוף כרמלית/הכרמל-תל אביב יפו<->דפנה/התדהר-רעננה-2#,20048,2,#,מטרופולין,3,20048
144868343,8960671,3319200_210526,2026-05-21T08:50:00+00:00,2026-05-21T10:12:58+00:00,2026-05-21,7701,15,48,דפנה/התדהר-רעננה<->מסוף כרמלית/הכרמל-תל אביב יפו-1#,20048,1,#,מטרופולין,3,20048
144866086,8960672,584906951_210526,2026-05-21T08:55:00+00:00,2026-05-21T10:18:51+00:00,2026-05-21,7704,15,48,מסוף כרמלית/הכרמל-תל אביב יפו<->דפנה/התדהר-רעננה-2#,20048,2,#,מטרופולין,3,20048
144866080,8960671,2201089_210526,2026-05-21T09:10:00+00:00,2026-05-21T10:32:58+00:00,2026-05-21,7701,15,48,דפנה/התדהר-רעננה<->מסוף כרמלית/הכרמל-תל אביב יפו-1#,20048,1,#,מטרופולין,3,20048
144866088,8960672,585471035_210526,2026-05-21T09:25:00+00:00,2026-05-21T10:48:51+00:00,2026-05-21,7704,15,48,מסוף כרמלית/הכרמל-תל אביב יפו<->דפנה/התדהר-רעננה-2#,20048,2,#,מטרופולין,3,20048
144867887,8960671,2201092_210526,2026-05-21T09:40:00+00:00,2026-05-21T11:02:58+00:00,2026-05-21,7701,15,48,דפנה/התדהר-רעננה<->מסוף כרמלית/הכרמל-תל אביב יפו-1#,20048,1,#,מטרופולין,3,20048
144868075,8960672,584906954_210526,2026-05-21T09:55:00+00:00,2026-05-21T11:18:51+00:00,2026-05-21,7704,15,48,מסוף כרמלית/הכרמל-תל אביב יפו<->דפנה/התדהר-רעננה-2#,20048,2,#,מטרופולין,3,20048
144865797,8960671,2887932_210526,2026-05-21T10:10:00+00:00,2026-05-21T11:32:58+00:00,2026-05-21,7701,15,48,דפנה/התדהר-רעננה<->מסוף כרמלית/הכרמל-תל אביב יפו-1#,20048,1,#,מטרופולין,3,20048
144865818,8960672,585185532_210526,2026-05-21T10:25:00+00:00,2026-05-21T11:48:51+00:00,2026-05-21,7704,15,48,מסוף כרמלית/הכרמל-תל אביב יפו<->דפנה/התדהר-רעננה-2#,20048,2,#,מטרופולין,3,20048
144866979,8960671,2887728_210526,2026-05-21T10:40:00+00:00,2026-05-21T12:02:58+00:00,2026-05-21,7701,15,48,דפנה/התדהר-רעננה<->מסוף כרמלית/הכרמל-תל אביב יפו-1#,20048,1,#,מטרופולין,3,20048
144865816,8960672,21910515_210526,2026-05-21T10:55:00+00:00,2026-05-21T12:18:51+00:00,2026-05-21,7704,15,48,מסוף כרמלית/הכרמל-תל אביב יפו<->דפנה/התדהר-רעננה-2#,20048,2,#,מטרופולין,3,20048
144866078,8960671,16954186_210526,2026-05-21T11:10:00+00:00,2026-05-21T12:32:58+00:00,2026-05-21,7701,15,48,דפנה/התדהר-רעננה<->מסוף כרמלית/הכרמל-תל אביב יפו-1#,20048,1,#,מטרופולין,3,20048
144866087,8960672,585185533_210526,2026-05-21T11:25:00+00:00,2026-05-21T12:48:51+00:00,2026-05-21,7704,15,48,מסוף כרמלית/הכרמל-תל אביב יפו<->דפנה/התדהר-רעננה-2#,20048,2,#,מטרופולין,3,20048
144866981,8960671,4712497_210526,2026-05-21T11:30:00+00:00,2026-05-21T12:52:58+00:00,2026-05-21,7701,15,48,דפנה/התדהר-רעננה<->מסוף כרמלית/הכרמל-תל אביב יפו-1#,20048,1,#,מטרופולין,3,20048
144912911,8960672,4549411_210526,2026-05-21T12:00:00+00:00,2026-05-21T13:23:51+00:00,2026-05-21,7704,15,48,מסוף כרמלית/הכרמל-תל אביב יפו<->דפנה/התדהר-רעננה-2#,20048,2,#,מטרופולין,3,20048
144868071,8960671,2887752_210526,2026-05-21T12:05:00+00:00,2026-05-21T13:27:58+00:00,2026-05-21,7701,15,48,דפנה/התדהר-רעננה<->מסוף כרמלית/הכרמל-תל אביב יפו-1#,20048,1,#,מטרופולין,3,20048
144912908,8960672,21910525_210526,2026-05-21T12:35:00+00:00,2026-05-21T13:58:51+00:00,2026-05-21,7704,15,48,מסוף כרמלית/הכרמל-תל אביב יפו<->דפנה/התדהר-רעננה-2#,20048,2,#,מטרופולין,3,20048
144866081,8960671,2887968_210526,2026-05-21T12:40:00+00:00,2026-05-21T14:02:58+00:00,2026-05-21,7701,15,48,דפנה/התדהר-רעננה<->מסוף כרמלית/הכרמל-תל אביב יפו-1#,20048,1,#,מטרופולין,3,20048
144868369,8960672,39126467_210526,2026-05-21T13:10:00+00:00,2026-05-21T14:33:51+00:00,2026-05-21,7704,15,48,מסוף כרמלית/הכרמל-תל אביב יפו<->דפנה/התדהר-רעננה-2#,20048,2,#,מטרופולין,3,20048
144866083,8960671,3319219_210526,2026-05-21T13:15:00+00:00,2026-05-21T14:37:58+00:00,2026-05-21,7701,15,48,דפנה/התדהר-רעננה<->מסוף כרמלית/הכרמל-תל אביב יפו-1#,20048,1,#,מטרופולין,3,20048
144867069,8960672,4549441_210526,2026-05-21T13:45:00+00:00,2026-05-21T15:08:51+00:00,2026-05-21,7704,15,48,מסוף כרמלית/הכרמל-תל אביב יפו<->דפנה/התדהר-רעננה-2#,20048,2,#,מטרופולין,3,20048
144590357,8941822,24059430_170526,2026-05-18T02:30:00+00:00,2026-05-18T03:10:26+00:00,2026-05-18,7705,15,90,השונית/יורדי ים-הרצליה<->מסוף כרמלית/הכרמל-תל אביב יפו-1#,25090,1,#,מטרופולין,3,25090
144587223,8941823,24059729_170526,2026-05-18T02:30:00+00:00,2026-05-18T03:12:59+00:00,2026-05-18,7707,15,90,מסוף כרמלית/הכרמל-תל אביב יפו<->השונית/יורדי ים-הרצליה-2#,25090,2,#,מטרופולין,3,25090
144590360,8941822,45491370_170526,2026-05-18T02:40:00+00:00,2026-05-18T03:20:26+00:00,2026-05-18,7705,15,90,השונית/יורדי ים-הרצליה<->מסוף כרמלית/הכרמל-תל אביב יפו-1#,25090,1,#,מטרופולין,3,25090
144553264,8941822,586152148_170526,2026-05-18T02:50:00+00:00,2026-05-18T03:30:26+00:00,2026-05-18,7705,15,90,השונית/יורדי ים-הרצליה<->מסוף כרמלית/הכרמל-תל אביב יפו-1#,25090,1,#,מטרופולין,3,25090
144589113,8941823,586152144_170526,2026-05-18T02:55:00+00:00,2026-05-18T03:37:59+00:00,2026-05-18,7707,15,90,מסוף כרמלית/הכרמל-תל אביב יפו<->השונית/יורדי ים-הרצליה-2#,25090,2,#,מטרופולין,3,25090
144590218,8941822,2201540_170526,2026-05-18T03:00:00+00:00,2026-05-18T03:40:26+00:00,2026-05-18,7705,15,90,השונית/יורדי ים-הרצליה<->מסוף כרמלית/הכרמל-תל אביב יפו-1#,25090,1,#,מטרופולין,3,25090
144589509,8941823,586077478_170526,2026-05-18T03:15:00+00:00,2026-05-18T03:57:59+00:00,2026-05-18,7707,15,90,מסוף כרמלית/הכרמל-תל אביב יפו<->השונית/יורדי ים-הרצליה-2#,25090,2,#,מטרופולין,3,25090
144589501,8941822,2201541_170526,2026-05-18T03:25:00+00:00,2026-05-18T04:05:26+00:00,2026-05-18,7705,15,90,השונית/יורדי ים-הרצליה<->מסוף כרמלית/הכרמל-תל אביב יפו-1#,25090,1,#,מטרופולין,3,25090
144587220,8941823,2201746_170526,2026-05-18T03:35:00+00:00,2026-05-18T04:17:59+00:00,2026-05-18,7707,15,90,מסוף כרמלית/הכרמל-תל אביב יפו<->השונית/יורדי ים-הרצליה-2#,25090,2,#,מטרופולין,3,25090
144590354,8941822,2201542_170526,2026-05-18T03:50:00+00:00,2026-05-18T04:30:26+00:00,2026-05-18,7705,15,90,השונית/יורדי ים-הרצליה<->מסוף כרמלית/הכרמל-תל אביב יפו-1#,25090,1,#,מטרופולין,3,25090
144590227,8941823,2201747_170526,2026-05-18T03:50:00+00:00,2026-05-18T04:32:59+00:00,2026-05-18,7707,15,90,מסוף כרמלית/הכרמל-תל אביב יפו<->השונית/יורדי ים-הרצליה-2#,25090,2,#,מטרופולין,3,25090
144588098,8941823,2201748_170526,2026-05-18T04:02:00+00:00,2026-05-18T04:44:59+00:00,2026-05-18,7707,15,90,מסוף כרמלית/הכרמל-תל אביב יפו<->השונית/יורדי ים-הרצליה-2#,25090,2,#,מטרופולין,3,25090
144590355,8941822,2201543_170526,2026-05-18T04:05:00+00:00,2026-05-18T04:45:26+00:00,2026-05-18,7705,15,90,השונית/יורדי ים-הרצליה<->מסוף כרמלית/הכרמל-תל אביב יפו-1#,25090,1,#,מטרופולין,3,25090
144589111,8941823,584907901_170526,2026-05-18T04:14:00+00:00,2026-05-18T04:56:59+00:00,2026-05-18,7707,15,90,מסוף כרמלית/הכרמל-תל אביב יפו<->השונית/יורדי ים-הרצליה-2#,25090,2,#,מטרופולין,3,25090
144590219,8941822,2201544_170526,2026-05-18T04:20:00+00:00,2026-05-18T05:00:26+00:00,2026-05-18,7705,15,90,השונית/יורדי ים-הרצליה<->מסוף כרמלית/הכרמל-תל אביב יפו-1#,25090,1,#,מטרופולין,3,25090
144590376,8941823,584907902_170526,2026-05-18T04:26:00+00:00,2026-05-18T05:08:59+00:00,2026-05-18,7707,15,90,מסוף כרמלית/הכרמל-תל אביב יפו<->השונית/יורדי ים-הרצליה-2#,25090,2,#,מטרופולין,3,25090
144553259,8941822,2201545_170526,2026-05-18T04:35:00+00:00,2026-05-18T05:15:26+00:00,2026-05-18,7705,15,90,השונית/יורדי ים-הרצליה<->מסוף כרמלית/הכרמל-תל אביב יפו-1#,25090,1,#,מטרופולין,3,25090
144587225,8941823,584907903_170526,2026-05-18T04:38:00+00:00,2026-05-18T05:20:59+00:00,2026-05-18,7707,15,90,מסוף כרמלית/הכרמל-תל אביב יפו<->השונית/יורדי ים-הרצליה-2#,25090,2,#,מטרופולין,3,25090
144587158,8941823,19637704_170526,2026-05-18T04:50:00+00:00,2026-05-18T05:32:59+00:00,2026-05-18,7707,15,90,מסוף כרמלית/הכרמל-תל אביב יפו<->השונית/יורדי ים-הרצליה-2#,25090,2,#,מטרופולין,3,25090
144586987,8941822,2201546_170526,2026-05-18T04:50:00+00:00,2026-05-18T05:30:26+00:00,2026-05-18,7705,15,90,השונית/יורדי ים-הרצליה<->מסוף כרמלית/הכרמל-תל אביב יפו-1#,25090,1,#,מטרופולין,3,25090
144589112,8941823,585888210_170526,2026-05-18T05:05:00+00:00,2026-05-18T05:47:59+00:00,2026-05-18,7707,15,90,מסוף כרמלית/הכרמל-תל אביב יפו<->השונית/יורדי ים-הרצליה-2#,25090,2,#,מטרופולין,3,25090
144553256,8941822,19637410_170526,2026-05-18T05:05:00+00:00,2026-05-18T05:45:26+00:00,2026-05-18,7705,15,90,השונית/יורדי ים-הרצליה<->מסוף כרמלית/הכרמל-תל אביב יפו-1#,25090,1,#,מטרופולין,3,25090
144553257,8941822,19637415_170526,2026-05-18T05:20:00+00:00,2026-05-18T06:00:26+00:00,2026-05-18,7705,15,90,השונית/יורדי ים-הרצליה<->מסוף כרמלית/הכרמל-תל אביב יפו-1#,25090,1,#,מטרופולין,3,25090
144587161,8941823,585888211_170526,2026-05-18T05:25:00+00:00,2026-05-18T06:07:59+00:00,2026-05-18,7707,15,90,מסוף כרמלית/הכרמל-תל אביב יפו<->השונית/יורדי ים-הרצליה-2#,25090,2,#,מטרופולין,3,25090
144590223,8941822,585369939_170526,2026-05-18T05:35:00+00:00,2026-05-18T06:15:26+00:00,2026-05-18,7705,15,90,השונית/יורדי ים-הרצליה<->מסוף כרמלית/הכרמל-תל אביב יפו-1#,25090,1,#,מטרופולין,3,25090
144587221,8941823,22761076_170526,2026-05-18T05:45:00+00:00,2026-05-18T06:27:59+00:00,2026-05-18,7707,15,90,מסוף כרמלית/הכרמל-תל אביב יפו<->השונית/יורדי ים-הרצליה-2#,25090,2,#,מטרופולין,3,25090
144586933,8941822,2910289_170526,2026-05-18T05:50:00+00:00,2026-05-18T06:30:26+00:00,2026-05-18,7705,15,90,השונית/יורדי ים-הרצליה<->מסוף כרמלית/הכרמל-תל אביב יפו-1#,25090,1,#,מטרופולין,3,25090
144590356,8941822,2201549_170526,2026-05-18T06:05:00+00:00,2026-05-18T06:45:26+00:00,2026-05-18,7705,15,90,השונית/יורדי ים-הרצליה<->מסוף כרמלית/הכרמל-תל אביב יפו-1#,25090,1,#,מטרופולין,3,25090
144553270,8941823,585888212_170526,2026-05-18T06:05:00+00:00,2026-05-18T06:47:59+00:00,2026-05-18,7707,15,90,מסוף כרמלית/הכרמל-תל אביב יפו<->השונית/יורדי ים-הרצליה-2#,25090,2,#,מטרופולין,3,25090
144553269,8941823,30443960_170526,2026-05-18T06:25:00+00:00,2026-05-18T07:07:59+00:00,2026-05-18,7707,15,90,מסוף כרמלית/הכרמל-תל אביב יפו<->השונית/יורדי ים-הרצליה-2#,25090,2,#,מטרופולין,3,25090
144553258,8941822,19637440_170526,2026-05-18T06:25:00+00:00,2026-05-18T07:05:26+00:00,2026-05-18,7705,15,90,השונית/יורדי ים-הרצליה<->מסוף כרמלית/הכרמל-תל אביב יפו-1#,25090,1,#,מטרופולין,3,25090
144587832,8941822,19637450_170526,2026-05-18T06:45:00+00:00,2026-05-18T07:25:26+00:00,2026-05-18,7705,15,90,השונית/יורדי ים-הרצליה<->מסוף כרמלית/הכרמל-תל אביב יפו-1#,25090,1,#,מטרופולין,3,25090
144553267,8941823,22761079_170526,2026-05-18T06:45:00+00:00,2026-05-18T07:27:59+00:00,2026-05-18,7707,15,90,מסוף כרמלית/הכרמל-תל אביב יפו<->השונית/יורדי ים-הרצליה-2#,25090,2,#,מטרופולין,3,25090
144590377,8941823,585888213_170526,2026-05-18T07:05:00+00:00,2026-05-18T07:47:59+00:00,2026-05-18,7707,15,90,מסוף כרמלית/הכרמל-תל אביב יפו<->השונית/יורדי ים-הרצליה-2#,25090,2,#,מטרופולין,3,25090
144587835,8941822,2201551_170526,2026-05-18T07:05:00+00:00,2026-05-18T07:45:26+00:00,2026-05-18,7705,15,90,השונית/יורדי ים-הרצליה<->מסוף כרמלית/הכרמל-תל אביב יפו-1#,25090,1,#,מטרופולין,3,25090
144590229,8941823,33030291_170526,2026-05-18T07:30:00+00:00,2026-05-18T08:12:59+00:00,2026-05-18,7707,15,90,מסוף כרמלית/הכרמל-תל אביב יפו<->השונית/יורדי ים-הרצליה-2#,25090,2,#,מטרופולין,3,25090
144553262,8941822,3249678_170526,2026-05-18T07:30:00+00:00,2026-05-18T08:10:26+00:00,2026-05-18,7705,15,90,השונית/יורדי ים-הרצליה<->מסוף כרמלית/הכרמל-תל אביב יפו-1#,25090,1,#,מטרופולין,3,25090
144588137,8941823,585888214_170526,2026-05-18T07:55:00+00:00,2026-05-18T08:37:59+00:00,2026-05-18,7707,15,90,מסוף כרמלית/הכרמל-תל אביב יפו<->השונית/יורדי ים-הרצליה-2#,25090,2,#,מטרופולין,3,25090
144587833,8941822,19637475_170526,2026-05-18T07:55:00+00:00,2026-05-18T08:35:26+00:00,2026-05-18,7705,15,90,השונית/יורדי ים-הרצליה<->מסוף כרמלית/הכרמל-תל אביב יפו-1#,25090,1,#,מטרופולין,3,25090
144590230,8941823,586139682_170526,2026-05-18T08:10:00+00:00,2026-05-18T08:52:59+00:00,2026-05-18,7707,15,90,מסוף כרמלית/הכרמל-תל אביב יפו<->השונית/יורדי ים-הרצליה-2#,25090,2,#,מטרופולין,3,25090
144590372,8941823,19637764_170526,2026-05-18T08:20:00+00:00,2026-05-18T09:02:59+00:00,2026-05-18,7707,15,90,מסוף כרמלית/הכרמל-תל אביב יפו<->השונית/יורדי ים-הרצליה-2#,25090,2,#,מטרופולין,3,25090
144590220,8941822,2888049_170526,2026-05-18T08:20:00+00:00,2026-05-18T09:00:26+00:00,2026-05-18,7705,15,90,השונית/יורדי ים-הרצליה<->מסוף כרמלית/הכרמל-תל אביב יפו-1#,25090,1,#,מטרופולין,3,25090
144587836,8941822,22761034_170526,2026-05-18T08:45:00+00:00,2026-05-18T09:25:26+00:00,2026-05-18,7705,15,90,השונית/יורדי ים-הרצליה<->מסוף כרמלית/הכרמל-תל אביב יפו-1#,25090,1,#,מטרופולין,3,25090
144587226,8941823,585888215_170526,2026-05-18T08:45:00+00:00,2026-05-18T09:27:59+00:00,2026-05-18,7707,15,90,מסוף כרמלית/הכרמל-תל אביב יפו<->השונית/יורדי ים-הרצליה-2#,25090,2,#,מטרופולין,3,25090
144590379,8941823,586152147_170526,2026-05-18T08:55:00+00:00,2026-05-18T09:37:59+00:00,2026-05-18,7707,15,90,מסוף כרמלית/הכרמל-תל אביב יפו<->השונית/יורדי ים-הרצליה-2#,25090,2,#,מטרופולין,3,25090
144587160,8941823,584888629_170526,2026-05-18T09:10:00+00:00,2026-05-18T09:52:59+00:00,2026-05-18,7707,15,90,מסוף כרמלית/הכרמל-תל אביב יפו<->השונית/יורדי ים-הרצליה-2#,25090,2,#,מטרופולין,3,25090
144586932,8941822,2201555_170526,2026-05-18T09:10:00+00:00,2026-05-18T09:50:26+00:00,2026-05-18,7705,15,90,השונית/יורדי ים-הרצליה<->מסוף כרמלית/הכרמל-תל אביב יפו-1#,25090,1,#,מטרופולין,3,25090
144589512,8941823,586152145_170526,2026-05-18T09:25:00+00:00,2026-05-18T10:07:59+00:00,2026-05-18,7707,15,90,מסוף כרמלית/הכרמל-תל אביב יפו<->השונית/יורדי ים-הרצליה-2#,25090,2,#,מטרופולין,3,25090
144587848,8941822,24059440_170526,2026-05-18T09:35:00+00:00,2026-05-18T10:15:26+00:00,2026-05-18,7705,15,90,השונית/יורדי ים-הרצליה<->מסוף כרמלית/הכרמל-תל אביב יפו-1#,25090,1,#,מטרופולין,3,25090
144553268,8941823,24059749_170526,2026-05-18T09:35:00+00:00,2026-05-18T10:17:59+00:00,2026-05-18,7707,15,90,מסוף כרמלית/הכרמל-תל אביב יפו<->השונית/יורדי ים-הרצליה-2#,25090,2,#,מטרופולין,3,25090
144589506,8941823,30443746_170526,2026-05-18T10:00:00+00:00,2026-05-18T10:42:59+00:00,2026-05-18,7707,15,90,מסוף כרמלית/הכרמל-תל אביב יפו<->השונית/יורדי ים-הרצליה-2#,25090,2,#,מטרופולין,3,25090
144589503,8941822,33027095_170526,2026-05-18T10:00:00+00:00,2026-05-18T10:40:26+00:00,2026-05-18,7705,15,90,השונית/יורדי ים-הרצליה<->מסוף כרמלית/הכרמל-תל אביב יפו-1#,25090,1,#,מטרופולין,3,25090
144590375,8941823,30443920_170526,2026-05-18T10:15:00+00:00,2026-05-18T10:57:59+00:00,2026-05-18,7707,15,90,מסוף כרמלית/הכרמל-תל אביב יפו<->השונית/יורדי ים-הרצליה-2#,25090,2,#,מטרופולין,3,25090
144590378,8941823,585888216_170526,2026-05-18T10:25:00+00:00,2026-05-18T11:07:59+00:00,2026-05-18,7707,15,90,מסוף כרמלית/הכרמל-תל אביב יפו<->השונית/יורדי ים-הרצליה-2#,25090,2,#,מטרופולין,3,25090
144588040,8941822,584906993_170526,2026-05-18T10:25:00+00:00,2026-05-18T11:05:26+00:00,2026-05-18,7705,15,90,השונית/יורדי ים-הרצליה<->מסוף כרמלית/הכרמל-תל אביב יפו-1#,25090,1,#,מטרופולין,3,25090
144590373,8941823,19637789_170526,2026-05-18T10:50:00+00:00,2026-05-18T11:32:59+00:00,2026-05-18,7707,15,90,מסוף כרמלית/הכרמל-תל אביב יפו<->השונית/יורדי ים-הרצליה-2#,25090,2,#,מטרופולין,3,25090
144586934,8941822,2910299_170526,2026-05-18T10:50:00+00:00,2026-05-18T11:30:26+00:00,2026-05-18,7705,15,90,השונית/יורדי ים-הרצליה<->מסוף כרמלית/הכרמל-תל אביב יפו-1#,25090,1,#,מטרופולין,3,25090
144588915,8941822,584906994_170526,2026-05-18T11:05:00+00:00,2026-05-18T11:45:26+00:00,2026-05-18,7705,15,90,השונית/יורדי ים-הרצליה<->מסוף כרמלית/הכרמל-תל אביב יפו-1#,25090,1,#,מטרופולין,3,25090
144587222,8941823,23198620_170526,2026-05-18T11:15:00+00:00,2026-05-18T11:57:59+00:00,2026-05-18,7707,15,90,מסוף כרמלית/הכרמל-תל אביב יפו<->השונית/יורדי ים-הרצליה-2#,25090,2,#,מטרופולין,3,25090
144586988,8941822,2888069_170526,2026-05-18T11:15:00+00:00,2026-05-18T11:55:26+00:00,2026-05-18,7705,15,90,השונית/יורדי ים-הרצליה<->מסוף כרמלית/הכרמל-תל אביב יפו-1#,25090,1,#,מטרופולין,3,25090
144588914,8941822,3249698_170526,2026-05-18T11:30:00+00:00,2026-05-18T12:10:26+00:00,2026-05-18,7705,15,90,השונית/יורדי ים-הרצליה<->מסוף כרמלית/הכרמל-תל אביב יפו-1#,25090,1,#,מטרופולין,3,25090
144587224,8941823,33030310_170526,2026-05-18T11:40:00+00:00,2026-05-18T12:22:59+00:00,2026-05-18,7707,15,90,מסוף כרמלית/הכרמל-תל אביב יפו<->השונית/יורדי ים-הרצליה-2#,25090,2,#,מטרופולין,3,25090
144587834,8941822,19637515_170526,2026-05-18T11:45:00+00:00,2026-05-18T12:25:26+00:00,2026-05-18,7705,15,90,השונית/יורדי ים-הרצליה<->מסוף כרמלית/הכרמל-תל אביב יפו-1#,25090,1,#,מטרופולין,3,25090
144588134,8941823,23198621_170526,2026-05-18T12:00:00+00:00,2026-05-18T12:42:59+00:00,2026-05-18,7707,15,90,מסוף כרמלית/הכרמל-תל אביב יפו<->השונית/יורדי ים-הרצליה-2#,25090,2,#,מטרופולין,3,25090
144586992,8941822,584906995_170526,2026-05-18T12:05:00+00:00,2026-05-18T12:45:26+00:00,2026-05-18,7705,15,90,השונית/יורדי ים-הרצליה<->מסוף כרמלית/הכרמל-תל אביב יפו-1#,25090,1,#,מטרופולין,3,25090
144553265,8941823,19637814_170526,2026-05-18T12:20:00+00:00,2026-05-18T13:02:59+00:00,2026-05-18,7707,15,90,מסוף כרמלית/הכרמל-תל אביב יפו<->השונית/יורדי ים-הרצליה-2#,25090,2,#,מטרופולין,3,25090
144553260,8941822,2910302_170526,2026-05-18T12:30:00+00:00,2026-05-18T13:10:26+00:00,2026-05-18,7705,15,90,השונית/יורדי ים-הרצליה<->מסוף כרמלית/הכרמל-תל אביב יפו-1#,25090,1,#,מטרופולין,3,25090
144587159,8941823,19637819_170526,2026-05-18T12:40:00+00:00,2026-05-18T13:22:59+00:00,2026-05-18,7707,15,90,מסוף כרמלית/הכרמל-תל אביב יפו<->השונית/יורדי ים-הרצליה-2#,25090,2,#,מטרופולין,3,25090
144553261,8941822,2910303_170526,2026-05-18T12:55:00+00:00,2026-05-18T13:35:26+00:00,2026-05-18,7705,15,90,השונית/יורדי ים-הרצליה<->מסוף כרמלית/הכרמל-תל אביב יפו-1#,25090,1,#,מטרופולין,3,25090
144588136,8941823,33027277_170526,2026-05-18T13:00:00+00:00,2026-05-18T13:42:59+00:00,2026-05-18,7707,15,90,מסוף כרמלית/הכרמל-תל אביב יפו<->השונית/יורדי ים-הרצליה-2#,25090,2,#,מטרופולין,3,25090
144586937,8941822,585887785_170526,2026-05-18T13:10:00+00:00,2026-05-18T13:50:26+00:00,2026-05-18,7705,15,90,השונית/יורדי ים-הרצליה<->מסוף כרמלית/הכרמל-תל אביב יפו-1#,25090,1,#,מטרופולין,3,25090
144587229,8941823,585888217_170526,2026-05-18T13:15:00+00:00,2026-05-18T13:57:59+00:00,2026-05-18,7707,15,90,מסוף כרמלית/הכרמל-תל אביב יפו<->השונית/יורדי ים-הרצליה-2#,25090,2,#,מטרופולין,3,25090
144586989,8941822,2910304_170526,2026-05-18T13:25:00+00:00,2026-05-18T14:05:26+00:00,2026-05-18,7705,15,90,השונית/יורדי ים-הרצליה<->מסוף כרמלית/הכרמל-תל אביב יפו-1#,25090,1,#,מטרופולין,3,25090
144589110,8941823,33030287_170526,2026-05-18T13:30:00+00:00,2026-05-18T14:12:59+00:00,2026-05-18,7707,15,90,מסוף כרמלית/הכרמל-תל אביב יפו<->השונית/יורדי ים-הרצליה-2#,25090,2,#,מטרופולין,3,25090
144588032,8941822,33030047_170526,2026-05-18T13:40:00+00:00,2026-05-18T14:20:26+00:00,2026-05-18,7705,15,90,השונית/יורדי ים-הרצליה<->מסוף כרמלית/הכרמל-תל אביב יפו-1#,25090,1,#,מטרופולין,3,25090
144589106,8941823,19637839_170526,2026-05-18T13:45:00+00:00,2026-05-18T14:27:59+00:00,2026-05-18,7707,15,90,מסוף כרמלית/הכרמל-תל אביב יפו<->השונית/יורדי ים-הרצליה-2#,25090,2,#,מטרופולין,3,25090
144590359,8941822,2910305_170526,2026-05-18T13:55:00+00:00,2026-05-18T14:35:26+00:00,2026-05-18,7705,15,90,השונית/יורדי ים-הרצליה<->מסוף כרמלית/הכרמל-תל אביב יפו-1#,25090,1,#,מטרופולין,3,25090
144589107,8941823,19637844_170526,2026-05-18T14:00:00+00:00,2026-05-18T14:42:59+00:00,2026-05-18,7707,15,90,מסוף כרמלית/הכרמל-תל אביב יפו<->השונית/יורדי ים-הרצליה-2#,25090,2,#,מטרופולין,3,25090
144589502,8941822,27145500_170526,2026-05-18T14:10:00+00:00,2026-05-18T14:50:26+00:00,2026-05-18,7705,15,90,השונית/יורדי ים-הרצליה<->מסוף כרמלית/הכרמל-תל אביב יפו-1#,25090,1,#,מטרופולין,3,25090
144590225,8941823,19637849_170526,2026-05-18T14:15:00+00:00,2026-05-18T14:57:59+00:00,2026-05-18,7707,15,90,מסוף כרמלית/הכרמל-תל אביב יפו<->השונית/יורדי ים-הרצליה-2#,25090,2,#,מטרופולין,3,25090
144586931,8941822,19637565_170526,2026-05-18T14:25:00+00:00,2026-05-18T15:05:26+00:00,2026-05-18,7705,15,90,השונית/יורדי ים-הרצליה<->מסוף כרמלית/הכרמל-תל אביב יפו-1#,25090,1,#,מטרופולין,3,25090
144590226,8941823,19637854_170526,2026-05-18T14:30:00+00:00,2026-05-18T15:12:59+00:00,2026-05-18,7707,15,90,מסוף כרמלית/הכרמל-תל אביב יפו<->השונית/יורדי ים-הרצליה-2#,25090,2,#,מטרופולין,3,25090
144590358,8941822,27145510_170526,2026-05-18T14:40:00+00:00,2026-05-18T15:20:26+00:00,2026-05-18,7705,15,90,השונית/יורדי ים-הרצליה<->מסוף כרמלית/הכרמל-תל אביב יפו-1#,25090,1,#,מטרופולין,3,25090
144553266,8941823,19637859_170526,2026-05-18T14:45:00+00:00,2026-05-18T15:27:59+00:00,2026-05-18,7707,15,90,מסוף כרמלית/הכרמל-תל אביב יפו<->השונית/יורדי ים-הרצליה-2#,25090,2,#,מטרופולין,3,25090
144553263,8941822,585887786_170526,2026-05-18T14:55:00+00:00,2026-05-18T15:35:26+00:00,2026-05-18,7705,15,90,השונית/יורדי ים-הרצליה<->מסוף כרמלית/הכרמל-תל אביב יפו-1#,25090,1,#,מטרופולין,3,25090
144589108,8941823,19637864_170526,2026-05-18T15:00:00+00:00,2026-05-18T15:42:59+00:00,2026-05-18,7707,15,90,מסוף כרמלית/הכרמל-תל אביב יפו<->השונית/יורדי ים-הרצליה-2#,25090,2,#,מטרופולין,3,25090
144590224,8941822,585442520_170526,2026-05-18T15:10:00+00:00,2026-05-18T15:50:26+00:00,2026-05-18,7705,15,90,השונית/יורדי ים-הרצליה<->מסוף כרמלית/הכרמל-תל אביב יפו-1#,25090,1,#,מטרופולין,3,25090
144587162,8941823,585888218_170526,2026-05-18T15:20:00+00:00,2026-05-18T16:02:59+00:00,2026-05-18,7707,15,90,מסוף כרמלית/הכרמל-תל אביב יפו<->השונית/יורדי ים-הרצליה-2#,25090,2,#,מטרופולין,3,25090
144587851,8941822,2910310_170526,2026-05-18T15:30:00+00:00,2026-05-18T16:10:26+00:00,2026-05-18,7705,15,90,השונית/יורדי ים-הרצליה<->מסוף כרמלית/הכרמל-תל אביב יפו-1#,25090,1,#,מטרופולין,3,25090
144589508,8941823,585113397_170526,2026-05-18T15:40:00+00:00,2026-05-18T16:22:59+00:00,2026-05-18,7707,15,90,מסוף כרמלית/הכרמל-תל אביב יפו<->השונית/יורדי ים-הרצליה-2#,25090,2,#,מטרופולין,3,25090
144586936,8941822,584907001_170526,2026-05-18T15:50:00+00:00,2026-05-18T16:30:26+00:00,2026-05-18,7705,15,90,השונית/יורדי ים-הרצליה<->מסוף כרמלית/הכרמל-תל אביב יפו-1#,25090,1,#,מטרופולין,3,25090
144586993,8941822,585113379_170526,2026-05-18T16:10:00+00:00,2026-05-18T16:50:26+00:00,2026-05-18,7705,15,90,השונית/יורדי ים-הרצליה<->מסוף כרמלית/הכרמל-תל אביב יפו-1#,25090,1,#,מטרופולין,3,25090
144588135,8941823,30443846_170526,2026-05-18T16:20:00+00:00,2026-05-18T17:02:59+00:00,2026-05-18,7707,15,90,מסוף כרמלית/הכרמל-תל אביב יפו<->השונית/יורדי ים-הרצליה-2#,25090,2,#,מטרופולין,3,25090
144586990,8941822,2910312_170526,2026-05-18T16:30:00+00:00,2026-05-18T17:10:26+00:00,2026-05-18,7705,15,90,השונית/יורדי ים-הרצליה<->מסוף כרמלית/הכרמל-תל אביב יפו-1#,25090,1,#,מטרופולין,3,25090
144590228,8941823,30443975_170526,2026-05-18T16:40:00+00:00,2026-05-18T17:22:59+00:00,2026-05-18,7707,15,90,מסוף כרמלית/הכרמל-תל אביב יפו<->השונית/יורדי ים-הרצליה-2#,25090,2,#,מטרופולין,3,25090
144586994,8941822,585887787_170526,2026-05-18T16:50:00+00:00,2026-05-18T17:30:26+00:00,2026-05-18,7705,15,90,השונית/יורדי ים-הרצליה<->מסוף כרמלית/הכרמל-תל אביב יפו-1#,25090,1,#,מטרופולין,3,25090
144587196,8941823,19637884_170526,2026-05-18T17:00:00+00:00,2026-05-18T17:42:59+00:00,2026-05-18,7707,15,90,מסוף כרמלית/הכרמל-תל אביב יפו<->השונית/יורדי ים-הרצליה-2#,25090,2,#,מטרופולין,3,25090
144586995,8941822,585887788_170526,2026-05-18T17:10:00+00:00,2026-05-18T17:50:26+00:00,2026-05-18,7705,15,90,השונית/יורדי ים-הרצליה<->מסוף כרמלית/הכרמל-תל אביב יפו-1#,25090,1,#,מטרופולין,3,25090
144587219,8941823,19637889_170526,2026-05-18T17:30:00+00:00,2026-05-18T18:12:59+00:00,2026-05-18,7707,15,90,מסוף כרמלית/הכרמל-תל אביב יפו<->השונית/יורדי ים-הרצליה-2#,25090,2,#,מטרופולין,3,25090
144586991,8941822,2910314_170526,2026-05-18T17:30:00+00:00,2026-05-18T18:10:26+00:00,2026-05-18,7705,15,90,השונית/יורדי ים-הרצליה<->מסוף כרמלית/הכרמל-תל אביב יפו-1#,25090,1,#,מטרופולין,3,25090
144590221,8941822,584888612_170526,2026-05-18T17:50:00+00:00,2026-05-18T18:30:26+00:00,2026-05-18,7705,15,90,השונית/יורדי ים-הרצליה<->מסוף כרמלית/הכרמל-תל אביב יפו-1#,25090,1,#,מטרופולין,3,25090
144588097,8941823,19637894_170526,2026-05-18T18:00:00+00:00,2026-05-18T18:42:59+00:00,2026-05-18,7707,15,90,מסוף כרמלית/הכרמל-תל אביב יפו<->השונית/יורדי ים-הרצליה-2#,25090,2,#,מטרופולין,3,25090
144590222,8941822,585113381_170526,2026-05-18T18:10:00+00:00,2026-05-18T18:50:26+00:00,2026-05-18,7705,15,90,השונית/יורדי ים-הרצליה<->מסוף כרמלית/הכרמל-תל אביב יפו-1#,25090,1,#,מטרופולין,3,25090
144587230,8941823,586136435_170526,2026-05-18T18:15:00+00:00,2026-05-18T18:57:59+00:00,2026-05-18,7707,15,90,מסוף כרמלית/הכרמל-תל אביב יפו<->השונית/יורדי ים-הרצליה-2#,25090,2,#,מטרופולין,3,25090
144589109,8941823,19637899_170526,2026-05-18T18:30:00+00:00,2026-05-18T19:12:59+00:00,2026-05-18,7707,15,90,מסוף כרמלית/הכרמל-תל אביב יפו<->השונית/יורדי ים-הרצליה-2#,25090,2,#,מטרופולין,3,25090
144587934,8941822,2910316_170526,2026-05-18T18:30:00+00:00,2026-05-18T19:10:26+00:00,2026-05-18,7705,15,90,השונית/יורדי ים-הרצליה<->מסוף כרמלית/הכרמל-תל אביב יפו-1#,25090,1,#,מטרופולין,3,25090
144589504,8941822,585887789_170526,2026-05-18T18:50:00+00:00,2026-05-18T19:30:26+00:00,2026-05-18,7705,15,90,השונית/יורדי ים-הרצליה<->מסוף כרמלית/הכרמל-תל אביב יפו-1#,25090,1,#,מטרופולין,3,25090
144589507,8941823,30443980_170526,2026-05-18T19:00:00+00:00,2026-05-18T19:42:59+00:00,2026-05-18,7707,15,90,מסוף כרמלית/הכרמל-תל אביב יפו<->השונית/יורדי ים-הרצליה-2#,25090,2,#,מטרופולין,3,25090
144590362,8941822,585887790_170526,2026-05-18T19:10:00+00:00,2026-05-18T19:50:26+00:00,2026-05-18,7705,15,90,השונית/יורדי ים-הרצליה<->מסוף כרמלית/הכרמל-תל אביב יפו-1#,25090,1,#,מטרופולין,3,25090
144589505,8941823,19637904_170526,2026-05-18T19:30:00+00:00,2026-05-18T20:12:59+00:00,2026-05-18,7707,15,90,מסוף כרמלית/הכרמל-תל אביב יפו<->השונית/יורדי ים-הרצליה-2#,25090,2,#,מטרופולין,3,25090
144586935,8941822,2910317_170526,2026-05-18T19:30:00+00:00,2026-05-18T20:10:26+00:00,2026-05-18,7705,15,90,השונית/יורדי ים-הרצליה<->מסוף כרמלית/הכרמל-תל אביב יפו-1#,25090,1,#,מטרופולין,3,25090
144587231,8941823,586152149_170526,2026-05-18T19:45:00+00:00,2026-05-18T20:27:59+00:00,2026-05-18,7707,15,90,מסוף כרמלית/הכרמל-תל אביב יפו<->השונית/יורדי ים-הרצליה-2#,25090,2,#,מטרופולין,3,25090
144586938,8941822,585887791_170526,2026-05-18T19:50:00+00:00,2026-05-18T20:30:26+00:00,2026-05-18,7705,15,90,השונית/יורדי ים-הרצליה<->מסוף כרמלית/הכרמל-תל אביב יפו-1#,25090,1,#,מטרופולין,3,25090
144590374,8941823,24059764_170526,2026-05-18T20:00:00+00:00,2026-05-18T20:42:59+00:00,2026-05-18,7707,15,90,מסוף כרמלית/הכרמל-תל אביב יפו<->השונית/יורדי ים-הרצליה-2#,25090,2,#,מטרופולין,3,25090
144590361,8941822,4678144_170526,2026-05-18T20:30:00+00:00,2026-05-18T21:10:26+00:00,2026-05-18,7705,15,90,השונית/יורדי ים-הרצליה<->מסוף כרמלית/הכרמל-תל אביב יפו-1#,25090,1,#,מטרופולין,3,25090
144615466,8948238,24059729_180526,2026-05-19T02:30:00+00:00,2026-05-19T03:12:59+00:00,2026-05-19,7707,15,90,מסוף כרמלית/הכרמל-תל אביב יפו<->השונית/יורדי ים-הרצליה-2#,25090,2,#,מטרופולין,3,25090
144615298,8948237,24059430_180526,2026-05-19T02:30:00+00:00,2026-05-19T03:10:26+00:00,2026-05-19,7705,15,90,השונית/יורדי ים-הרצליה<->מסוף כרמלית/הכרמל-תל אביב יפו-1#,25090,1,#,מטרופולין,3,25090
144728110,8948237,45491370_180526,2026-05-19T02:40:00+00:00,2026-05-19T03:20:26+00:00,2026-05-19,7705,15,90,השונית/יורדי ים-הרצליה<->מסוף כרמלית/הכרמל-תל אביב יפו-1#,25090,1,#,מטרופולין,3,25090
144728113,8948237,586152148_180526,2026-05-19T02:50:00+00:00,2026-05-19T03:30:26+00:00,2026-05-19,7705,15,90,השונית/יורדי ים-הרצליה<->מסוף כרמלית/הכרמל-תל אביב יפו-1#,25090,1,#,מטרופולין,3,25090
144731352,8948238,586152144_180526,2026-05-19T02:55:00+00:00,2026-05-19T03:37:59+00:00,2026-05-19,7707,15,90,מסוף כרמלית/הכרמל-תל אביב יפו<->השונית/יורדי ים-הרצליה-2#,25090,2,#,מטרופולין,3,25090
144730253,8948237,2201540_180526,2026-05-19T03:00:00+00:00,2026-05-19T03:40:26+00:00,2026-05-19,7705,15,90,השונית/יורדי ים-הרצליה<->מסוף כרמלית/הכרמל-תל אביב יפו-1#,25090,1,#,מטרופולין,3,25090
144728142,8948238,586077478_180526,2026-05-19T03:15:00+00:00,2026-05-19T03:57:59+00:00,2026-05-19,7707,15,90,מסוף כרמלית/הכרמל-תל אביב יפו<->השונית/יורדי ים-הרצליה-2#,25090,2,#,מטרופולין,3,25090
144615281,8948237,2201541_180526,2026-05-19T03:25:00+00:00,2026-05-19T04:05:26+00:00,2026-05-19,7705,15,90,השונית/יורדי ים-הרצליה<->מסוף כרמלית/הכרמל-תל אביב יפו-1#,25090,1,#,מטרופולין,3,25090
144728136,8948238,2201746_180526,2026-05-19T03:35:00+00:00,2026-05-19T04:17:59+00:00,2026-05-19,7707,15,90,מסוף כרמלית/הכרמל-תל אביב יפו<->השונית/יורדי ים-הרצליה-2#,25090,2,#,מטרופולין,3,25090
144729001,8948238,2201747_180526,2026-05-19T03:50:00+00:00,2026-05-19T04:32:59+00:00,2026-05-19,7707,15,90,מסוף כרמלית/הכרמל-תל אביב יפו<->השונית/יורדי ים-הרצליה-2#,25090,2,#,מטרופולין,3,25090
144697089,8948237,2201542_180526,2026-05-19T03:50:00+00:00,2026-05-19T04:30:26+00:00,2026-05-19,7705,15,90,השונית/יורדי ים-הרצליה<->מסוף כרמלית/הכרמל-תל אביב יפו-1#,25090,1,#,מטרופולין,3,25090
144615465,8948238,2201748_180526,2026-05-19T04:02:00+00:00,2026-05-19T04:44:59+00:00,2026-05-19,7707,15,90,מסוף כרמלית/הכרמל-תל אביב יפו<->השונית/יורדי ים-הרצליה-2#,25090,2,#,מטרופולין,3,25090
144728096,8948237,2201543_180526,2026-05-19T04:05:00+00:00,2026-05-19T04:45:26+00:00,2026-05-19,7705,15,90,השונית/יורדי ים-הרצליה<->מסוף כרמלית/הכרמל-תל אביב יפו-1#,25090,1,#,מטרופולין,3,25090
144615469,8948238,584907901_180526,2026-05-19T04:14:00+00:00,2026-05-19T04:56:59+00:00,2026-05-19,7707,15,90,מסוף כרמלית/הכרמל-תל אביב יפו<->השונית/יורדי ים-הרצליה-2#,25090,2,#,מטרופולין,3,25090
144697090,8948237,2201544_180526,2026-05-19T04:20:00+00:00,2026-05-19T05:00:26+00:00,2026-05-19,7705,15,90,השונית/יורדי ים-הרצליה<->מסוף כרמלית/הכרמל-תל אביב יפו-1#,25090,1,#,מטרופולין,3,25090
144731349,8948238,584907902_180526,2026-05-19T04:26:00+00:00,2026-05-19T05:08:59+00:00,2026-05-19,7707,15,90,מסוף כרמלית/הכרמל-תל אביב יפו<->השונית/יורדי ים-הרצליה-2#,25090,2,#,מטרופולין,3,25090
144728097,8948237,2201545_180526,2026-05-19T04:35:00+00:00,2026-05-19T05:15:26+00:00,2026-05-19,7705,15,90,השונית/יורדי ים-הרצליה<->מסוף כרמלית/הכרמל-תל אביב יפו-1#,25090,1,#,מטרופולין,3,25090
144616248,8948238,584907903_180526,2026-05-19T04:38:00+00:00,2026-05-19T05:20:59+00:00,2026-05-19,7707,15,90,מסוף כרמלית/הכרמל-תל אביב יפו<->השונית/יורדי ים-הרצליה-2#,25090,2,#,מטרופולין,3,25090
144730254,8948237,2201546_180526,2026-05-19T04:50:00+00:00,2026-05-19T05:30:26+00:00,2026-05-19,7705,15,90,השונית/יורדי ים-הרצליה<->מסוף כרמלית/הכרמל-תל אביב יפו-1#,25090,1,#,מטרופולין,3,25090
144614522,8948238,19637704_180526,2026-05-19T04:50:00+00:00,2026-05-19T05:32:59+00:00,2026-05-19,7707,15,90,מסוף כרמלית/הכרמל-תל אביב יפו<->השונית/יורדי ים-הרצליה-2#,25090,2,#,מטרופולין,3,25090
144728997,8948237,19637410_180526,2026-05-19T05:05:00+00:00,2026-05-19T05:45:26+00:00,2026-05-19,7705,15,90,השונית/יורדי ים-הרצליה<->מסוף כרמלית/הכרמל-תל אביב יפו-1#,25090,1,#,מטרופולין,3,25090
144615470,8948238,585888210_180526,2026-05-19T05:05:00+00:00,2026-05-19T05:47:59+00:00,2026-05-19,7707,15,90,מסוף כרמלית/הכרמל-תל אביב יפו<->השונית/יורדי ים-הרצליה-2#,25090,2,#,מטרופולין,3,25090
144731337,8948237,19637415_180526,2026-05-19T05:20:00+00:00,2026-05-19T06:00:26+00:00,2026-05-19,7705,15,90,השונית/יורדי ים-הרצליה<->מסוף כרמלית/הכרמל-תל אביב יפו-1#,25090,1,#,מטרופולין,3,25090
144614542,8948238,585888211_180526,2026-05-19T05:25:00+00:00,2026-05-19T06:07:59+00:00,2026-05-19,7707,15,90,מסוף כרמלית/הכרמל-תל אביב יפו<->השונית/יורדי ים-הרצליה-2#,25090,2,#,מטרופולין,3,25090
144615388,8948237,585369939_180526,2026-05-19T05:35:00+00:00,2026-05-19T06:15:26+00:00,2026-05-19,7705,15,90,השונית/יורדי ים-הרצליה<->מסוף כרמלית/הכרמל-תל אביב יפו-1#,25090,1,#,מטרופולין,3,25090
144729002,8948238,22761076_180526,2026-05-19T05:45:00+00:00,2026-05-19T06:27:59+00:00,2026-05-19,7707,15,90,מסוף כרמלית/הכרמל-תל אביב יפו<->השונית/יורדי ים-הרצליה-2#,25090,2,#,מטרופולין,3,25090
144730257,8948237,2910289_180526,2026-05-19T05:50:00+00:00,2026-05-19T06:30:26+00:00,2026-05-19,7705,15,90,השונית/יורדי ים-הרצליה<->מסוף כרמלית/הכרמל-תל אביב יפו-1#,25090,1,#,מטרופולין,3,25090
144616249,8948238,585888212_180526,2026-05-19T06:05:00+00:00,2026-05-19T06:47:59+00:00,2026-05-19,7707,15,90,מסוף כרמלית/הכרמל-תל אביב יפו<->השונית/יורדי ים-הרצליה-2#,25090,2,#,מטרופולין,3,25090
144614377,8948237,2201549_180526,2026-05-19T06:05:00+00:00,2026-05-19T06:45:26+00:00,2026-05-19,7705,15,90,השונית/יורדי ים-הרצליה<->מסוף כרמלית/הכרמל-תל אביב יפו-1#,25090,1,#,מטרופולין,3,25090
144697100,8948238,30443960_180526,2026-05-19T06:25:00+00:00,2026-05-19T07:07:59+00:00,2026-05-19,7707,15,90,מסוף כרמלית/הכרמל-תל אביב יפו<->השונית/יורדי ים-הרצליה-2#,25090,2,#,מטרופולין,3,25090
144614376,8948237,19637440_180526,2026-05-19T06:25:00+00:00,2026-05-19T07:05:26+00:00,2026-05-19,7705,15,90,השונית/יורדי ים-הרצליה<->מסוף כרמלית/הכרמל-תל אביב יפו-1#,25090,1,#,מטרופולין,3,25090
144731347,8948238,22761079_180526,2026-05-19T06:45:00+00:00,2026-05-19T07:27:59+00:00,2026-05-19,7707,15,90,מסוף כרמלית/הכרמל-תל אביב יפו<->השונית/יורדי ים-הרצליה-2#,25090,2,#,מטרופולין,3,25090
144728094,8948237,19637450_180526,2026-05-19T06:45:00+00:00,2026-05-19T07:25:26+00:00,2026-05-19,7705,15,90,השונית/יורדי ים-הרצליה<->מסוף כרמלית/הכרמל-תל אביב יפו-1#,25090,1,#,מטרופולין,3,25090
144728098,8948237,2201551_180526,2026-05-19T07:05:00+00:00,2026-05-19T07:45:26+00:00,2026-05-19,7705,15,90,השונית/יורדי ים-הרצליה<->מסוף כרמלית/הכרמל-תל אביב יפו-1#,25090,1,#,מטרופולין,3,25090
144616250,8948238,585888213_180526,2026-05-19T07:05:00+00:00,2026-05-19T07:47:59+00:00,2026-05-19,7707,15,90,מסוף כרמלית/הכרמל-תל אביב יפו<->השונית/יורדי ים-הרצליה-2#,25090,2,#,מטרופולין,3,25090
144731339,8948237,3249678_180526,2026-05-19T07:30:00+00:00,2026-05-19T08:10:26+00:00,2026-05-19,7705,15,90,השונית/יורדי ים-הרצליה<->מסוף כרמלית/הכרמל-תל אביב יפו-1#,25090,1,#,מטרופולין,3,25090
144728139,8948238,33030291_180526,2026-05-19T07:30:00+00:00,2026-05-19T08:12:59+00:00,2026-05-19,7707,15,90,מסוף כרמלית/הכרמל-תל אביב יפו<->השונית/יורדי ים-הרצליה-2#,25090,2,#,מטרופולין,3,25090
144728095,8948237,19637475_180526,2026-05-19T07:55:00+00:00,2026-05-19T08:35:26+00:00,2026-05-19,7705,15,90,השונית/יורדי ים-הרצליה<->מסוף כרמלית/הכרמל-תל אביב יפו-1#,25090,1,#,מטרופולין,3,25090
144615471,8948238,585888214_180526,2026-05-19T07:55:00+00:00,2026-05-19T08:37:59+00:00,2026-05-19,7707,15,90,מסוף כרמלית/הכרמל-תל אביב יפו<->השונית/יורדי ים-הרצליה-2#,25090,2,#,מטרופולין,3,25090
144615472,8948238,586139682_180526,2026-05-19T08:10:00+00:00,2026-05-19T08:52:59+00:00,2026-05-19,7707,15,90,מסוף כרמלית/הכרמל-תל אביב יפו<->השונית/יורדי ים-הרצליה-2#,25090,2,#,מטרופולין,3,25090
144728998,8948237,2888049_180526,2026-05-19T08:20:00+00:00,2026-05-19T09:00:26+00:00,2026-05-19,7705,15,90,השונית/יורדי ים-הרצליה<->מסוף כרמלית/הכרמל-תל אביב יפו-1#,25090,1,#,מטרופולין,3,25090
144614523,8948238,19637764_180526,2026-05-19T08:20:00+00:00,2026-05-19T09:02:59+00:00,2026-05-19,7707,15,90,מסוף כרמלית/הכרמל-תל אביב יפו<->השונית/יורדי ים-הרצליה-2#,25090,2,#,מטרופולין,3,25090
144731338,8948237,22761034_180526,2026-05-19T08:45:00+00:00,2026-05-19T09:25:26+00:00,2026-05-19,7705,15,90,השונית/יורדי ים-הרצליה<->מסוף כרמלית/הכרמל-תל אביב יפו-1#,25090,1,#,מטרופולין,3,25090
144728141,8948238,585888215_180526,2026-05-19T08:45:00+00:00,2026-05-19T09:27:59+00:00,2026-05-19,7707,15,90,מסוף כרמלית/הכרמל-תל אביב יפו<->השונית/יורדי ים-הרצליה-2#,25090,2,#,מטרופולין,3,25090
144616252,8948238,586152147_180526,2026-05-19T08:55:00+00:00,2026-05-19T09:37:59+00:00,2026-05-19,7707,15,90,מסוף כרמלית/הכרמל-תל אביב יפו<->השונית/יורדי ים-הרצליה-2#,25090,2,#,מטרופולין,3,25090
144730270,8948238,584888629_180526,2026-05-19T09:10:00+00:00,2026-05-19T09:52:59+00:00,2026-05-19,7707,15,90,מסוף כרמלית/הכרמל-תל אביב יפו<->השונית/יורדי ים-הרצליה-2#,25090,2,#,מטרופולין,3,25090
144730255,8948237,2201555_180526,2026-05-19T09:10:00+00:00,2026-05-19T09:50:26+00:00,2026-05-19,7705,15,90,השונית/יורדי ים-הרצליה<->מסוף כרמלית/הכרמל-תל אביב יפו-1#,25090,1,#,מטרופולין,3,25090
144728143,8948238,586152145_180526,2026-05-19T09:25:00+00:00,2026-05-19T10:07:59+00:00,2026-05-19,7707,15,90,מסוף כרמלית/הכרמל-תל אביב יפו<->השונית/יורדי ים-הרצליה-2#,25090,2,#,מטרופולין,3,25090
144730268,8948238,24059749_180526,2026-05-19T09:35:00+00:00,2026-05-19T10:17:59+00:00,2026-05-19,7707,15,90,מסוף כרמלית/הכרמל-תל אביב יפו<->השונית/יורדי ים-הרצליה-2#,25090,2,#,מטרופולין,3,25090
144728099,8948237,24059440_180526,2026-05-19T09:35:00+00:00,2026-05-19T10:15:26+00:00,2026-05-19,7705,15,90,השונית/יורדי ים-הרצליה<->מסוף כרמלית/הכרמל-תל אביב יפו-1#,25090,1,#,מטרופולין,3,25090
144728109,8948237,33027095_180526,2026-05-19T10:00:00+00:00,2026-05-19T10:40:26+00:00,2026-05-19,7705,15,90,השונית/יורדי ים-הרצליה<->מסוף כרמלית/הכרמל-תל אביב יפו-1#,25090,1,#,מטרופולין,3,25090
144616245,8948238,30443746_180526,2026-05-19T10:00:00+00:00,2026-05-19T10:42:59+00:00,2026-05-19,7707,15,90,מסוף כרמלית/הכרמל-תל אביב יפו<->השונית/יורדי ים-הרצליה-2#,25090,2,#,מטרופולין,3,25090
144615467,8948238,30443920_180526,2026-05-19T10:15:00+00:00,2026-05-19T10:57:59+00:00,2026-05-19,7707,15,90,מסוף כרמלית/הכרמל-תל אביב יפו<->השונית/יורדי ים-הרצליה-2#,25090,2,#,מטרופולין,3,25090
144731350,8948238,585888216_180526,2026-05-19T10:25:00+00:00,2026-05-19T11:07:59+00:00,2026-05-19,7707,15,90,מסוף כרמלית/הכרמל-תל אביב יפו<->השונית/יורדי ים-הרצליה-2#,25090,2,#,מטרופולין,3,25090
144730261,8948237,584906993_180526,2026-05-19T10:25:00+00:00,2026-05-19T11:05:26+00:00,2026-05-19,7705,15,90,השונית/יורדי ים-הרצליה<->מסוף כרמלית/הכרמל-תל אביב יפו-1#,25090,1,#,מטרופולין,3,25090
144730258,8948237,2910299_180526,2026-05-19T10:50:00+00:00,2026-05-19T11:30:26+00:00,2026-05-19,7705,15,90,השונית/יורדי ים-הרצליה<->מסוף כרמלית/הכרמל-תל אביב יפו-1#,25090,1,#,מטרופולין,3,25090
144614540,8948238,19637789_180526,2026-05-19T10:50:00+00:00,2026-05-19T11:32:59+00:00,2026-05-19,7707,15,90,מסוף כרמלית/הכרמל-תל אביב יפו<->השונית/יורדי ים-הרצליה-2#,25090,2,#,מטרופולין,3,25090
144614379,8948237,584906994_180526,2026-05-19T11:05:00+00:00,2026-05-19T11:45:26+00:00,2026-05-19,7705,15,90,השונית/יורדי ים-הרצליה<->מסוף כרמלית/הכרמל-תל אביב יפו-1#,25090,1,#,מטרופולין,3,25090
144728137,8948238,23198620_180526,2026-05-19T11:15:00+00:00,2026-05-19T11:57:59+00:00,2026-05-19,7707,15,90,מסוף כרמלית/הכרמל-תל אביב יפו<->השונית/יורדי ים-הרצליה-2#,25090,2,#,מטרופולין,3,25090
144697091,8948237,2888069_180526,2026-05-19T11:15:00+00:00,2026-05-19T11:55:26+00:00,2026-05-19,7705,15,90,השונית/יורדי ים-הרצליה<->מסוף כרמלית/הכרמל-תל אביב יפו-1#,25090,1,#,מטרופולין,3,25090
144616241,8948237,3249698_180526,2026-05-19T11:30:00+00:00,2026-05-19T12:10:26+00:00,2026-05-19,7705,15,90,השונית/יורדי ים-הרצליה<->מסוף כרמלית/הכרמל-תל אביב יפו-1#,25090,1,#,מטרופולין,3,25090
144729003,8948238,33030310_180526,2026-05-19T11:40:00+00:00,2026-05-19T12:22:59+00:00,2026-05-19,7707,15,90,מסוף כרמלית/הכרמל-תל אביב יפו<->השונית/יורדי ים-הרצליה-2#,25090,2,#,מטרופולין,3,25090
144730252,8948237,19637515_180526,2026-05-19T11:45:00+00:00,2026-05-19T12:25:26+00:00,2026-05-19,7705,15,90,השונית/יורדי ים-הרצליה<->מסוף כרמלית/הכרמל-תל אביב יפו-1#,25090,1,#,מטרופולין,3,25090
144697099,8948238,23198621_180526,2026-05-19T12:00:00+00:00,2026-05-19T12:42:59+00:00,2026-05-19,7707,15,90,מסוף כרמלית/הכרמל-תל אביב יפו<->השונית/יורדי ים-הרצליה-2#,25090,2,#,מטרופולין,3,25090
144730262,8948237,584906995_180526,2026-05-19T12:05:00+00:00,2026-05-19T12:45:26+00:00,2026-05-19,7705,15,90,השונית/יורדי ים-הרצליה<->מסוף כרמלית/הכרמל-תל אביב יפו-1#,25090,1,#,מטרופולין,3,25090
144614541,8948238,19637814_180526,2026-05-19T12:20:00+00:00,2026-05-19T13:02:59+00:00,2026-05-19,7707,15,90,מסוף כרמלית/הכרמל-תל אביב יפו<->השונית/יורדי ים-הרצליה-2#,25090,2,#,מטרופולין,3,25090
144616239,8948237,2910302_180526,2026-05-19T12:30:00+00:00,2026-05-19T13:10:26+00:00,2026-05-19,7705,15,90,השונית/יורדי ים-הרצליה<->מסוף כרמלית/הכרמל-תל אביב יפו-1#,25090,1,#,מטרופולין,3,25090
144616243,8948238,19637819_180526,2026-05-19T12:40:00+00:00,2026-05-19T13:22:59+00:00,2026-05-19,7707,15,90,מסוף כרמלית/הכרמל-תל אביב יפו<->השונית/יורדי ים-הרצליה-2#,25090,2,#,מטרופולין,3,25090
144730259,8948237,2910303_180526,2026-05-19T12:55:00+00:00,2026-05-19T13:35:26+00:00,2026-05-19,7705,15,90,השונית/יורדי ים-הרצליה<->מסוף כרמלית/הכרמל-תל אביב יפו-1#,25090,1,#,מטרופולין,3,25090
144616247,8948238,33027277_180526,2026-05-19T13:00:00+00:00,2026-05-19T13:42:59+00:00,2026-05-19,7707,15,90,מסוף כרמלית/הכרמל-תל אביב יפו<->השונית/יורדי ים-הרצליה-2#,25090,2,#,מטרופולין,3,25090
144731341,8948237,585887785_180526,2026-05-19T13:10:00+00:00,2026-05-19T13:50:26+00:00,2026-05-19,7705,15,90,השונית/יורדי ים-הרצליה<->מסוף כרמלית/הכרמל-תל אביב יפו-1#,25090,1,#,מטרופולין,3,25090
144731351,8948238,585888217_180526,2026-05-19T13:15:00+00:00,2026-05-19T13:57:59+00:00,2026-05-19,7707,15,90,מסוף כרמלית/הכרמל-תל אביב יפו<->השונית/יורדי ים-הרצליה-2#,25090,2,#,מטרופולין,3,25090
144730260,8948237,2910304_180526,2026-05-19T13:25:00+00:00,2026-05-19T14:05:26+00:00,2026-05-19,7705,15,90,השונית/יורדי ים-הרצליה<->מסוף כרמלית/הכרמל-תל אביב יפו-1#,25090,1,#,מטרופולין,3,25090
144615468,8948238,33030287_180526,2026-05-19T13:30:00+00:00,2026-05-19T14:12:59+00:00,2026-05-19,7707,15,90,מסוף כרמלית/הכרמל-תל אביב יפו<->השונית/יורדי ים-הרצליה-2#,25090,2,#,מטרופולין,3,25090
144697094,8948237,33030047_180526,2026-05-19T13:40:00+00:00,2026-05-19T14:20:26+00:00,2026-05-19,7705,15,90,השונית/יורדי ים-הרצליה<->מסוף כרמלית/הכרמל-תל אביב יפו-1#,25090,1,#,מטרופולין,3,25090
144697097,8948238,19637839_180526,2026-05-19T13:45:00+00:00,2026-05-19T14:27:59+00:00,2026-05-19,7707,15,90,מסוף כרמלית/הכרמל-תל אביב יפו<->השונית/יורדי ים-הרצליה-2#,25090,2,#,מטרופולין,3,25090
144615305,8948237,2910305_180526,2026-05-19T13:55:00+00:00,2026-05-19T14:35:26+00:00,2026-05-19,7705,15,90,השונית/יורדי ים-הרצליה<->מסוף כרמלית/הכרמל-תל אביב יפו-1#,25090,1,#,מטרופולין,3,25090
144616244,8948238,19637844_180526,2026-05-19T14:00:00+00:00,2026-05-19T14:42:59+00:00,2026-05-19,7707,15,90,מסוף כרמלית/הכרמל-תל אביב יפו<->השונית/יורדי ים-הרצליה-2#,25090,2,#,מטרופולין,3,25090
144730256,8948237,27145500_180526,2026-05-19T14:10:00+00:00,2026-05-19T14:50:26+00:00,2026-05-19,7705,15,90,השונית/יורדי ים-הרצליה<->מסוף כרמלית/הכרמל-תל אביב יפו-1#,25090,1,#,מטרופולין,3,25090
144615461,8948238,19637849_180526,2026-05-19T14:15:00+00:00,2026-05-19T14:57:59+00:00,2026-05-19,7707,15,90,מסוף כרמלית/הכרמל-תל אביב יפו<->השונית/יורדי ים-הרצליה-2#,25090,2,#,מטרופולין,3,25090
144615272,8948237,19637565_180526,2026-05-19T14:25:00+00:00,2026-05-19T15:05:26+00:00,2026-05-19,7705,15,90,השונית/יורדי ים-הרצליה<->מסוף כרמלית/הכרמל-תל אביב יפו-1#,25090,1,#,מטרופולין,3,25090
144730266,8948238,19637854_180526,2026-05-19T14:30:00+00:00,2026-05-19T15:12:59+00:00,2026-05-19,7707,15,90,מסוף כרמלית/הכרמל-תל אביב יפו<->השונית/יורדי ים-הרצליה-2#,25090,2,#,מטרופולין,3,25090
144614378,8948237,27145510_180526,2026-05-19T14:40:00+00:00,2026-05-19T15:20:26+00:00,2026-05-19,7705,15,90,השונית/יורדי ים-הרצליה<->מסוף כרמלית/הכרמל-תל אביב יפו-1#,25090,1,#,מטרופולין,3,25090
144615462,8948238,19637859_180526,2026-05-19T14:45:00+00:00,2026-05-19T15:27:59+00:00,2026-05-19,7707,15,90,מסוף כרמלית/הכרמל-תל אביב יפו<->השונית/יורדי ים-הרצליה-2#,25090,2,#,מטרופולין,3,25090
144730264,8948237,585887786_180526,2026-05-19T14:55:00+00:00,2026-05-19T15:35:26+00:00,2026-05-19,7705,15,90,השונית/יורדי ים-הרצליה<->מסוף כרמלית/הכרמל-תל אביב יפו-1#,25090,1,#,מטרופולין,3,25090
144697098,8948238,19637864_180526,2026-05-19T15:00:00+00:00,2026-05-19T15:42:59+00:00,2026-05-19,7707,15,90,מסוף כרמלית/הכרמל-תל אביב יפו<->השונית/יורדי ים-הרצליה-2#,25090,2,#,מטרופולין,3,25090
144731340,8948237,585442520_180526,2026-05-19T15:10:00+00:00,2026-05-19T15:50:26+00:00,2026-05-19,7705,15,90,השונית/יורדי ים-הרצליה<->מסוף כרמלית/הכרמל-תל אביב יפו-1#,25090,1,#,מטרופולין,3,25090
144614543,8948238,585888218_180526,2026-05-19T15:20:00+00:00,2026-05-19T16:02:59+00:00,2026-05-19,7707,15,90,מסוף כרמלית/הכרמל-תל אביב יפו<->השונית/יורדי ים-הרצליה-2#,25090,2,#,מטרופולין,3,25090
144728108,8948237,2910310_180526,2026-05-19T15:30:00+00:00,2026-05-19T16:10:26+00:00,2026-05-19,7705,15,90,השונית/יורדי ים-הרצליה<->מסוף כרמלית/הכרמל-תל אביב יפו-1#,25090,1,#,מטרופולין,3,25090
144728140,8948238,585113397_180526,2026-05-19T15:40:00+00:00,2026-05-19T16:22:59+00:00,2026-05-19,7707,15,90,מסוף כרמלית/הכרמל-תל אביב יפו<->השונית/יורדי ים-הרצליה-2#,25090,2,#,מטרופולין,3,25090
144728111,8948237,584907001_180526,2026-05-19T15:50:00+00:00,2026-05-19T16:30:26+00:00,2026-05-19,7705,15,90,השונית/יורדי ים-הרצליה<->מסוף כרמלית/הכרמל-תל אביב יפו-1#,25090,1,#,מטרופולין,3,25090
144728112,8948237,585113379_180526,2026-05-19T16:10:00+00:00,2026-05-19T16:50:26+00:00,2026-05-19,7705,15,90,השונית/יורדי ים-הרצליה<->מסוף כרמלית/הכרמל-תל אביב יפו-1#,25090,1,#,מטרופולין,3,25090
144728138,8948238,30443846_180526,2026-05-19T16:20:00+00:00,2026-05-19T17:02:59+00:00,2026-05-19,7707,15,90,מסוף כרמלית/הכרמל-תל אביב יפו<->השונית/יורדי ים-הרצליה-2#,25090,2,#,מטרופולין,3,25090
144697092,8948237,2910312_180526,2026-05-19T16:30:00+00:00,2026-05-19T17:10:26+00:00,2026-05-19,7705,15,90,השונית/יורדי ים-הרצליה<->מסוף כרמלית/הכרמל-תל אביב יפו-1#,25090,1,#,מטרופולין,3,25090
144616246,8948238,30443975_180526,2026-05-19T16:40:00+00:00,2026-05-19T17:22:59+00:00,2026-05-19,7707,15,90,מסוף כרמלית/הכרמל-תל אביב יפו<->השונית/יורדי ים-הרצליה-2#,25090,2,#,מטרופולין,3,25090
144728999,8948237,585887787_180526,2026-05-19T16:50:00+00:00,2026-05-19T17:30:26+00:00,2026-05-19,7705,15,90,השונית/יורדי ים-הרצליה<->מסוף כרמלית/הכרמל-תל אביב יפו-1#,25090,1,#,מטרופולין,3,25090
144615463,8948238,19637884_180526,2026-05-19T17:00:00+00:00,2026-05-19T17:42:59+00:00,2026-05-19,7707,15,90,מסוף כרמלית/הכרמל-תל אביב יפו<->השונית/יורדי ים-הרצליה-2#,25090,2,#,מטרופולין,3,25090
144616242,8948237,585887788_180526,2026-05-19T17:10:00+00:00,2026-05-19T17:50:26+00:00,2026-05-19,7705,15,90,השונית/יורדי ים-הרצליה<->מסוף כרמלית/הכרמל-תל אביב יפו-1#,25090,1,#,מטרופולין,3,25090
144731346,8948238,19637889_180526,2026-05-19T17:30:00+00:00,2026-05-19T18:12:59+00:00,2026-05-19,7707,15,90,מסוף כרמלית/הכרמל-תל אביב יפו<->השונית/יורדי ים-הרצליה-2#,25090,2,#,מטרופולין,3,25090
144697093,8948237,2910314_180526,2026-05-19T17:30:00+00:00,2026-05-19T18:10:26+00:00,2026-05-19,7705,15,90,השונית/יורדי ים-הרצליה<->מסוף כרמלית/הכרמל-תל אביב יפו-1#,25090,1,#,מטרופולין,3,25090
144615345,8948237,584888612_180526,2026-05-19T17:50:00+00:00,2026-05-19T18:30:26+00:00,2026-05-19,7705,15,90,השונית/יורדי ים-הרצליה<->מסוף כרמלית/הכרמל-תל אביב יפו-1#,25090,1,#,מטרופולין,3,25090
144730267,8948238,19637894_180526,2026-05-19T18:00:00+00:00,2026-05-19T18:42:59+00:00,2026-05-19,7707,15,90,מסוף כרמלית/הכרמל-תל אביב יפו<->השונית/יורדי ים-הרצליה-2#,25090,2,#,מטרופולין,3,25090
144730263,8948237,585113381_180526,2026-05-19T18:10:00+00:00,2026-05-19T18:50:26+00:00,2026-05-19,7705,15,90,השונית/יורדי ים-הרצליה<->מסוף כרמלית/הכרמל-תל אביב יפו-1#,25090,1,#,מטרופולין,3,25090
144616251,8948238,586136435_180526,2026-05-19T18:15:00+00:00,2026-05-19T18:57:59+00:00,2026-05-19,7707,15,90,מסוף כרמלית/הכרמל-תל אביב יפו<->השונית/יורדי ים-הרצליה-2#,25090,2,#,מטרופולין,3,25090
144615464,8948238,19637899_180526,2026-05-19T18:30:00+00:00,2026-05-19T19:12:59+00:00,2026-05-19,7707,15,90,מסוף כרמלית/הכרמל-תל אביב יפו<->השונית/יורדי ים-הרצליה-2#,25090,2,#,מטרופולין,3,25090
144615344,8948237,2910316_180526,2026-05-19T18:30:00+00:00,2026-05-19T19:10:26+00:00,2026-05-19,7705,15,90,השונית/יורדי ים-הרצליה<->מסוף כרמלית/הכרמל-תל אביב יפו-1#,25090,1,#,מטרופולין,3,25090
144731342,8948237,585887789_180526,2026-05-19T18:50:00+00:00,2026-05-19T19:30:26+00:00,2026-05-19,7705,15,90,השונית/יורדי ים-הרצליה<->מסוף כרמלית/הכרמל-תל אביב יפו-1#,25090,1,#,מטרופולין,3,25090
144730269,8948238,30443980_180526,2026-05-19T19:00:00+00:00,2026-05-19T19:42:59+00:00,2026-05-19,7707,15,90,מסוף כרמלית/הכרמל-תל אביב יפו<->השונית/יורדי ים-הרצליה-2#,25090,2,#,מטרופולין,3,25090
144697096,8948237,585887790_180526,2026-05-19T19:10:00+00:00,2026-05-19T19:50:26+00:00,2026-05-19,7705,15,90,השונית/יורדי ים-הרצליה<->מסוף כרמלית/הכרמל-תל אביב יפו-1#,25090,1,#,מטרופולין,3,25090
144729000,8948238,19637904_180526,2026-05-19T19:30:00+00:00,2026-05-19T20:12:59+00:00,2026-05-19,7707,15,90,מסוף כרמלית/הכרמל-תל אביב יפו<->השונית/יורדי ים-הרצליה-2#,25090,2,#,מטרופולין,3,25090
144616240,8948237,2910317_180526,2026-05-19T19:30:00+00:00,2026-05-19T20:10:26+00:00,2026-05-19,7705,15,90,השונית/יורדי ים-הרצליה<->מסוף כרמלית/הכרמל-תל אביב יפו-1#,25090,1,#,מטרופולין,3,25090
144614544,8948238,586152149_180526,2026-05-19T19:45:00+00:00,2026-05-19T20:27:59+00:00,2026-05-19,7707,15,90,מסוף כרמלית/הכרמל-תל אביב יפו<->השונית/יורדי ים-הרצליה-2#,25090,2,#,מטרופולין,3,25090
144615440,8948237,585887791_180526,2026-05-19T19:50:00+00:00,2026-05-19T20:30:26+00:00,2026-05-19,7705,15,90,השונית/יורדי ים-הרצליה<->מסוף כרמלית/הכרמל-תל אביב יפו-1#,25090,1,#,מטרופולין,3,25090
144731348,8948238,24059764_180526,2026-05-19T20:00:00+00:00,2026-05-19T20:42:59+00:00,2026-05-19,7707,15,90,מסוף כרמלית/הכרמל-תל אביב יפו<->השונית/יורדי ים-הרצליה-2#,25090,2,#,מטרופולין,3,25090
144697095,8948237,4678144_180526,2026-05-19T20:30:00+00:00,2026-05-19T21:10:26+00:00,2026-05-19,7705,15,90,השונית/יורדי ים-הרצליה<->מסוף כרמלית/הכרמל-תל אביב יפו-1#,25090,1,#,מטרופולין,3,25090
144755365,8954648,24059430_190526,2026-05-20T02:30:00+00:00,2026-05-20T03:10:26+00:00,2026-05-20,7705,15,90,השונית/יורדי ים-הרצליה<->מסוף כרמלית/הכרמל-תל אביב יפו-1#,25090,1,#,מטרופולין,3,25090
144752852,8954649,24059729_190526,2026-05-20T02:30:00+00:00,2026-05-20T03:12:59+00:00,2026-05-20,7707,15,90,מסוף כרמלית/הכרמל-תל אביב יפו<->השונית/יורדי ים-הרצליה-2#,25090,2,#,מטרופולין,3,25090
144755368,8954648,45491370_190526,2026-05-20T02:40:00+00:00,2026-05-20T03:20:26+00:00,2026-05-20,7705,15,90,השונית/יורדי ים-הרצליה<->מסוף כרמלית/הכרמל-תל אביב יפו-1#,25090,1,#,מטרופולין,3,25090
144752828,8954648,586152148_190526,2026-05-20T02:50:00+00:00,2026-05-20T03:30:26+00:00,2026-05-20,7705,15,90,השונית/יורדי ים-הרצליה<->מסוף כרמלית/הכרמל-תל אביב יפו-1#,25090,1,#,מטרופולין,3,25090
144755758,8954649,586152144_190526,2026-05-20T02:55:00+00:00,2026-05-20T03:37:59+00:00,2026-05-20,7707,15,90,מסוף כרמלית/הכרמל-תל אביב יפו<->השונית/יורדי ים-הרצליה-2#,25090,2,#,מטרופולין,3,25090
144755095,8954648,2201540_190526,2026-05-20T03:00:00+00:00,2026-05-20T03:40:26+00:00,2026-05-20,7705,15,90,השונית/יורדי ים-הרצליה<->מסוף כרמלית/הכרמל-תל אביב יפו-1#,25090,1,#,מטרופולין,3,25090
144841882,8954649,586077478_190526,2026-05-20T03:15:00+00:00,2026-05-20T03:57:59+00:00,2026-05-20,7707,15,90,מסוף כרמלית/הכרמל-תל אביב יפו<->השונית/יורדי ים-הרצליה-2#,25090,2,#,מטרופולין,3,25090
144754329,8954648,2201541_190526,2026-05-20T03:25:00+00:00,2026-05-20T04:05:26+00:00,2026-05-20,7705,15,90,השונית/יורדי ים-הרצליה<->מסוף כרמלית/הכרמל-תל אביב יפו-1#,25090,1,#,מטרופולין,3,25090
144752849,8954649,2201746_190526,2026-05-20T03:35:00+00:00,2026-05-20T04:17:59+00:00,2026-05-20,7707,15,90,מסוף כרמלית/הכרמל-תל אביב יפו<->השונית/יורדי ים-הרצליה-2#,25090,2,#,מטרופולין,3,25090
144841871,8954648,2201542_190526,2026-05-20T03:50:00+00:00,2026-05-20T04:30:26+00:00,2026-05-20,7705,15,90,השונית/יורדי ים-הרצליה<->מסוף כרמלית/הכרמל-תל אביב יפו-1#,25090,1,#,מטרופולין,3,25090
144755099,8954649,2201747_190526,2026-05-20T03:50:00+00:00,2026-05-20T04:32:59+00:00,2026-05-20,7707,15,90,מסוף כרמלית/הכרמל-תל אביב יפו<->השונית/יורדי ים-הרצליה-2#,25090,2,#,מטרופולין,3,25090
144754337,8954649,2201748_190526,2026-05-20T04:02:00+00:00,2026-05-20T04:44:59+00:00,2026-05-20,7707,15,90,מסוף כרמלית/הכרמל-תל אביב יפו<->השונית/יורדי ים-הרצליה-2#,25090,2,#,מטרופולין,3,25090
144755994,8954648,2201543_190526,2026-05-20T04:05:00+00:00,2026-05-20T04:45:26+00:00,2026-05-20,7705,15,90,השונית/יורדי ים-הרצליה<->מסוף כרמלית/הכרמל-תל אביב יפו-1#,25090,1,#,מטרופולין,3,25090
144841878,8954649,584907901_190526,2026-05-20T04:14:00+00:00,2026-05-20T04:56:59+00:00,2026-05-20,7707,15,90,מסוף כרמלית/הכרמל-תל אביב יפו<->השונית/יורדי ים-הרצליה-2#,25090,2,#,מטרופולין,3,25090
144755995,8954648,2201544_190526,2026-05-20T04:20:00+00:00,2026-05-20T05:00:26+00:00,2026-05-20,7705,15,90,השונית/יורדי ים-הרצליה<->מסוף כרמלית/הכרמל-תל אביב יפו-1#,25090,1,#,מטרופולין,3,25090
144755101,8954649,584907902_190526,2026-05-20T04:26:00+00:00,2026-05-20T05:08:59+00:00,2026-05-20,7707,15,90,מסוף כרמלית/הכרמל-תל אביב יפו<->השונית/יורדי ים-הרצליה-2#,25090,2,#,מטרופולין,3,25090
144756704,8954648,2201545_190526,2026-05-20T04:35:00+00:00,2026-05-20T05:15:26+00:00,2026-05-20,7705,15,90,השונית/יורדי ים-הרצליה<->מסוף כרמלית/הכרמל-תל אביב יפו-1#,25090,1,#,מטרופולין,3,25090
144755102,8954649,584907903_190526,2026-05-20T04:38:00+00:00,2026-05-20T05:20:59+00:00,2026-05-20,7707,15,90,מסוף כרמלית/הכרמל-תל אביב יפו<->השונית/יורדי ים-הרצליה-2#,25090,2,#,מטרופולין,3,25090
144841872,8954648,2201546_190526,2026-05-20T04:50:00+00:00,2026-05-20T05:30:26+00:00,2026-05-20,7705,15,90,השונית/יורדי ים-הרצליה<->מסוף כרמלית/הכרמל-תל אביב יפו-1#,25090,1,#,מטרופולין,3,25090
144756732,8954649,19637704_190526,2026-05-20T04:50:00+00:00,2026-05-20T05:32:59+00:00,2026-05-20,7707,15,90,מסוף כרמלית/הכרמל-תל אביב יפו<->השונית/יורדי ים-הרצליה-2#,25090,2,#,מטרופולין,3,25090
144841879,8954649,585888210_190526,2026-05-20T05:05:00+00:00,2026-05-20T05:47:59+00:00,2026-05-20,7707,15,90,מסוף כרמלית/הכרמל-תל אביב יפו<->השונית/יורדי ים-הרצליה-2#,25090,2,#,מטרופולין,3,25090
144755364,8954648,19637410_190526,2026-05-20T05:05:00+00:00,2026-05-20T05:45:26+00:00,2026-05-20,7705,15,90,השונית/יורדי ים-הרצליה<->מסוף כרמלית/הכרמל-תל אביב יפו-1#,25090,1,#,מטרופולין,3,25090
144755992,8954648,19637415_190526,2026-05-20T05:20:00+00:00,2026-05-20T06:00:26+00:00,2026-05-20,7705,15,90,השונית/יורדי ים-הרצליה<->מסוף כרמלית/הכרמל-תל אביב יפו-1#,25090,1,#,מטרופולין,3,25090
144756741,8954649,585888211_190526,2026-05-20T05:25:00+00:00,2026-05-20T06:07:59+00:00,2026-05-20,7707,15,90,מסוף כרמלית/הכרמל-תל אביב יפו<->השונית/יורדי ים-הרצליה-2#,25090,2,#,מטרופולין,3,25090
144755098,8954648,585369939_190526,2026-05-20T05:35:00+00:00,2026-05-20T06:15:26+00:00,2026-05-20,7705,15,90,השונית/יורדי ים-הרצליה<->מסוף כרמלית/הכרמל-תל אביב יפו-1#,25090,1,#,מטרופולין,3,25090
144756735,8954649,22761076_190526,2026-05-20T05:45:00+00:00,2026-05-20T06:27:59+00:00,2026-05-20,7707,15,90,מסוף כרמלית/הכרמל-תל אביב יפו<->השונית/יורדי ים-הרצליה-2#,25090,2,#,מטרופולין,3,25090
144755096,8954648,2910289_190526,2026-05-20T05:50:00+00:00,2026-05-20T06:30:26+00:00,2026-05-20,7705,15,90,השונית/יורדי ים-הרצליה<->מסוף כרמלית/הכרמל-תל אביב יפו-1#,25090,1,#,מטרופולין,3,25090
144756705,8954648,2201549_190526,2026-05-20T06:05:00+00:00,2026-05-20T06:45:26+00:00,2026-05-20,7705,15,90,השונית/יורדי ים-הרצליה<->מסוף כרמלית/הכרמל-תל אביב יפו-1#,25090,1,#,מטרופולין,3,25090
144752856,8954649,585888212_190526,2026-05-20T06:05:00+00:00,2026-05-20T06:47:59+00:00,2026-05-20,7707,15,90,מסוף כרמלית/הכרמל-תל אביב יפו<->השונית/יורדי ים-הרצליה-2#,25090,2,#,מטרופולין,3,25090
144754339,8954649,30443960_190526,2026-05-20T06:25:00+00:00,2026-05-20T07:07:59+00:00,2026-05-20,7707,15,90,מסוף כרמלית/הכרמל-תל אביב יפו<->השונית/יורדי ים-הרצליה-2#,25090,2,#,מטרופולין,3,25090
144752822,8954648,19637440_190526,2026-05-20T06:25:00+00:00,2026-05-20T07:05:26+00:00,2026-05-20,7705,15,90,השונית/יורדי ים-הרצליה<->מסוף כרמלית/הכרמל-תל אביב יפו-1#,25090,1,#,מטרופולין,3,25090
144752850,8954649,22761079_190526,2026-05-20T06:45:00+00:00,2026-05-20T07:27:59+00:00,2026-05-20,7707,15,90,מסוף כרמלית/הכרמל-תל אביב יפו<->השונית/יורדי ים-הרצליה-2#,25090,2,#,מטרופולין,3,25090
144752823,8954648,19637450_190526,2026-05-20T06:45:00+00:00,2026-05-20T07:25:26+00:00,2026-05-20,7705,15,90,השונית/יורדי ים-הרצליה<->מסוף כרמלית/הכרמל-תל אביב יפו-1#,25090,1,#,מטרופולין,3,25090
144841880,8954649,585888213_190526,2026-05-20T07:05:00+00:00,2026-05-20T07:47:59+00:00,2026-05-20,7707,15,90,מסוף כרמלית/הכרמל-תל אביב יפו<->השונית/יורדי ים-הרצליה-2#,25090,2,#,מטרופולין,3,25090
144752824,8954648,2201551_190526,2026-05-20T07:05:00+00:00,2026-05-20T07:45:26+00:00,2026-05-20,7705,15,90,השונית/יורדי ים-הרצליה<->מסוף כרמלית/הכרמל-תל אביב יפו-1#,25090,1,#,מטרופולין,3,25090
144755100,8954649,33030291_190526,2026-05-20T07:30:00+00:00,2026-05-20T08:12:59+00:00,2026-05-20,7707,15,90,מסוף כרמלית/הכרמל-תל אביב יפו<->השונית/יורדי ים-הרצליה-2#,25090,2,#,מטרופולין,3,25090
144755008,8954648,3249678_190526,2026-05-20T07:30:00+00:00,2026-05-20T08:10:26+00:00,2026-05-20,7705,15,90,השונית/יורדי ים-הרצליה<->מסוף כרמלית/הכרמל-תל אביב יפו-1#,25090,1,#,מטרופולין,3,25090
144756703,8954648,19637475_190526,2026-05-20T07:55:00+00:00,2026-05-20T08:35:26+00:00,2026-05-20,7705,15,90,השונית/יורדי ים-הרצליה<->מסוף כרמלית/הכרמל-תל אביב יפו-1#,25090,1,#,מטרופולין,3,25090
144754341,8954649,585888214_190526,2026-05-20T07:55:00+00:00,2026-05-20T08:37:59+00:00,2026-05-20,7707,15,90,מסוף כרמלית/הכרמל-תל אביב יפו<->השונית/יורדי ים-הרצליה-2#,25090,2,#,מטרופולין,3,25090
144752857,8954649,586139682_190526,2026-05-20T08:10:00+00:00,2026-05-20T08:52:59+00:00,2026-05-20,7707,15,90,מסוף כרמלית/הכרמל-תל אביב יפו<->השונית/יורדי ים-הרצליה-2#,25090,2,#,מטרופולין,3,25090
144841875,8954649,19637764_190526,2026-05-20T08:20:00+00:00,2026-05-20T09:02:59+00:00,2026-05-20,7707,15,90,מסוף כרמלית/הכרמל-תל אביב יפו<->השונית/יורדי ים-הרצליה-2#,25090,2,#,מטרופולין,3,25090
144756707,8954648,2888049_190526,2026-05-20T08:20:00+00:00,2026-05-20T09:00:26+00:00,2026-05-20,7705,15,90,השונית/יורדי ים-הרצליה<->מסוף כרמלית/הכרמל-תל אביב יפו-1#,25090,1,#,מטרופולין,3,25090
144756706,8954648,22761034_190526,2026-05-20T08:45:00+00:00,2026-05-20T09:25:26+00:00,2026-05-20,7705,15,90,השונית/יורדי ים-הרצליה<->מסוף כרמלית/הכרמל-תל אביב יפו-1#,25090,1,#,מטרופולין,3,25090
144755048,8954649,585888215_190526,2026-05-20T08:45:00+00:00,2026-05-20T09:27:59+00:00,2026-05-20,7707,15,90,מסוף כרמלית/הכרמל-תל אביב יפו<->השונית/יורדי ים-הרצליה-2#,25090,2,#,מטרופולין,3,25090
144752858,8954649,586152147_190526,2026-05-20T08:55:00+00:00,2026-05-20T09:37:59+00:00,2026-05-20,7707,15,90,מסוף כרמלית/הכרמל-תל אביב יפו<->השונית/יורדי ים-הרצליה-2#,25090,2,#,מטרופולין,3,25090
144841877,8954649,584888629_190526,2026-05-20T09:10:00+00:00,2026-05-20T09:52:59+00:00,2026-05-20,7707,15,90,מסוף כרמלית/הכרמל-תל אביב יפו<->השונית/יורדי ים-הרצליה-2#,25090,2,#,מטרופולין,3,25090
144755001,8954648,2201555_190526,2026-05-20T09:10:00+00:00,2026-05-20T09:50:26+00:00,2026-05-20,7705,15,90,השונית/יורדי ים-הרצליה<->מסוף כרמלית/הכרמל-תל אביב יפו-1#,25090,1,#,מטרופולין,3,25090
144755103,8954649,586152145_190526,2026-05-20T09:25:00+00:00,2026-05-20T10:07:59+00:00,2026-05-20,7707,15,90,מסוף כרמלית/הכרמל-תל אביב יפו<->השונית/יורדי ים-הרצליה-2#,25090,2,#,מטרופולין,3,25090
144754330,8954648,24059440_190526,2026-05-20T09:35:00+00:00,2026-05-20T10:15:26+00:00,2026-05-20,7705,15,90,השונית/יורדי ים-הרצליה<->מסוף כרמלית/הכרמל-תל אביב יפו-1#,25090,1,#,מטרופולין,3,25090
144752853,8954649,24059749_190526,2026-05-20T09:35:00+00:00,2026-05-20T10:17:59+00:00,2026-05-20,7707,15,90,מסוף כרמלית/הכרמל-תל אביב יפו<->השונית/יורדי ים-הרצליה-2#,25090,2,#,מטרופולין,3,25090
144755097,8954648,33027095_190526,2026-05-20T10:00:00+00:00,2026-05-20T10:40:26+00:00,2026-05-20,7705,15,90,השונית/יורדי ים-הרצליה<->מסוף כרמלית/הכרמל-תל אביב יפו-1#,25090,1,#,מטרופולין,3,25090
144754338,8954649,30443746_190526,2026-05-20T10:00:00+00:00,2026-05-20T10:42:59+00:00,2026-05-20,7707,15,90,מסוף כרמלית/הכרמל-תל אביב יפו<->השונית/יורדי ים-הרצליה-2#,25090,2,#,מטרופולין,3,25090
144755755,8954649,30443920_190526,2026-05-20T10:15:00+00:00,2026-05-20T10:57:59+00:00,2026-05-20,7707,15,90,מסוף כרמלית/הכרמל-תל אביב יפו<->השונית/יורדי ים-הרצליה-2#,25090,2,#,מטרופולין,3,25090
144841881,8954649,585888216_190526,2026-05-20T10:25:00+00:00,2026-05-20T11:07:59+00:00,2026-05-20,7707,15,90,מסוף כרמלית/הכרמל-תל אביב יפו<->השונית/יורדי ים-הרצליה-2#,25090,2,#,מטרופולין,3,25090
144755010,8954648,584906993_190526,2026-05-20T10:25:00+00:00,2026-05-20T11:05:26+00:00,2026-05-20,7705,15,90,השונית/יורדי ים-הרצליה<->מסוף כרמלית/הכרמל-תל אביב יפו-1#,25090,1,#,מטרופולין,3,25090
144756057,8954649,19637789_190526,2026-05-20T10:50:00+00:00,2026-05-20T11:32:59+00:00,2026-05-20,7707,15,90,מסוף כרמלית/הכרמל-תל אביב יפו<->השונית/יורדי ים-הרצליה-2#,25090,2,#,מטרופולין,3,25090
144755003,8954648,2910299_190526,2026-05-20T10:50:00+00:00,2026-05-20T11:30:26+00:00,2026-05-20,7705,15,90,השונית/יורדי ים-הרצליה<->מסוף כרמלית/הכרמל-תל אביב יפו-1#,25090,1,#,מטרופולין,3,25090
144755011,8954648,584906994_190526,2026-05-20T11:05:00+00:00,2026-05-20T11:45:26+00:00,2026-05-20,7705,15,90,השונית/יורדי ים-הרצליה<->מסוף כרמלית/הכרמל-תל אביב יפו-1#,25090,1,#,מטרופולין,3,25090
144756736,8954649,23198620_190526,2026-05-20T11:15:00+00:00,2026-05-20T11:57:59+00:00,2026-05-20,7707,15,90,מסוף כרמלית/הכרמל-תל אביב יפו<->השונית/יורדי ים-הרצליה-2#,25090,2,#,מטרופולין,3,25090
144755002,8954648,2888069_190526,2026-05-20T11:15:00+00:00,2026-05-20T11:55:26+00:00,2026-05-20,7705,15,90,השונית/יורדי ים-הרצליה<->מסוף כרמלית/הכרמל-תל אביב יפו-1#,25090,1,#,מטרופולין,3,25090
144752826,8954648,3249698_190526,2026-05-20T11:30:00+00:00,2026-05-20T12:10:26+00:00,2026-05-20,7705,15,90,השונית/יורדי ים-הרצליה<->מסוף כרמלית/הכרמל-תל אביב יפו-1#,25090,1,#,מטרופולין,3,25090
144756740,8954649,33030310_190526,2026-05-20T11:40:00+00:00,2026-05-20T12:22:59+00:00,2026-05-20,7707,15,90,מסוף כרמלית/הכרמל-תל אביב יפו<->השונית/יורדי ים-הרצליה-2#,25090,2,#,מטרופולין,3,25090
144755993,8954648,19637515_190526,2026-05-20T11:45:00+00:00,2026-05-20T12:25:26+00:00,2026-05-20,7705,15,90,השונית/יורדי ים-הרצליה<->מסוף כרמלית/הכרמל-תל אביב יפו-1#,25090,1,#,מטרופולין,3,25090
144752851,8954649,23198621_190526,2026-05-20T12:00:00+00:00,2026-05-20T12:42:59+00:00,2026-05-20,7707,15,90,מסוף כרמלית/הכרמל-תל אביב יפו<->השונית/יורדי ים-הרצליה-2#,25090,2,#,מטרופולין,3,25090
144841874,8954648,584906995_190526,2026-05-20T12:05:00+00:00,2026-05-20T12:45:26+00:00,2026-05-20,7705,15,90,השונית/יורדי ים-הרצליה<->מסוף כרמלית/הכרמל-תל אביב יפו-1#,25090,1,#,מטרופולין,3,25090
144752847,8954649,19637814_190526,2026-05-20T12:20:00+00:00,2026-05-20T13:02:59+00:00,2026-05-20,7707,15,90,מסוף כרמלית/הכרמל-תל אביב יפו<->השונית/יורדי ים-הרצליה-2#,25090,2,#,מטרופולין,3,25090
144755996,8954648,2910302_190526,2026-05-20T12:30:00+00:00,2026-05-20T13:10:26+00:00,2026-05-20,7705,15,90,השונית/יורדי ים-הרצליה<->מסוף כרמלית/הכרמל-תל אביב יפו-1#,25090,1,#,מטרופולין,3,25090
144755752,8954649,19637819_190526,2026-05-20T12:40:00+00:00,2026-05-20T13:22:59+00:00,2026-05-20,7707,15,90,מסוף כרמלית/הכרמל-תל אביב יפו<->השונית/יורדי ים-הרצליה-2#,25090,2,#,מטרופולין,3,25090
144755997,8954648,2910303_190526,2026-05-20T12:55:00+00:00,2026-05-20T13:35:26+00:00,2026-05-20,7705,15,90,השונית/יורדי ים-הרצליה<->מסוף כרמלית/הכרמל-תל אביב יפו-1#,25090,1,#,מטרופולין,3,25090
144756739,8954649,33027277_190526,2026-05-20T13:00:00+00:00,2026-05-20T13:42:59+00:00,2026-05-20,7707,15,90,מסוף כרמלית/הכרמל-תל אביב יפו<->השונית/יורדי ים-הרצליה-2#,25090,2,#,מטרופולין,3,25090
144755371,8954648,585887785_190526,2026-05-20T13:10:00+00:00,2026-05-20T13:50:26+00:00,2026-05-20,7705,15,90,השונית/יורדי ים-הרצליה<->מסוף כרמלית/הכרמל-תל אביב יפו-1#,25090,1,#,מטרופולין,3,25090
144755756,8954649,585888217_190526,2026-05-20T13:15:00+00:00,2026-05-20T13:57:59+00:00,2026-05-20,7707,15,90,מסוף כרמלית/הכרמל-תל אביב יפו<->השונית/יורדי ים-הרצליה-2#,25090,2,#,מטרופולין,3,25090
144755367,8954648,2910304_190526,2026-05-20T13:25:00+00:00,2026-05-20T14:05:26+00:00,2026-05-20,7705,15,90,השונית/יורדי ים-הרצליה<->מסוף כרמלית/הכרמל-תל אביב יפו-1#,25090,1,#,מטרופולין,3,25090
144752854,8954649,33030287_190526,2026-05-20T13:30:00+00:00,2026-05-20T14:12:59+00:00,2026-05-20,7707,15,90,מסוף כרמלית/הכרמל-תל אביב יפו<->השונית/יורדי ים-הרצליה-2#,25090,2,#,מטרופולין,3,25090
144755998,8954648,33030047_190526,2026-05-20T13:40:00+00:00,2026-05-20T14:20:26+00:00,2026-05-20,7705,15,90,השונית/יורדי ים-הרצליה<->מסוף כרמלית/הכרמל-תל אביב יפו-1#,25090,1,#,מטרופולין,3,25090
144756733,8954649,19637839_190526,2026-05-20T13:45:00+00:00,2026-05-20T14:27:59+00:00,2026-05-20,7707,15,90,מסוף כרמלית/הכרמל-תל אביב יפו<->השונית/יורדי ים-הרצליה-2#,25090,2,#,מטרופולין,3,25090
144755004,8954648,2910305_190526,2026-05-20T13:55:00+00:00,2026-05-20T14:35:26+00:00,2026-05-20,7705,15,90,השונית/יורדי ים-הרצליה<->מסוף כרמלית/הכרמל-תל אביב יפו-1#,25090,1,#,מטרופולין,3,25090
144756734,8954649,19637844_190526,2026-05-20T14:00:00+00:00,2026-05-20T14:42:59+00:00,2026-05-20,7707,15,90,מסוף כרמלית/הכרמל-תל אביב יפו<->השונית/יורדי ים-הרצליה-2#,25090,2,#,מטרופולין,3,25090
144755366,8954648,27145500_190526,2026-05-20T14:10:00+00:00,2026-05-20T14:50:26+00:00,2026-05-20,7705,15,90,השונית/יורדי ים-הרצליה<->מסוף כרמלית/הכרמל-תל אביב יפו-1#,25090,1,#,מטרופולין,3,25090
144754334,8954649,19637849_190526,2026-05-20T14:15:00+00:00,2026-05-20T14:57:59+00:00,2026-05-20,7707,15,90,מסוף כרמלית/הכרמל-תל אביב יפו<->השונית/יורדי ים-הרצליה-2#,25090,2,#,מטרופולין,3,25090
144754328,8954648,19637565_190526,2026-05-20T14:25:00+00:00,2026-05-20T15:05:26+00:00,2026-05-20,7705,15,90,השונית/יורדי ים-הרצליה<->מסוף כרמלית/הכרמל-תל אביב יפו-1#,25090,1,#,מטרופולין,3,25090
144755753,8954649,19637854_190526,2026-05-20T14:30:00+00:00,2026-05-20T15:12:59+00:00,2026-05-20,7707,15,90,מסוף כרמלית/הכרמל-תל אביב יפו<->השונית/יורדי ים-הרצליה-2#,25090,2,#,מטרופולין,3,25090
144752825,8954648,27145510_190526,2026-05-20T14:40:00+00:00,2026-05-20T15:20:26+00:00,2026-05-20,7705,15,90,השונית/יורדי ים-הרצליה<->מסוף כרמלית/הכרמל-תל אביב יפו-1#,25090,1,#,מטרופולין,3,25090
144756058,8954649,19637859_190526,2026-05-20T14:45:00+00:00,2026-05-20T15:27:59+00:00,2026-05-20,7707,15,90,מסוף כרמלית/הכרמל-תל אביב יפו<->השונית/יורדי ים-הרצליה-2#,25090,2,#,מטרופולין,3,25090
144752827,8954648,585887786_190526,2026-05-20T14:55:00+00:00,2026-05-20T15:35:26+00:00,2026-05-20,7705,15,90,השונית/יורדי ים-הרצליה<->מסוף כרמלית/הכרמל-תל אביב יפו-1#,25090,1,#,מטרופולין,3,25090
144754335,8954649,19637864_190526,2026-05-20T15:00:00+00:00,2026-05-20T15:42:59+00:00,2026-05-20,7707,15,90,מסוף כרמלית/הכרמל-תל אביב יפו<->השונית/יורדי ים-הרצליה-2#,25090,2,#,מטרופולין,3,25090
144755370,8954648,585442520_190526,2026-05-20T15:10:00+00:00,2026-05-20T15:50:26+00:00,2026-05-20,7705,15,90,השונית/יורדי ים-הרצליה<->מסוף כרמלית/הכרמל-תל אביב יפו-1#,25090,1,#,מטרופולין,3,25090
144756061,8954649,585888218_190526,2026-05-20T15:20:00+00:00,2026-05-20T16:02:59+00:00,2026-05-20,7707,15,90,מסוף כרמלית/הכרמל-תל אביב יפו<->השונית/יורדי ים-הרצליה-2#,25090,2,#,מטרופולין,3,25090
144755005,8954648,2910310_190526,2026-05-20T15:30:00+00:00,2026-05-20T16:10:26+00:00,2026-05-20,7705,15,90,השונית/יורדי ים-הרצליה<->מסוף כרמלית/הכרמל-תל אביב יפו-1#,25090,1,#,מטרופולין,3,25090
144752855,8954649,585113397_190526,2026-05-20T15:40:00+00:00,2026-05-20T16:22:59+00:00,2026-05-20,7707,15,90,מסוף כרמלית/הכרמל-תל אביב יפו<->השונית/יורדי ים-הרצליה-2#,25090,2,#,מטרופולין,3,25090
144756709,8954648,584907001_190526,2026-05-20T15:50:00+00:00,2026-05-20T16:30:26+00:00,2026-05-20,7705,15,90,השונית/יורדי ים-הרצליה<->מסוף כרמלית/הכרמל-תל אביב יפו-1#,25090,1,#,מטרופולין,3,25090
144756710,8954648,585113379_190526,2026-05-20T16:10:00+00:00,2026-05-20T16:50:26+00:00,2026-05-20,7705,15,90,השונית/יורדי ים-הרצליה<->מסוף כרמלית/הכרמל-תל אביב יפו-1#,25090,1,#,מטרופולין,3,25090
144755754,8954649,30443846_190526,2026-05-20T16:20:00+00:00,2026-05-20T17:02:59+00:00,2026-05-20,7707,15,90,מסוף כרמלית/הכרמל-תל אביב יפו<->השונית/יורדי ים-הרצליה-2#,25090,2,#,מטרופולין,3,25090
144756708,8954648,2910312_190526,2026-05-20T16:30:00+00:00,2026-05-20T17:10:26+00:00,2026-05-20,7705,15,90,השונית/יורדי ים-הרצליה<->מסוף כרמלית/הכרמל-תל אביב יפו-1#,25090,1,#,מטרופולין,3,25090
144754340,8954649,30443975_190526,2026-05-20T16:40:00+00:00,2026-05-20T17:22:59+00:00,2026-05-20,7707,15,90,מסוף כרמלית/הכרמל-תל אביב יפו<->השונית/יורדי ים-הרצליה-2#,25090,2,#,מטרופולין,3,25090
144755999,8954648,585887787_190526,2026-05-20T16:50:00+00:00,2026-05-20T17:30:26+00:00,2026-05-20,7705,15,90,השונית/יורדי ים-הרצליה<->מסוף כרמלית/הכרמל-תל אביב יפו-1#,25090,1,#,מטרופולין,3,25090
144752848,8954649,19637884_190526,2026-05-20T17:00:00+00:00,2026-05-20T17:42:59+00:00,2026-05-20,7707,15,90,מסוף כרמלית/הכרמל-תל אביב יפו<->השונית/יורדי ים-הרצליה-2#,25090,2,#,מטרופולין,3,25090
144754332,8954648,585887788_190526,2026-05-20T17:10:00+00:00,2026-05-20T17:50:26+00:00,2026-05-20,7705,15,90,השונית/יורדי ים-הרצליה<->מסוף כרמלית/הכרמל-תל אביב יפו-1#,25090,1,#,מטרופולין,3,25090
144756059,8954649,19637889_190526,2026-05-20T17:30:00+00:00,2026-05-20T18:12:59+00:00,2026-05-20,7707,15,90,מסוף כרמלית/הכרמל-תל אביב יפו<->השונית/יורדי ים-הרצליה-2#,25090,2,#,מטרופולין,3,25090
144755006,8954648,2910314_190526,2026-05-20T17:30:00+00:00,2026-05-20T18:10:26+00:00,2026-05-20,7705,15,90,השונית/יורדי ים-הרצליה<->מסוף כרמלית/הכרמל-תל אביב יפו-1#,25090,1,#,מטרופולין,3,25090
144755009,8954648,584888612_190526,2026-05-20T17:50:00+00:00,2026-05-20T18:30:26+00:00,2026-05-20,7705,15,90,השונית/יורדי ים-הרצליה<->מסוף כרמלית/הכרמל-תל אביב יפו-1#,25090,1,#,מטרופולין,3,25090
144756060,8954649,19637894_190526,2026-05-20T18:00:00+00:00,2026-05-20T18:42:59+00:00,2026-05-20,7707,15,90,מסוף כרמלית/הכרמל-תל אביב יפו<->השונית/יורדי ים-הרצליה-2#,25090,2,#,מטרופולין,3,25090
144754331,8954648,585113381_190526,2026-05-20T18:10:00+00:00,2026-05-20T18:50:26+00:00,2026-05-20,7705,15,90,השונית/יורדי ים-הרצליה<->מסוף כרמלית/הכרמל-תל אביב יפו-1#,25090,1,#,מטרופולין,3,25090
144755757,8954649,586136435_190526,2026-05-20T18:15:00+00:00,2026-05-20T18:57:59+00:00,2026-05-20,7707,15,90,מסוף כרמלית/הכרמל-תל אביב יפו<->השונית/יורדי ים-הרצליה-2#,25090,2,#,מטרופולין,3,25090
144755007,8954648,2910316_190526,2026-05-20T18:30:00+00:00,2026-05-20T19:10:26+00:00,2026-05-20,7705,15,90,השונית/יורדי ים-הרצליה<->מסוף כרמלית/הכרמל-תל אביב יפו-1#,25090,1,#,מטרופולין,3,25090
144754336,8954649,19637899_190526,2026-05-20T18:30:00+00:00,2026-05-20T19:12:59+00:00,2026-05-20,7707,15,90,מסוף כרמלית/הכרמל-תל אביב יפו<->השונית/יורדי ים-הרצליה-2#,25090,2,#,מטרופולין,3,25090
144756000,8954648,585887789_190526,2026-05-20T18:50:00+00:00,2026-05-20T19:30:26+00:00,2026-05-20,7705,15,90,השונית/יורדי ים-הרצליה<->מסוף כרמלית/הכרמל-תל אביב יפו-1#,25090,1,#,מטרופולין,3,25090
144756738,8954649,30443980_190526,2026-05-20T19:00:00+00:00,2026-05-20T19:42:59+00:00,2026-05-20,7707,15,90,מסוף כרמלית/הכרמל-תל אביב יפו<->השונית/יורדי ים-הרצליה-2#,25090,2,#,מטרופולין,3,25090
144756001,8954648,585887790_190526,2026-05-20T19:10:00+00:00,2026-05-20T19:50:26+00:00,2026-05-20,7705,15,90,השונית/יורדי ים-הרצליה<->מסוף כרמלית/הכרמל-תל אביב יפו-1#,25090,1,#,מטרופולין,3,25090
144841876,8954649,19637904_190526,2026-05-20T19:30:00+00:00,2026-05-20T20:12:59+00:00,2026-05-20,7707,15,90,מסוף כרמלית/הכרמל-תל אביב יפו<->השונית/יורדי ים-הרצליה-2#,25090,2,#,מטרופולין,3,25090
144841873,8954648,2910317_190526,2026-05-20T19:30:00+00:00,2026-05-20T20:10:26+00:00,2026-05-20,7705,15,90,השונית/יורדי ים-הרצליה<->מסוף כרמלית/הכרמל-תל אביב יפו-1#,25090,1,#,מטרופולין,3,25090
144752859,8954649,586152149_190526,2026-05-20T19:45:00+00:00,2026-05-20T20:27:59+00:00,2026-05-20,7707,15,90,מסוף כרמלית/הכרמל-תל אביב יפו<->השונית/יורדי ים-הרצליה-2#,25090,2,#,מטרופולין,3,25090
144754333,8954648,585887791_190526,2026-05-20T19:50:00+00:00,2026-05-20T20:30:26+00:00,2026-05-20,7705,15,90,השונית/יורדי ים-הרצליה<->מסוף כרמלית/הכרמל-תל אביב יפו-1#,25090,1,#,מטרופולין,3,25090
144756737,8954649,24059764_190526,2026-05-20T20:00:00+00:00,2026-05-20T20:42:59+00:00,2026-05-20,7707,15,90,מסוף כרמלית/הכרמל-תל אביב יפו<->השונית/יורדי ים-הרצליה-2#,25090,2,#,מטרופולין,3,25090
144755369,8954648,4678144_190526,2026-05-20T20:30:00+00:00,2026-05-20T21:10:26+00:00,2026-05-20,7705,15,90,השונית/יורדי ים-הרצליה<->מסוף כרמלית/הכרמל-תל אביב יפו-1#,25090,1,#,מטרופולין,3,25090
144868402,8960673,2201608_210526,2026-05-21T03:00:00+00:00,2026-05-21T03:40:26+00:00,2026-05-21,7705,15,90,השונית/יורדי ים-הרצליה<->מסוף כרמלית/הכרמל-תל אביב יפו-1#,25090,1,#,מטרופולין,3,25090
144912917,8960674,2201777_210526,2026-05-21T03:05:00+00:00,2026-05-21T03:47:59+00:00,2026-05-21,7707,15,90,מסוף כרמלית/הכרמל-תל אביב יפו<->השונית/יורדי ים-הרצליה-2#,25090,2,#,מטרופולין,3,25090
144865928,8960674,20702586_210526,2026-05-21T03:45:00+00:00,2026-05-21T04:27:59+00:00,2026-05-21,7707,15,90,מסוף כרמלית/הכרמל-תל אביב יפו<->השונית/יורדי ים-הרצליה-2#,25090,2,#,מטרופולין,3,25090
144866149,8960673,2201610_210526,2026-05-21T03:50:00+00:00,2026-05-21T04:30:26+00:00,2026-05-21,7705,15,90,השונית/יורדי ים-הרצליה<->מסוף כרמלית/הכרמל-תל אביב יפו-1#,25090,1,#,מטרופולין,3,25090
144867955,8960674,19637693_210526,2026-05-21T04:20:00+00:00,2026-05-21T05:02:59+00:00,2026-05-21,7707,15,90,מסוף כרמלית/הכרמל-תל אביב יפו<->השונית/יורדי ים-הרצליה-2#,25090,2,#,מטרופולין,3,25090
144868403,8960673,2201613_210526,2026-05-21T04:35:00+00:00,2026-05-21T05:15:26+00:00,2026-05-21,7705,15,90,השונית/יורדי ים-הרצליה<->מסוף כרמלית/הכרמל-תל אביב יפו-1#,25090,1,#,מטרופולין,3,25090
144912915,8960674,19637713_210526,2026-05-21T05:00:00+00:00,2026-05-21T05:42:59+00:00,2026-05-21,7707,15,90,מסוף כרמלית/הכרמל-תל אביב יפו<->השונית/יורדי ים-הרצליה-2#,25090,2,#,מטרופולין,3,25090
144867953,8960673,2910439_210526,2026-05-21T05:15:00+00:00,2026-05-21T05:55:26+00:00,2026-05-21,7705,15,90,השונית/יורדי ים-הרצליה<->מסוף כרמלית/הכרמל-תל אביב יפו-1#,25090,1,#,מטרופולין,3,25090
144868185,8960674,20702589_210526,2026-05-21T05:40:00+00:00,2026-05-21T06:22:59+00:00,2026-05-21,7707,15,90,מסוף כרמלית/הכרמל-תל אביב יפו<->השונית/יורדי ים-הרצליה-2#,25090,2,#,מטרופולין,3,25090
144866174,8960673,20702604_210526,2026-05-21T05:55:00+00:00,2026-05-21T06:35:26+00:00,2026-05-21,7705,15,90,השונית/יורדי ים-הרצליה<->מסוף כרמלית/הכרמל-תל אביב יפו-1#,25090,1,#,מטרופולין,3,25090
144868428,8960674,20702590_210526,2026-05-21T06:20:00+00:00,2026-05-21T07:02:59+00:00,2026-05-21,7707,15,90,מסוף כרמלית/הכרמל-תל אביב יפו<->השונית/יורדי ים-הרצליה-2#,25090,2,#,מטרופולין,3,25090
144865925,8960673,2201618_210526,2026-05-21T06:35:00+00:00,2026-05-21T07:15:26+00:00,2026-05-21,7705,15,90,השונית/יורדי ים-הרצליה<->מסוף כרמלית/הכרמל-תל אביב יפו-1#,25090,1,#,מטרופולין,3,25090
144866195,8960674,20702591_210526,2026-05-21T07:00:00+00:00,2026-05-21T07:42:59+00:00,2026-05-21,7707,15,90,מסוף כרמלית/הכרמל-תל אביב יפו<->השונית/יורדי ים-הרצליה-2#,25090,2,#,מטרופולין,3,25090
144912914,8960673,2910444_210526,2026-05-21T07:15:00+00:00,2026-05-21T07:55:26+00:00,2026-05-21,7705,15,90,השונית/יורדי ים-הרצליה<->מסוף כרמלית/הכרמל-תל אביב יפו-1#,25090,1,#,מטרופולין,3,25090
144868186,8960674,20702592_210526,2026-05-21T07:40:00+00:00,2026-05-21T08:22:59+00:00,2026-05-21,7707,15,90,מסוף כרמלית/הכרמל-תל אביב יפו<->השונית/יורדי ים-הרצליה-2#,25090,2,#,מטרופולין,3,25090
144868399,8960673,19637479_210526,2026-05-21T07:55:00+00:00,2026-05-21T08:35:26+00:00,2026-05-21,7705,15,90,השונית/יורדי ים-הרצליה<->מסוף כרמלית/הכרמל-תל אביב יפו-1#,25090,1,#,מטרופולין,3,25090
144866194,8960674,19637768_210526,2026-05-21T08:20:00+00:00,2026-05-21T09:02:59+00:00,2026-05-21,7707,15,90,מסוף כרמלית/הכרמל-תל אביב יפו<->השונית/יורדי ים-הרצליה-2#,25090,2,#,מטרופולין,3,25090
144865924,8960673,20702608_210526,2026-05-21T08:35:00+00:00,2026-05-21T09:15:26+00:00,2026-05-21,7705,15,90,השונית/יורדי ים-הרצליה<->מסוף כרמלית/הכרמל-תל אביב יפו-1#,25090,1,#,מטרופולין,3,25090
144866187,8960674,20702594_210526,2026-05-21T09:00:00+00:00,2026-05-21T09:42:59+00:00,2026-05-21,7707,15,90,מסוף כרמלית/הכרמל-תל אביב יפו<->השונית/יורדי ים-הרצליה-2#,25090,2,#,מטרופולין,3,25090
144868400,8960673,20702609_210526,2026-05-21T09:25:00+00:00,2026-05-21T10:05:26+00:00,2026-05-21,7705,15,90,השונית/יורדי ים-הרצליה<->מסוף כרמלית/הכרמל-תל אביב יפו-1#,25090,1,#,מטרופולין,3,25090
144868429,8960674,20702595_210526,2026-05-21T09:45:00+00:00,2026-05-21T10:27:59+00:00,2026-05-21,7707,15,90,מסוף כרמלית/הכרמל-תל אביב יפו<->השונית/יורדי ים-הרצליה-2#,25090,2,#,מטרופולין,3,25090
144868401,8960673,20702610_210526,2026-05-21T10:15:00+00:00,2026-05-21T10:55:26+00:00,2026-05-21,7705,15,90,השונית/יורדי ים-הרצליה<->מסוף כרמלית/הכרמל-תל אביב יפו-1#,25090,1,#,מטרופולין,3,25090
144912916,8960674,20592152_210526,2026-05-21T10:30:00+00:00,2026-05-21T11:12:59+00:00,2026-05-21,7707,15,90,מסוף כרמלית/הכרמל-תל אביב יפו<->השונית/יורדי ים-הרצליה-2#,25090,2,#,מטרופולין,3,25090
144912912,8960673,20702611_210526,2026-05-21T10:55:00+00:00,2026-05-21T11:35:26+00:00,2026-05-21,7705,15,90,השונית/יורדי ים-הרצליה<->מסוף כרמלית/הכרמל-תל אביב יפו-1#,25090,1,#,מטרופולין,3,25090
144866188,8960674,20702597_210526,2026-05-21T11:15:00+00:00,2026-05-21T11:57:59+00:00,2026-05-21,7707,15,90,מסוף כרמלית/הכרמל-תל אביב יפו<->השונית/יורדי ים-הרצליה-2#,25090,2,#,מטרופולין,3,25090
144912913,8960673,20702612_210526,2026-05-21T11:35:00+00:00,2026-05-21T12:15:26+00:00,2026-05-21,7705,15,90,השונית/יורדי ים-הרצליה<->מסוף כרמלית/הכרמל-תל אביב יפו-1#,25090,1,#,מטרופולין,3,25090
144867189,8960674,585185535_210526,2026-05-21T11:45:00+00:00,2026-05-21T12:27:59+00:00,2026-05-21,7707,15,90,מסוף כרמלית/הכרמל-תל אביב יפו<->השונית/יורדי ים-הרצליה-2#,25090,2,#,מטרופולין,3,25090
144868187,8960674,20702598_210526,2026-05-21T12:00:00+00:00,2026-05-21T12:42:59+00:00,2026-05-21,7707,15,90,מסוף כרמלית/הכרמל-תל אביב יפו<->השונית/יורדי ים-הרצליה-2#,25090,2,#,מטרופולין,3,25090
144585026,8941504,50087354_170526,2026-05-17T21:00:00+00:00,2026-05-17T21:50:45+00:00,2026-05-18,5242,15,561,ת. רכבת קרית אריה-פתח תקווה<->תחנה מרכזית כפ''ס/הורדה-כפר סבא-2#,10561,2,#,מטרופולין,3,10561
144582867,8941504,1348852_170526,2026-05-18T02:00:00+00:00,2026-05-18T02:50:45+00:00,2026-05-18,5242,15,561,ת. רכבת קרית אריה-פתח תקווה<->תחנה מרכזית כפ''ס/הורדה-כפר סבא-2#,10561,2,#,מטרופולין,3,10561
144552722,8941503,3963153_170526,2026-05-18T02:00:00+00:00,2026-05-18T02:51:03+00:00,2026-05-18,5236,15,561,תחנה מרכזית כפ''ס/ויצמן-כפר סבא<->רכבת קריית אריה/חנה וסע-פתח תקווה-1#,10561,1,#,מטרופולין,3,10561
144586420,8941503,3963154_170526,2026-05-18T02:20:00+00:00,2026-05-18T03:11:03+00:00,2026-05-18,5236,15,561,תחנה מרכזית כפ''ס/ויצמן-כפר סבא<->רכבת קריית אריה/חנה וסע-פתח תקווה-1#,10561,1,#,מטרופולין,3,10561
144582872,8941504,1348853_170526,2026-05-18T02:20:00+00:00,2026-05-18T03:10:45+00:00,2026-05-18,5242,15,561,ת. רכבת קרית אריה-פתח תקווה<->תחנה מרכזית כפ''ס/הורדה-כפר סבא-2#,10561,2,#,מטרופולין,3,10561
144585020,8941504,1348854_170526,2026-05-18T02:40:00+00:00,2026-05-18T03:30:45+00:00,2026-05-18,5242,15,561,ת. רכבת קרית אריה-פתח תקווה<->תחנה מרכזית כפ''ס/הורדה-כפר סבא-2#,10561,2,#,מטרופולין,3,10561
144583432,8941503,3836041_170526,2026-05-18T02:40:00+00:00,2026-05-18T03:31:03+00:00,2026-05-18,5236,15,561,תחנה מרכזית כפ''ס/ויצמן-כפר סבא<->רכבת קריית אריה/חנה וסע-פתח תקווה-1#,10561,1,#,מטרופולין,3,10561
144585022,8941504,44775136_170526,2026-05-18T03:00:00+00:00,2026-05-18T03:50:45+00:00,2026-05-18,5242,15,561,ת. רכבת קרית אריה-פתח תקווה<->תחנה מרכזית כפ''ס/הורדה-כפר סבא-2#,10561,2,#,מטרופולין,3,10561
144583434,8941503,44774961_170526,2026-05-18T03:00:00+00:00,2026-05-18T03:51:03+00:00,2026-05-18,5236,15,561,תחנה מרכזית כפ''ס/ויצמן-כפר סבא<->רכבת קריית אריה/חנה וסע-פתח תקווה-1#,10561,1,#,מטרופולין,3,10561
144586825,8941503,53407987_170526,2026-05-18T03:20:00+00:00,2026-05-18T04:11:03+00:00,2026-05-18,5236,15,561,תחנה מרכזית כפ''ס/ויצמן-כפר סבא<->רכבת קריית אריה/חנה וסע-פתח תקווה-1#,10561,1,#,מטרופולין,3,10561
144585023,8941504,53408335_170526,2026-05-18T03:20:00+00:00,2026-05-18T04:10:45+00:00,2026-05-18,5242,15,561,ת. רכבת קרית אריה-פתח תקווה<->תחנה מרכזית כפ''ס/הורדה-כפר סבא-2#,10561,2,#,מטרופולין,3,10561
144582873,8941504,50252538_170526,2026-05-18T03:40:00+00:00,2026-05-18T04:30:45+00:00,2026-05-18,5242,15,561,ת. רכבת קרית אריה-פתח תקווה<->תחנה מרכזית כפ''ס/הורדה-כפר סבא-2#,10561,2,#,מטרופולין,3,10561
144582649,8941503,3836043_170526,2026-05-18T03:40:00+00:00,2026-05-18T04:31:03+00:00,2026-05-18,5236,15,561,תחנה מרכזית כפ''ס/ויצמן-כפר סבא<->רכבת קריית אריה/חנה וסע-פתח תקווה-1#,10561,1,#,מטרופולין,3,10561
144586824,8941503,4010523_170526,2026-05-18T04:00:00+00:00,2026-05-18T04:51:03+00:00,2026-05-18,5236,15,561,תחנה מרכזית כפ''ס/ויצמן-כפר סבא<->רכבת קריית אריה/חנה וסע-פתח תקווה-1#,10561,1,#,מטרופולין,3,10561
144552728,8941504,44775138_170526,2026-05-18T04:00:00+00:00,2026-05-18T04:50:45+00:00,2026-05-18,5242,15,561,ת. רכבת קרית אריה-פתח תקווה<->תחנה מרכזית כפ''ס/הורדה-כפר סבא-2#,10561,2,#,מטרופולין,3,10561
144583457,8941504,44775139_170526,2026-05-18T04:30:00+00:00,2026-05-18T05:20:45+00:00,2026-05-18,5242,15,561,ת. רכבת קרית אריה-פתח תקווה<->תחנה מרכזית כפ''ס/הורדה-כפר סבא-2#,10561,2,#,מטרופולין,3,10561
144552723,8941503,4010333_170526,2026-05-18T04:30:00+00:00,2026-05-18T05:21:03+00:00,2026-05-18,5236,15,561,תחנה מרכזית כפ''ס/ויצמן-כפר סבא<->רכבת קריית אריה/חנה וסע-פתח תקווה-1#,10561,1,#,מטרופולין,3,10561
144586823,8941503,3963341_170526,2026-05-18T05:00:00+00:00,2026-05-18T05:51:03+00:00,2026-05-18,5236,15,561,תחנה מרכזית כפ''ס/ויצמן-כפר סבא<->רכבת קריית אריה/חנה וסע-פתח תקווה-1#,10561,1,#,מטרופולין,3,10561
144552729,8941504,44775140_170526,2026-05-18T05:00:00+00:00,2026-05-18T05:50:45+00:00,2026-05-18,5242,15,561,ת. רכבת קרית אריה-פתח תקווה<->תחנה מרכזית כפ''ס/הורדה-כפר סבא-2#,10561,2,#,מטרופולין,3,10561
144583458,8941504,44775141_170526,2026-05-18T05:30:00+00:00,2026-05-18T06:20:45+00:00,2026-05-18,5242,15,561,ת. רכבת קרית אריה-פתח תקווה<->תחנה מרכזית כפ''ס/הורדה-כפר סבא-2#,10561,2,#,מטרופולין,3,10561
144582805,8941503,3963343_170526,2026-05-18T05:30:00+00:00,2026-05-18T06:21:03+00:00,2026-05-18,5236,15,561,תחנה מרכזית כפ''ס/ויצמן-כפר סבא<->רכבת קריית אריה/חנה וסע-פתח תקווה-1#,10561,1,#,מטרופולין,3,10561
144586552,8941504,44775142_170526,2026-05-18T06:00:00+00:00,2026-05-18T06:50:45+00:00,2026-05-18,5242,15,561,ת. רכבת קרית אריה-פתח תקווה<->תחנה מרכזית כפ''ס/הורדה-כפר סבא-2#,10561,2,#,מטרופולין,3,10561
144582806,8941503,3963345_170526,2026-05-18T06:00:00+00:00,2026-05-18T06:51:03+00:00,2026-05-18,5236,15,561,תחנה מרכזית כפ''ס/ויצמן-כפר סבא<->רכבת קריית אריה/חנה וסע-פתח תקווה-1#,10561,1,#,מטרופולין,3,10561
144587262,8941504,41658773_170526,2026-05-18T06:35:00+00:00,2026-05-18T07:25:45+00:00,2026-05-18,5242,15,561,ת. רכבת קרית אריה-פתח תקווה<->תחנה מרכזית כפ''ס/הורדה-כפר סבא-2#,10561,2,#,מטרופולין,3,10561
144586821,8941503,3962986_170526,2026-05-18T06:35:00+00:00,2026-05-18T07:26:03+00:00,2026-05-18,5236,15,561,תחנה מרכזית כפ''ס/ויצמן-כפר סבא<->רכבת קריית אריה/חנה וסע-פתח תקווה-1#,10561,1,#,מטרופולין,3,10561
144587194,8941503,585887478_170526,2026-05-18T07:10:00+00:00,2026-05-18T08:01:03+00:00,2026-05-18,5236,15,561,תחנה מרכזית כפ''ס/ויצמן-כפר סבא<->רכבת קריית אריה/חנה וסע-פתח תקווה-1#,10561,1,#,מטרופולין,3,10561
144552733,8941504,585887996_170526,2026-05-18T07:10:00+00:00,2026-05-18T08:00:45+00:00,2026-05-18,5242,15,561,ת. רכבת קרית אריה-פתח תקווה<->תחנה מרכזית כפ''ס/הורדה-כפר סבא-2#,10561,2,#,מטרופולין,3,10561
144584981,8941503,3962989_170526,2026-05-18T07:35:00+00:00,2026-05-18T08:26:03+00:00,2026-05-18,5236,15,561,תחנה מרכזית כפ''ס/ויצמן-כפר סבא<->רכבת קריית אריה/חנה וסע-פתח תקווה-1#,10561,1,#,מטרופולין,3,10561
144582874,8941504,50252545_170526,2026-05-18T07:45:00+00:00,2026-05-18T08:35:45+00:00,2026-05-18,5242,15,561,ת. רכבת קרית אריה-פתח תקווה<->תחנה מרכזית כפ''ס/הורדה-כפר סבא-2#,10561,2,#,מטרופולין,3,10561
144582650,8941503,3962990_170526,2026-05-18T07:55:00+00:00,2026-05-18T08:46:03+00:00,2026-05-18,5236,15,561,תחנה מרכזית כפ''ס/ויצמן-כפר סבא<->רכבת קריית אריה/חנה וסע-פתח תקווה-1#,10561,1,#,מטרופולין,3,10561
144586555,8941504,586152154_170526,2026-05-18T08:10:00+00:00,2026-05-18T09:00:45+00:00,2026-05-18,5242,15,561,ת. רכבת קרית אריה-פתח תקווה<->תחנה מרכזית כפ''ס/הורדה-כפר סבא-2#,10561,2,#,מטרופולין,3,10561
144584983,8941503,3963352_170526,2026-05-18T08:20:00+00:00,2026-05-18T09:11:03+00:00,2026-05-18,5236,15,561,תחנה מרכזית כפ''ס/ויצמן-כפר סבא<->רכבת קריית אריה/חנה וסע-פתח תקווה-1#,10561,1,#,מטרופולין,3,10561
144582886,8941504,41658803_170526,2026-05-18T08:35:00+00:00,2026-05-18T09:25:45+00:00,2026-05-18,5242,15,561,ת. רכבת קרית אריה-פתח תקווה<->תחנה מרכזית כפ''ס/הורדה-כפר סבא-2#,10561,2,#,מטרופולין,3,10561
144582808,8941503,3963353_170526,2026-05-18T08:40:00+00:00,2026-05-18T09:31:03+00:00,2026-05-18,5236,15,561,תחנה מרכזית כפ''ס/ויצמן-כפר סבא<->רכבת קריית אריה/חנה וסע-פתח תקווה-1#,10561,1,#,מטרופולין,3,10561
144587193,8941503,3962993_170526,2026-05-18T08:55:00+00:00,2026-05-18T09:46:03+00:00,2026-05-18,5236,15,561,תחנה מרכזית כפ''ס/ויצמן-כפר סבא<->רכבת קריית אריה/חנה וסע-פתח תקווה-1#,10561,1,#,מטרופולין,3,10561
144585021,8941504,41658808_170526,2026-05-18T08:55:00+00:00,2026-05-18T09:45:45+00:00,2026-05-18,5242,15,561,ת. רכבת קרית אריה-פתח תקווה<->תחנה מרכזית כפ''ס/הורדה-כפר סבא-2#,10561,2,#,מטרופולין,3,10561
144586822,8941503,3962994_170526,2026-05-18T09:30:00+00:00,2026-05-18T10:21:03+00:00,2026-05-18,5236,15,561,תחנה מרכזית כפ''ס/ויצמן-כפר סבא<->רכבת קריית אריה/חנה וסע-פתח תקווה-1#,10561,1,#,מטרופולין,3,10561
144582888,8941504,41658813_170526,2026-05-18T09:30:00+00:00,2026-05-18T10:20:45+00:00,2026-05-18,5242,15,561,ת. רכבת קרית אריה-פתח תקווה<->תחנה מרכזית כפ''ס/הורדה-כפר סבא-2#,10561,2,#,מטרופולין,3,10561
144582875,8941504,50252551_170526,2026-05-18T10:05:00+00:00,2026-05-18T10:55:45+00:00,2026-05-18,5242,15,561,ת. רכבת קרית אריה-פתח תקווה<->תחנה מרכזית כפ''ס/הורדה-כפר סבא-2#,10561,2,#,מטרופולין,3,10561
144582810,8941503,585887479_170526,2026-05-18T10:05:00+00:00,2026-05-18T10:56:03+00:00,2026-05-18,5236,15,561,תחנה מרכזית כפ''ס/ויצמן-כפר סבא<->רכבת קריית אריה/חנה וסע-פתח תקווה-1#,10561,1,#,מטרופולין,3,10561
144583523,8941504,584906252_170526,2026-05-18T10:20:00+00:00,2026-05-18T11:10:45+00:00,2026-05-18,5242,15,561,ת. רכבת קרית אריה-פתח תקווה<->תחנה מרכזית כפ''ס/הורדה-כפר סבא-2#,10561,2,#,מטרופולין,3,10561
144586421,8941503,3963359_170526,2026-05-18T10:40:00+00:00,2026-05-18T11:31:03+00:00,2026-05-18,5236,15,561,תחנה מרכזית כפ''ס/ויצמן-כפר סבא<->רכבת קריית אריה/חנה וסע-פתח תקווה-1#,10561,1,#,מטרופולין,3,10561
144552731,8941504,584906253_170526,2026-05-18T10:40:00+00:00,2026-05-18T11:30:45+00:00,2026-05-18,5242,15,561,ת. רכבת קרית אריה-פתח תקווה<->תחנה מרכזית כפ''ס/הורדה-כפר סבא-2#,10561,2,#,מטרופולין,3,10561
144585024,8941504,53408364_170526,2026-05-18T11:15:00+00:00,2026-05-18T12:05:45+00:00,2026-05-18,5242,15,561,ת. רכבת קרית אריה-פתח תקווה<->תחנה מרכזית כפ''ס/הורדה-כפר סבא-2#,10561,2,#,מטרופולין,3,10561
144584982,8941503,3962999_170526,2026-05-18T11:15:00+00:00,2026-05-18T12:06:03+00:00,2026-05-18,5236,15,561,תחנה מרכזית כפ''ס/ויצמן-כפר סבא<->רכבת קריית אריה/חנה וסע-פתח תקווה-1#,10561,1,#,מטרופולין,3,10561
144586872,8941503,586152153_170526,2026-05-18T11:35:00+00:00,2026-05-18T12:26:03+00:00,2026-05-18,5236,15,561,תחנה מרכזית כפ''ס/ויצמן-כפר סבא<->רכבת קריית אריה/חנה וסע-פתח תקווה-1#,10561,1,#,מטרופולין,3,10561
144587264,8941504,585887997_170526,2026-05-18T11:50:00+00:00,2026-05-18T12:40:45+00:00,2026-05-18,5242,15,561,ת. רכבת קרית אריה-פתח תקווה<->תחנה מרכזית כפ''ס/הורדה-כפר סבא-2#,10561,2,#,מטרופולין,3,10561
144583435,8941503,585887480_170526,2026-05-18T11:50:00+00:00,2026-05-18T12:41:03+00:00,2026-05-18,5236,15,561,תחנה מרכזית כפ''ס/ויצמן-כפר סבא<->רכבת קריית אריה/חנה וסע-פתח תקווה-1#,10561,1,#,מטרופולין,3,10561
144587265,8941504,585887998_170526,2026-05-18T12:25:00+00:00,2026-05-18T13:15:45+00:00,2026-05-18,5242,15,561,ת. רכבת קרית אריה-פתח תקווה<->תחנה מרכזית כפ''ס/הורדה-כפר סבא-2#,10561,2,#,מטרופולין,3,10561
144583436,8941503,585887481_170526,2026-05-18T12:25:00+00:00,2026-05-18T13:16:03+00:00,2026-05-18,5236,15,561,תחנה מרכזית כפ''ס/ויצמן-כפר סבא<->רכבת קריית אריה/חנה וסע-פתח תקווה-1#,10561,1,#,מטרופולין,3,10561
144585025,8941504,586152155_170526,2026-05-18T12:50:00+00:00,2026-05-18T13:40:45+00:00,2026-05-18,5242,15,561,ת. רכבת קרית אריה-פתח תקווה<->תחנה מרכזית כפ''ס/הורדה-כפר סבא-2#,10561,2,#,מטרופולין,3,10561
144552725,8941503,585887482_170526,2026-05-18T12:55:00+00:00,2026-05-18T13:46:03+00:00,2026-05-18,5236,15,561,תחנה מרכזית כפ''ס/ויצמן-כפר סבא<->רכבת קריית אריה/חנה וסע-פתח תקווה-1#,10561,1,#,מטרופולין,3,10561
144582890,8941504,586152156_170526,2026-05-18T13:10:00+00:00,2026-05-18T14:00:45+00:00,2026-05-18,5242,15,561,ת. רכבת קרית אריה-פתח תקווה<->תחנה מרכזית כפ''ס/הורדה-כפר סבא-2#,10561,2,#,מטרופולין,3,10561
144552727,8941504,3836249_170526,2026-05-18T13:30:00+00:00,2026-05-18T14:20:45+00:00,2026-05-18,5242,15,561,ת. רכבת קרית אריה-פתח תקווה<->תחנה מרכזית כפ''ס/הורדה-כפר סבא-2#,10561,2,#,מטרופולין,3,10561
144552726,8941503,585887484_170526,2026-05-18T13:55:00+00:00,2026-05-18T14:46:03+00:00,2026-05-18,5236,15,561,תחנה מרכזית כפ''ס/ויצמן-כפר סבא<->רכבת קריית אריה/חנה וסע-פתח תקווה-1#,10561,1,#,מטרופולין,3,10561
144587261,8941504,3836250_170526,2026-05-18T14:00:00+00:00,2026-05-18T14:50:45+00:00,2026-05-18,5242,15,561,ת. רכבת קרית אריה-פתח תקווה<->תחנה מרכזית כפ''ס/הורדה-כפר סבא-2#,10561,2,#,מטרופולין,3,10561
144582836,8941503,585887485_170526,2026-05-18T14:25:00+00:00,2026-05-18T15:16:03+00:00,2026-05-18,5236,15,561,תחנה מרכזית כפ''ס/ויצמן-כפר סבא<->רכבת קריית אריה/חנה וסע-פתח תקווה-1#,10561,1,#,מטרופולין,3,10561
144586550,8941504,41658893_170526,2026-05-18T14:30:00+00:00,2026-05-18T15:20:45+00:00,2026-05-18,5242,15,561,ת. רכבת קרית אריה-פתח תקווה<->תחנה מרכזית כפ''ס/הורדה-כפר סבא-2#,10561,2,#,מטרופולין,3,10561
144586422,8941503,585442529_170526,2026-05-18T14:55:00+00:00,2026-05-18T15:46:03+00:00,2026-05-18,5236,15,561,תחנה מרכזית כפ''ס/ויצמן-כפר סבא<->רכבת קריית אריה/חנה וסע-פתח תקווה-1#,10561,1,#,מטרופולין,3,10561
144582809,8941503,41658616_170526,2026-05-18T15:25:00+00:00,2026-05-18T16:16:03+00:00,2026-05-18,5236,15,561,תחנה מרכזית כפ''ס/ויצמן-כפר סבא<->רכבת קריית אריה/חנה וסע-פתח תקווה-1#,10561,1,#,מטרופולין,3,10561
144582889,8941504,41658913_170526,2026-05-18T15:30:00+00:00,2026-05-18T16:20:45+00:00,2026-05-18,5242,15,561,ת. רכבת קרית אריה-פתח תקווה<->תחנה מרכזית כפ''ס/הורדה-כפר סבא-2#,10561,2,#,מטרופולין,3,10561
144587195,8941503,585887486_170526,2026-05-18T15:55:00+00:00,2026-05-18T16:46:03+00:00,2026-05-18,5236,15,561,תחנה מרכזית כפ''ס/ויצמן-כפר סבא<->רכבת קריית אריה/חנה וסע-פתח תקווה-1#,10561,1,#,מטרופולין,3,10561
144552730,8941504,44775162_170526,2026-05-18T16:00:00+00:00,2026-05-18T16:50:45+00:00,2026-05-18,5242,15,561,ת. רכבת קרית אריה-פתח תקווה<->תחנה מרכזית כפ''ס/הורדה-כפר סבא-2#,10561,2,#,מטרופולין,3,10561
144583456,8941504,41658928_170526,2026-05-18T16:30:00+00:00,2026-05-18T17:20:45+00:00,2026-05-18,5242,15,561,ת. רכבת קרית אריה-פתח תקווה<->תחנה מרכזית כפ''ס/הורדה-כפר סבא-2#,10561,2,#,מטרופולין,3,10561
144582754,8941503,585887488_170526,2026-05-18T16:55:00+00:00,2026-05-18T17:46:03+00:00,2026-05-18,5236,15,561,תחנה מרכזית כפ''ס/ויצמן-כפר סבא<->רכבת קריית אריה/חנה וסע-פתח תקווה-1#,10561,1,#,מטרופולין,3,10561
144586553,8941504,44775164_170526,2026-05-18T17:00:00+00:00,2026-05-18T17:50:45+00:00,2026-05-18,5242,15,561,ת. רכבת קרית אריה-פתח תקווה<->תחנה מרכזית כפ''ס/הורדה-כפר סבא-2#,10561,2,#,מטרופולין,3,10561
144582753,8941503,4010549_170526,2026-05-18T17:30:00+00:00,2026-05-18T18:21:03+00:00,2026-05-18,5236,15,561,תחנה מרכזית כפ''ס/ויצמן-כפר סבא<->רכבת קריית אריה/חנה וסע-פתח תקווה-1#,10561,1,#,מטרופולין,3,10561
144584984,8941503,585887489_170526,2026-05-18T18:05:00+00:00,2026-05-18T18:56:03+00:00,2026-05-18,5236,15,561,תחנה מרכזית כפ''ס/ויצמן-כפר סבא<->רכבת קריית אריה/חנה וסע-פתח תקווה-1#,10561,1,#,מטרופולין,3,10561
144587263,8941504,50087346_170526,2026-05-18T18:10:00+00:00,2026-05-18T19:00:45+00:00,2026-05-18,5242,15,561,ת. רכבת קרית אריה-פתח תקווה<->תחנה מרכזית כפ''ס/הורדה-כפר סבא-2#,10561,2,#,מטרופולין,3,10561
144582803,8941503,2687816_170526,2026-05-18T18:50:00+00:00,2026-05-18T19:41:03+00:00,2026-05-18,5236,15,561,תחנה מרכזית כפ''ס/ויצמן-כפר סבא<->רכבת קריית אריה/חנה וסע-פתח תקווה-1#,10561,1,#,מטרופולין,3,10561
144586551,8941504,41658958_170526,2026-05-18T18:55:00+00:00,2026-05-18T19:45:45+00:00,2026-05-18,5242,15,561,ת. רכבת קרית אריה-פתח תקווה<->תחנה מרכזית כפ''ס/הורדה-כפר סבא-2#,10561,2,#,מטרופולין,3,10561
144586554,8941504,586152150_170526,2026-05-18T19:15:00+00:00,2026-05-18T20:05:45+00:00,2026-05-18,5242,15,561,ת. רכבת קרית אריה-פתח תקווה<->תחנה מרכזית כפ''ס/הורדה-כפר סבא-2#,10561,2,#,מטרופולין,3,10561
144587260,8941504,1348860_170526,2026-05-18T19:40:00+00:00,2026-05-18T20:30:45+00:00,2026-05-18,5242,15,561,ת. רכבת קרית אריה-פתח תקווה<->תחנה מרכזית כפ''ס/הורדה-כפר סבא-2#,10561,2,#,מטרופולין,3,10561
144583433,8941503,3963177_170526,2026-05-18T19:40:00+00:00,2026-05-18T20:31:03+00:00,2026-05-18,5236,15,561,תחנה מרכזית כפ''ס/ויצמן-כפר סבא<->רכבת קריית אריה/חנה וסע-פתח תקווה-1#,10561,1,#,מטרופולין,3,10561
144552732,8941504,585874203_170526,2026-05-18T20:20:00+00:00,2026-05-18T21:10:45+00:00,2026-05-18,5242,15,561,ת. רכבת קרית אריה-פתח תקווה<->תחנה מרכזית כפ''ס/הורדה-כפר סבא-2#,10561,2,#,מטרופולין,3,10561
144552724,8941503,585262304_170526,2026-05-18T20:30:00+00:00,2026-05-18T21:21:03+00:00,2026-05-18,5236,15,561,תחנה מרכזית כפ''ס/ויצמן-כפר סבא<->רכבת קריית אריה/חנה וסע-פתח תקווה-1#,10561,1,#,מטרופולין,3,10561
144696576,8947919,50087354_180526,2026-05-18T21:00:00+00:00,2026-05-18T21:50:45+00:00,2026-05-19,5242,15,561,ת. רכבת קרית אריה-פתח תקווה<->תחנה מרכזית כפ''ס/הורדה-כפר סבא-2#,10561,2,#,מטרופולין,3,10561
144724831,8947919,1348852_180526,2026-05-19T02:00:00+00:00,2026-05-19T02:50:45+00:00,2026-05-19,5242,15,561,ת. רכבת קרית אריה-פתח תקווה<->תחנה מרכזית כפ''ס/הורדה-כפר סבא-2#,10561,2,#,מטרופולין,3,10561
144610784,8947918,3963153_180526,2026-05-19T02:00:00+00:00,2026-05-19T02:51:03+00:00,2026-05-19,5236,15,561,תחנה מרכזית כפ''ס/ויצמן-כפר סבא<->רכבת קריית אריה/חנה וסע-פתח תקווה-1#,10561,1,#,מטרופולין,3,10561
144724832,8947919,1348853_180526,2026-05-19T02:20:00+00:00,2026-05-19T03:10:45+00:00,2026-05-19,5242,15,561,ת. רכבת קרית אריה-פתח תקווה<->תחנה מרכזית כפ''ס/הורדה-כפר סבא-2#,10561,2,#,מטרופולין,3,10561
144696564,8947918,3963154_180526,2026-05-19T02:20:00+00:00,2026-05-19T03:11:03+00:00,2026-05-19,5236,15,561,תחנה מרכזית כפ''ס/ויצמן-כפר סבא<->רכבת קריית אריה/חנה וסע-פתח תקווה-1#,10561,1,#,מטרופולין,3,10561
144724833,8947919,1348854_180526,2026-05-19T02:40:00+00:00,2026-05-19T03:30:45+00:00,2026-05-19,5242,15,561,ת. רכבת קרית אריה-פתח תקווה<->תחנה מרכזית כפ''ס/הורדה-כפר סבא-2#,10561,2,#,מטרופולין,3,10561
144724698,8947918,3836041_180526,2026-05-19T02:40:00+00:00,2026-05-19T03:31:03+00:00,2026-05-19,5236,15,561,תחנה מרכזית כפ''ס/ויצמן-כפר סבא<->רכבת קריית אריה/חנה וסע-פתח תקווה-1#,10561,1,#,מטרופולין,3,10561
144731921,8947919,44775136_180526,2026-05-19T03:00:00+00:00,2026-05-19T03:50:45+00:00,2026-05-19,5242,15,561,ת. רכבת קרית אריה-פתח תקווה<->תחנה מרכזית כפ''ס/הורדה-כפר סבא-2#,10561,2,#,מטרופולין,3,10561
144725134,8947918,44774961_180526,2026-05-19T03:00:00+00:00,2026-05-19T03:51:03+00:00,2026-05-19,5236,15,561,תחנה מרכזית כפ''ס/ויצמן-כפר סבא<->רכבת קריית אריה/חנה וסע-פתח תקווה-1#,10561,1,#,מטרופולין,3,10561
144696571,8947919,53408335_180526,2026-05-19T03:20:00+00:00,2026-05-19T04:10:45+00:00,2026-05-19,5242,15,561,ת. רכבת קרית אריה-פתח תקווה<->תחנה מרכזית כפ''ס/הורדה-כפר סבא-2#,10561,2,#,מטרופולין,3,10561
144696566,8947918,53407987_180526,2026-05-19T03:20:00+00:00,2026-05-19T04:11:03+00:00,2026-05-19,5236,15,561,תחנה מרכזית כפ''ס/ויצמן-כפר סבא<->רכבת קריית אריה/חנה וסע-פתח תקווה-1#,10561,1,#,מטרופולין,3,10561
144728265,8947918,3836043_180526,2026-05-19T03:40:00+00:00,2026-05-19T04:31:03+00:00,2026-05-19,5236,15,561,תחנה מרכזית כפ''ס/ויצמן-כפר סבא<->רכבת קריית אריה/חנה וסע-פתח תקווה-1#,10561,1,#,מטרופולין,3,10561
144610791,8947919,50252538_180526,2026-05-19T03:40:00+00:00,2026-05-19T04:30:45+00:00,2026-05-19,5242,15,561,ת. רכבת קרית אריה-פתח תקווה<->תחנה מרכזית כפ''ס/הורדה-כפר סבא-2#,10561,2,#,מטרופולין,3,10561
144725625,8947919,44775138_180526,2026-05-19T04:00:00+00:00,2026-05-19T04:50:45+00:00,2026-05-19,5242,15,561,ת. רכבת קרית אריה-פתח תקווה<->תחנה מרכזית כפ''ס/הורדה-כפר סבא-2#,10561,2,#,מטרופולין,3,10561
144610787,8947918,4010523_180526,2026-05-19T04:00:00+00:00,2026-05-19T04:51:03+00:00,2026-05-19,5236,15,561,תחנה מרכזית כפ''ס/ויצמן-כפר סבא<->רכבת קריית אריה/חנה וסע-פתח תקווה-1#,10561,1,#,מטרופולין,3,10561
144730940,8947918,4010333_180526,2026-05-19T04:30:00+00:00,2026-05-19T05:21:03+00:00,2026-05-19,5236,15,561,תחנה מרכזית כפ''ס/ויצמן-כפר סבא<->רכבת קריית אריה/חנה וסע-פתח תקווה-1#,10561,1,#,מטרופולין,3,10561
144696570,8947919,44775139_180526,2026-05-19T04:30:00+00:00,2026-05-19T05:20:45+00:00,2026-05-19,5242,15,561,ת. רכבת קרית אריה-פתח תקווה<->תחנה מרכזית כפ''ס/הורדה-כפר סבא-2#,10561,2,#,מטרופולין,3,10561
144730947,8947919,44775140_180526,2026-05-19T05:00:00+00:00,2026-05-19T05:50:45+00:00,2026-05-19,5242,15,561,ת. רכבת קרית אריה-פתח תקווה<->תחנה מרכזית כפ''ס/הורדה-כפר סבא-2#,10561,2,#,מטרופולין,3,10561
144728419,8947918,3963341_180526,2026-05-19T05:00:00+00:00,2026-05-19T05:51:03+00:00,2026-05-19,5236,15,561,תחנה מרכזית כפ''ס/ויצמן-כפר סבא<->רכבת קריית אריה/חנה וסע-פתח תקווה-1#,10561,1,#,מטרופולין,3,10561
144730939,8947918,3963343_180526,2026-05-19T05:30:00+00:00,2026-05-19T06:21:03+00:00,2026-05-19,5236,15,561,תחנה מרכזית כפ''ס/ויצמן-כפר סבא<->רכבת קריית אריה/חנה וסע-פתח תקווה-1#,10561,1,#,מטרופולין,3,10561
144724836,8947919,44775141_180526,2026-05-19T05:30:00+00:00,2026-05-19T06:20:45+00:00,2026-05-19,5242,15,561,ת. רכבת קרית אריה-פתח תקווה<->תחנה מרכזית כפ''ס/הורדה-כפר סבא-2#,10561,2,#,מטרופולין,3,10561
144728531,8947919,44775142_180526,2026-05-19T06:00:00+00:00,2026-05-19T06:50:45+00:00,2026-05-19,5242,15,561,ת. רכבת קרית אריה-פתח תקווה<->תחנה מרכזית כפ''ס/הורדה-כפר סבא-2#,10561,2,#,מטרופולין,3,10561
144724699,8947918,3963345_180526,2026-05-19T06:00:00+00:00,2026-05-19T06:51:03+00:00,2026-05-19,5236,15,561,תחנה מרכזית כפ''ס/ויצמן-כפר סבא<->רכבת קריית אריה/חנה וסע-פתח תקווה-1#,10561,1,#,מטרופולין,3,10561
144731906,8947918,3962986_180526,2026-05-19T06:35:00+00:00,2026-05-19T07:26:03+00:00,2026-05-19,5236,15,561,תחנה מרכזית כפ''ס/ויצמן-כפר סבא<->רכבת קריית אריה/חנה וסע-פתח תקווה-1#,10561,1,#,מטרופולין,3,10561
144610789,8947919,41658773_180526,2026-05-19T06:35:00+00:00,2026-05-19T07:25:45+00:00,2026-05-19,5242,15,561,ת. רכבת קרית אריה-פתח תקווה<->תחנה מרכזית כפ''ס/הורדה-כפר סבא-2#,10561,2,#,מטרופולין,3,10561
144724700,8947918,585887478_180526,2026-05-19T07:10:00+00:00,2026-05-19T08:01:03+00:00,2026-05-19,5236,15,561,תחנה מרכזית כפ''ס/ויצמן-כפר סבא<->רכבת קריית אריה/חנה וסע-פתח תקווה-1#,10561,1,#,מטרופולין,3,10561
144610793,8947919,585887996_180526,2026-05-19T07:10:00+00:00,2026-05-19T08:00:45+00:00,2026-05-19,5242,15,561,ת. רכבת קרית אריה-פתח תקווה<->תחנה מרכזית כפ''ס/הורדה-כפר סבא-2#,10561,2,#,מטרופולין,3,10561
144696561,8947918,3962989_180526,2026-05-19T07:35:00+00:00,2026-05-19T08:26:03+00:00,2026-05-19,5236,15,561,תחנה מרכזית כפ''ס/ויצמן-כפר סבא<->רכבת קריית אריה/חנה וסע-פתח תקווה-1#,10561,1,#,מטרופולין,3,10561
144610792,8947919,50252545_180526,2026-05-19T07:45:00+00:00,2026-05-19T08:35:45+00:00,2026-05-19,5242,15,561,ת. רכבת קרית אריה-פתח תקווה<->תחנה מרכזית כפ''ס/הורדה-כפר סבא-2#,10561,2,#,מטרופולין,3,10561
144728400,8947918,3962990_180526,2026-05-19T07:55:00+00:00,2026-05-19T08:46:03+00:00,2026-05-19,5236,15,561,תחנה מרכזית כפ''ס/ויצמן-כפר סבא<->רכבת קריית אריה/חנה וסע-פתח תקווה-1#,10561,1,#,מטרופולין,3,10561
144725629,8947919,586152154_180526,2026-05-19T08:10:00+00:00,2026-05-19T09:00:45+00:00,2026-05-19,5242,15,561,ת. רכבת קרית אריה-פתח תקווה<->תחנה מרכזית כפ''ס/הורדה-כפר סבא-2#,10561,2,#,מטרופולין,3,10561
144696565,8947918,3963352_180526,2026-05-19T08:20:00+00:00,2026-05-19T09:11:03+00:00,2026-05-19,5236,15,561,תחנה מרכזית כפ''ס/ויצמן-כפר סבא<->רכבת קריית אריה/חנה וסע-פתח תקווה-1#,10561,1,#,מטרופולין,3,10561
144730943,8947919,41658803_180526,2026-05-19T08:35:00+00:00,2026-05-19T09:25:45+00:00,2026-05-19,5242,15,561,ת. רכבת קרית אריה-פתח תקווה<->תחנה מרכזית כפ''ס/הורדה-כפר סבא-2#,10561,2,#,מטרופולין,3,10561
144728420,8947918,3963353_180526,2026-05-19T08:40:00+00:00,2026-05-19T09:31:03+00:00,2026-05-19,5236,15,561,תחנה מרכזית כפ''ס/ויצמן-כפר סבא<->רכבת קריית אריה/חנה וסע-פתח תקווה-1#,10561,1,#,מטרופולין,3,10561
144730944,8947919,41658808_180526,2026-05-19T08:55:00+00:00,2026-05-19T09:45:45+00:00,2026-05-19,5242,15,561,ת. רכבת קרית אריה-פתח תקווה<->תחנה מרכזית כפ''ס/הורדה-כפר סבא-2#,10561,2,#,מטרופולין,3,10561
144725132,8947918,3962993_180526,2026-05-19T08:55:00+00:00,2026-05-19T09:46:03+00:00,2026-05-19,5236,15,561,תחנה מרכזית כפ''ס/ויצמן-כפר סבא<->רכבת קריית אריה/חנה וסע-פתח תקווה-1#,10561,1,#,מטרופולין,3,10561
144696562,8947918,3962994_180526,2026-05-19T09:30:00+00:00,2026-05-19T10:21:03+00:00,2026-05-19,5236,15,561,תחנה מרכזית כפ''ס/ויצמן-כפר סבא<->רכבת קריית אריה/חנה וסע-פתח תקווה-1#,10561,1,#,מטרופולין,3,10561
144610790,8947919,41658813_180526,2026-05-19T09:30:00+00:00,2026-05-19T10:20:45+00:00,2026-05-19,5242,15,561,ת. רכבת קרית אריה-פתח תקווה<->תחנה מרכזית כפ''ס/הורדה-כפר סבא-2#,10561,2,#,מטרופולין,3,10561
144728532,8947919,50252551_180526,2026-05-19T10:05:00+00:00,2026-05-19T10:55:45+00:00,2026-05-19,5242,15,561,ת. רכבת קרית אריה-פתח תקווה<->תחנה מרכזית כפ''ס/הורדה-כפר סבא-2#,10561,2,#,מטרופולין,3,10561
144724701,8947918,585887479_180526,2026-05-19T10:05:00+00:00,2026-05-19T10:56:03+00:00,2026-05-19,5236,15,561,תחנה מרכזית כפ''ס/ויצמן-כפר סבא<->רכבת קריית אריה/חנה וסע-פתח תקווה-1#,10561,1,#,מטרופולין,3,10561
144724837,8947919,584906252_180526,2026-05-19T10:20:00+00:00,2026-05-19T11:10:45+00:00,2026-05-19,5242,15,561,ת. רכבת קרית אריה-פתח תקווה<->תחנה מרכזית כפ''ס/הורדה-כפר סבא-2#,10561,2,#,מטרופולין,3,10561
144696573,8947919,584906253_180526,2026-05-19T10:40:00+00:00,2026-05-19T11:30:45+00:00,2026-05-19,5242,15,561,ת. רכבת קרית אריה-פתח תקווה<->תחנה מרכזית כפ''ס/הורדה-כפר סבא-2#,10561,2,#,מטרופולין,3,10561
144610786,8947918,3963359_180526,2026-05-19T10:40:00+00:00,2026-05-19T11:31:03+00:00,2026-05-19,5236,15,561,תחנה מרכזית כפ''ס/ויצמן-כפר סבא<->רכבת קריית אריה/חנה וסע-פתח תקווה-1#,10561,1,#,מטרופולין,3,10561
144696572,8947919,53408364_180526,2026-05-19T11:15:00+00:00,2026-05-19T12:05:45+00:00,2026-05-19,5242,15,561,ת. רכבת קרית אריה-פתח תקווה<->תחנה מרכזית כפ''ס/הורדה-כפר סבא-2#,10561,2,#,מטרופולין,3,10561
144696563,8947918,3962999_180526,2026-05-19T11:15:00+00:00,2026-05-19T12:06:03+00:00,2026-05-19,5236,15,561,תחנה מרכזית כפ''ס/ויצמן-כפר סבא<->רכבת קריית אריה/חנה וסע-פתח תקווה-1#,10561,1,#,מטרופולין,3,10561
144610788,8947918,586152153_180526,2026-05-19T11:35:00+00:00,2026-05-19T12:26:03+00:00,2026-05-19,5236,15,561,תחנה מרכזית כפ''ס/ויצמן-כפר סבא<->רכבת קריית אריה/חנה וסע-פתח תקווה-1#,10561,1,#,מטרופולין,3,10561
144730942,8947918,585887480_180526,2026-05-19T11:50:00+00:00,2026-05-19T12:41:03+00:00,2026-05-19,5236,15,561,תחנה מרכזית כפ''ס/ויצמן-כפר סבא<->רכבת קריית אריה/חנה וסע-פתח תקווה-1#,10561,1,#,מטרופולין,3,10561
144725628,8947919,585887997_180526,2026-05-19T11:50:00+00:00,2026-05-19T12:40:45+00:00,2026-05-19,5242,15,561,ת. רכבת קרית אריה-פתח תקווה<->תחנה מרכזית כפ''ס/הורדה-כפר סבא-2#,10561,2,#,מטרופולין,3,10561
144731922,8947919,585887998_180526,2026-05-19T12:25:00+00:00,2026-05-19T13:15:45+00:00,2026-05-19,5242,15,561,ת. רכבת קרית אריה-פתח תקווה<->תחנה מרכזית כפ''ס/הורדה-כפר סבא-2#,10561,2,#,מטרופולין,3,10561
144725159,8947918,585887481_180526,2026-05-19T12:25:00+00:00,2026-05-19T13:16:03+00:00,2026-05-19,5236,15,561,תחנה מרכזית כפ''ס/ויצמן-כפר סבא<->רכבת קריית אריה/חנה וסע-פתח תקווה-1#,10561,1,#,מטרופולין,3,10561
144696575,8947919,586152155_180526,2026-05-19T12:50:00+00:00,2026-05-19T13:40:45+00:00,2026-05-19,5242,15,561,ת. רכבת קרית אריה-פתח תקווה<->תחנה מרכזית כפ''ס/הורדה-כפר סבא-2#,10561,2,#,מטרופולין,3,10561
144728421,8947918,585887482_180526,2026-05-19T12:55:00+00:00,2026-05-19T13:46:03+00:00,2026-05-19,5236,15,561,תחנה מרכזית כפ''ס/ויצמן-כפר סבא<->רכבת קריית אריה/חנה וסע-פתח תקווה-1#,10561,1,#,מטרופולין,3,10561
144725183,8947919,586152156_180526,2026-05-19T13:10:00+00:00,2026-05-19T14:00:45+00:00,2026-05-19,5242,15,561,ת. רכבת קרית אריה-פתח תקווה<->תחנה מרכזית כפ''ס/הורדה-כפר סבא-2#,10561,2,#,מטרופולין,3,10561
144725181,8947919,3836249_180526,2026-05-19T13:30:00+00:00,2026-05-19T14:20:45+00:00,2026-05-19,5242,15,561,ת. רכבת קרית אריה-פתח תקווה<->תחנה מרכזית כפ''ס/הורדה-כפר סבא-2#,10561,2,#,מטרופולין,3,10561
144696568,8947918,585887484_180526,2026-05-19T13:55:00+00:00,2026-05-19T14:46:03+00:00,2026-05-19,5236,15,561,תחנה מרכזית כפ''ס/ויצמן-כפר סבא<->רכבת קריית אריה/חנה וסע-פתח תקווה-1#,10561,1,#,מטרופולין,3,10561
144696569,8947919,3836250_180526,2026-05-19T14:00:00+00:00,2026-05-19T14:50:45+00:00,2026-05-19,5242,15,561,ת. רכבת קרית אריה-פתח תקווה<->תחנה מרכזית כפ''ס/הורדה-כפר סבא-2#,10561,2,#,מטרופולין,3,10561
144731907,8947918,585887485_180526,2026-05-19T14:25:00+00:00,2026-05-19T15:16:03+00:00,2026-05-19,5236,15,561,תחנה מרכזית כפ''ס/ויצמן-כפר סבא<->רכבת קריית אריה/חנה וסע-פתח תקווה-1#,10561,1,#,מטרופולין,3,10561
144730945,8947919,41658893_180526,2026-05-19T14:30:00+00:00,2026-05-19T15:20:45+00:00,2026-05-19,5242,15,561,ת. רכבת קרית אריה-פתח תקווה<->תחנה מרכזית כפ''ס/הורדה-כפר סבא-2#,10561,2,#,מטרופולין,3,10561
144725158,8947918,585442529_180526,2026-05-19T14:55:00+00:00,2026-05-19T15:46:03+00:00,2026-05-19,5236,15,561,תחנה מרכזית כפ''ס/ויצמן-כפר סבא<->רכבת קריית אריה/חנה וסע-פתח תקווה-1#,10561,1,#,מטרופולין,3,10561
144725133,8947918,41658616_180526,2026-05-19T15:25:00+00:00,2026-05-19T16:16:03+00:00,2026-05-19,5236,15,561,תחנה מרכזית כפ''ס/ויצמן-כפר סבא<->רכבת קריית אריה/חנה וסע-פתח תקווה-1#,10561,1,#,מטרופולין,3,10561
144724834,8947919,41658913_180526,2026-05-19T15:30:00+00:00,2026-05-19T16:20:45+00:00,2026-05-19,5242,15,561,ת. רכבת קרית אריה-פתח תקווה<->תחנה מרכזית כפ''ס/הורדה-כפר סבא-2#,10561,2,#,מטרופולין,3,10561
144725160,8947918,585887486_180526,2026-05-19T15:55:00+00:00,2026-05-19T16:46:03+00:00,2026-05-19,5236,15,561,תחנה מרכזית כפ''ס/ויצמן-כפר סבא<->רכבת קריית אריה/חנה וסע-פתח תקווה-1#,10561,1,#,מטרופולין,3,10561
144725626,8947919,44775162_180526,2026-05-19T16:00:00+00:00,2026-05-19T16:50:45+00:00,2026-05-19,5242,15,561,ת. רכבת קרית אריה-פתח תקווה<->תחנה מרכזית כפ''ס/הורדה-כפר סבא-2#,10561,2,#,מטרופולין,3,10561
144724835,8947919,41658928_180526,2026-05-19T16:30:00+00:00,2026-05-19T17:20:45+00:00,2026-05-19,5242,15,561,ת. רכבת קרית אריה-פתח תקווה<->תחנה מרכזית כפ''ס/הורדה-כפר סבא-2#,10561,2,#,מטרופולין,3,10561
144728422,8947918,585887488_180526,2026-05-19T16:55:00+00:00,2026-05-19T17:46:03+00:00,2026-05-19,5236,15,561,תחנה מרכזית כפ''ס/ויצמן-כפר סבא<->רכבת קריית אריה/חנה וסע-פתח תקווה-1#,10561,1,#,מטרופולין,3,10561
144725182,8947919,44775164_180526,2026-05-19T17:00:00+00:00,2026-05-19T17:50:45+00:00,2026-05-19,5242,15,561,ת. רכבת קרית אריה-פתח תקווה<->תחנה מרכזית כפ''ס/הורדה-כפר סבא-2#,10561,2,#,מטרופולין,3,10561
144730941,8947918,4010549_180526,2026-05-19T17:30:00+00:00,2026-05-19T18:21:03+00:00,2026-05-19,5236,15,561,תחנה מרכזית כפ''ס/ויצמן-כפר סבא<->רכבת קריית אריה/חנה וסע-פתח תקווה-1#,10561,1,#,מטרופולין,3,10561
144724702,8947918,585887489_180526,2026-05-19T18:05:00+00:00,2026-05-19T18:56:03+00:00,2026-05-19,5236,15,561,תחנה מרכזית כפ''ס/ויצמן-כפר סבא<->רכבת קריית אריה/חנה וסע-פתח תקווה-1#,10561,1,#,מטרופולין,3,10561
144725627,8947919,50087346_180526,2026-05-19T18:10:00+00:00,2026-05-19T19:00:45+00:00,2026-05-19,5242,15,561,ת. רכבת קרית אריה-פתח תקווה<->תחנה מרכזית כפ''ס/הורדה-כפר סבא-2#,10561,2,#,מטרופולין,3,10561
144728264,8947918,2687816_180526,2026-05-19T18:50:00+00:00,2026-05-19T19:41:03+00:00,2026-05-19,5236,15,561,תחנה מרכזית כפ''ס/ויצמן-כפר סבא<->רכבת קריית אריה/חנה וסע-פתח תקווה-1#,10561,1,#,מטרופולין,3,10561
144730946,8947919,41658958_180526,2026-05-19T18:55:00+00:00,2026-05-19T19:45:45+00:00,2026-05-19,5242,15,561,ת. רכבת קרית אריה-פתח תקווה<->תחנה מרכזית כפ''ס/הורדה-כפר סבא-2#,10561,2,#,מטרופולין,3,10561
144724838,8947919,586152150_180526,2026-05-19T19:15:00+00:00,2026-05-19T20:05:45+00:00,2026-05-19,5242,15,561,ת. רכבת קרית אריה-פתח תקווה<->תחנה מרכזית כפ''ס/הורדה-כפר סבא-2#,10561,2,#,מטרופולין,3,10561
144725180,8947919,1348860_180526,2026-05-19T19:40:00+00:00,2026-05-19T20:30:45+00:00,2026-05-19,5242,15,561,ת. רכבת קרית אריה-פתח תקווה<->תחנה מרכזית כפ''ס/הורדה-כפר סבא-2#,10561,2,#,מטרופולין,3,10561
144610785,8947918,3963177_180526,2026-05-19T19:40:00+00:00,2026-05-19T20:31:03+00:00,2026-05-19,5236,15,561,תחנה מרכזית כפ''ס/ויצמן-כפר סבא<->רכבת קריית אריה/חנה וסע-פתח תקווה-1#,10561,1,#,מטרופולין,3,10561
144696574,8947919,585874203_180526,2026-05-19T20:20:00+00:00,2026-05-19T21:10:45+00:00,2026-05-19,5242,15,561,ת. רכבת קרית אריה-פתח תקווה<->תחנה מרכזית כפ''ס/הורדה-כפר סבא-2#,10561,2,#,מטרופולין,3,10561
144696567,8947918,585262304_180526,2026-05-19T20:30:00+00:00,2026-05-19T21:21:03+00:00,2026-05-19,5236,15,561,תחנה מרכזית כפ''ס/ויצמן-כפר סבא<->רכבת קריית אריה/חנה וסע-פתח תקווה-1#,10561,1,#,מטרופולין,3,10561
144753427,8954330,50087354_190526,2026-05-19T21:00:00+00:00,2026-05-19T21:50:45+00:00,2026-05-20,5242,15,561,ת. רכבת קרית אריה-פתח תקווה<->תחנה מרכזית כפ''ס/הורדה-כפר סבא-2#,10561,2,#,מטרופולין,3,10561
144751110,8954329,3963153_190526,2026-05-20T02:00:00+00:00,2026-05-20T02:51:03+00:00,2026-05-20,5236,15,561,תחנה מרכזית כפ''ס/ויצמן-כפר סבא<->רכבת קריית אריה/חנה וסע-פתח תקווה-1#,10561,1,#,מטרופולין,3,10561
144750236,8954330,1348852_190526,2026-05-20T02:00:00+00:00,2026-05-20T02:50:45+00:00,2026-05-20,5242,15,561,ת. רכבת קרית אריה-פתח תקווה<->תחנה מרכזית כפ''ס/הורדה-כפר סבא-2#,10561,2,#,מטרופולין,3,10561
144751111,8954329,3963154_190526,2026-05-20T02:20:00+00:00,2026-05-20T03:11:03+00:00,2026-05-20,5236,15,561,תחנה מרכזית כפ''ס/ויצמן-כפר סבא<->רכבת קריית אריה/חנה וסע-פתח תקווה-1#,10561,1,#,מטרופולין,3,10561
144750246,8954330,1348853_190526,2026-05-20T02:20:00+00:00,2026-05-20T03:10:45+00:00,2026-05-20,5242,15,561,ת. רכבת קרית אריה-פתח תקווה<->תחנה מרכזית כפ''ס/הורדה-כפר סבא-2#,10561,2,#,מטרופולין,3,10561
144750247,8954330,1348854_190526,2026-05-20T02:40:00+00:00,2026-05-20T03:30:45+00:00,2026-05-20,5242,15,561,ת. רכבת קרית אריה-פתח תקווה<->תחנה מרכזית כפ''ס/הורדה-כפר סבא-2#,10561,2,#,מטרופולין,3,10561
144750189,8954329,3836041_190526,2026-05-20T02:40:00+00:00,2026-05-20T03:31:03+00:00,2026-05-20,5236,15,561,תחנה מרכזית כפ''ס/ויצמן-כפר סבא<->רכבת קריית אריה/חנה וסע-פתח תקווה-1#,10561,1,#,מטרופולין,3,10561
144752952,8954329,44774961_190526,2026-05-20T03:00:00+00:00,2026-05-20T03:51:03+00:00,2026-05-20,5236,15,561,תחנה מרכזית כפ''ס/ויצמן-כפר סבא<->רכבת קריית אריה/חנה וסע-פתח תקווה-1#,10561,1,#,מטרופולין,3,10561
144750279,8954330,44775136_190526,2026-05-20T03:00:00+00:00,2026-05-20T03:50:45+00:00,2026-05-20,5242,15,561,ת. רכבת קרית אריה-פתח תקווה<->תחנה מרכזית כפ''ס/הורדה-כפר סבא-2#,10561,2,#,מטרופולין,3,10561
144751117,8954330,53408335_190526,2026-05-20T03:20:00+00:00,2026-05-20T04:10:45+00:00,2026-05-20,5242,15,561,ת. רכבת קרית אריה-פתח תקווה<->תחנה מרכזית כפ''ס/הורדה-כפר סבא-2#,10561,2,#,מטרופולין,3,10561
144750933,8954329,53407987_190526,2026-05-20T03:20:00+00:00,2026-05-20T04:11:03+00:00,2026-05-20,5236,15,561,תחנה מרכזית כפ''ס/ויצמן-כפר סבא<->רכבת קריית אריה/חנה וסע-פתח תקווה-1#,10561,1,#,מטרופולין,3,10561
144841366,8954329,3836043_190526,2026-05-20T03:40:00+00:00,2026-05-20T04:31:03+00:00,2026-05-20,5236,15,561,תחנה מרכזית כפ''ס/ויצמן-כפר סבא<->רכבת קריית אריה/חנה וסע-פתח תקווה-1#,10561,1,#,מטרופולין,3,10561
144751115,8954330,50252538_190526,2026-05-20T03:40:00+00:00,2026-05-20T04:30:45+00:00,2026-05-20,5242,15,561,ת. רכבת קרית אריה-פתח תקווה<->תחנה מרכזית כפ''ס/הורדה-כפר סבא-2#,10561,2,#,מטרופולין,3,10561
144841369,8954329,4010523_190526,2026-05-20T04:00:00+00:00,2026-05-20T04:51:03+00:00,2026-05-20,5236,15,561,תחנה מרכזית כפ''ס/ויצמן-כפר סבא<->רכבת קריית אריה/חנה וסע-פתח תקווה-1#,10561,1,#,מטרופולין,3,10561
144753434,8954330,44775138_190526,2026-05-20T04:00:00+00:00,2026-05-20T04:50:45+00:00,2026-05-20,5242,15,561,ת. רכבת קרית אריה-פתח תקווה<->תחנה מרכזית כפ''ס/הורדה-כפר סבא-2#,10561,2,#,מטרופולין,3,10561
144841368,8954329,4010333_190526,2026-05-20T04:30:00+00:00,2026-05-20T05:21:03+00:00,2026-05-20,5236,15,561,תחנה מרכזית כפ''ס/ויצמן-כפר סבא<->רכבת קריית אריה/חנה וסע-פתח תקווה-1#,10561,1,#,מטרופולין,3,10561
144751056,8954330,44775139_190526,2026-05-20T04:30:00+00:00,2026-05-20T05:20:45+00:00,2026-05-20,5242,15,561,ת. רכבת קרית אריה-פתח תקווה<->תחנה מרכזית כפ''ס/הורדה-כפר סבא-2#,10561,2,#,מטרופולין,3,10561
144750281,8954330,44775140_190526,2026-05-20T05:00:00+00:00,2026-05-20T05:50:45+00:00,2026-05-20,5242,15,561,ת. רכבת קרית אריה-פתח תקווה<->תחנה מרכזית כפ''ס/הורדה-כפר סבא-2#,10561,2,#,מטרופולין,3,10561
144750190,8954329,3963341_190526,2026-05-20T05:00:00+00:00,2026-05-20T05:51:03+00:00,2026-05-20,5236,15,561,תחנה מרכזית כפ''ס/ויצמן-כפר סבא<->רכבת קריית אריה/חנה וסע-פתח תקווה-1#,10561,1,#,מטרופולין,3,10561
144841375,8954330,44775141_190526,2026-05-20T05:30:00+00:00,2026-05-20T06:20:45+00:00,2026-05-20,5242,15,561,ת. רכבת קרית אריה-פתח תקווה<->תחנה מרכזית כפ''ס/הורדה-כפר סבא-2#,10561,2,#,מטרופולין,3,10561
144752950,8954329,3963343_190526,2026-05-20T05:30:00+00:00,2026-05-20T06:21:03+00:00,2026-05-20,5236,15,561,תחנה מרכזית כפ''ס/ויצמן-כפר סבא<->רכבת קריית אריה/חנה וסע-פתח תקווה-1#,10561,1,#,מטרופולין,3,10561
144752951,8954329,3963345_190526,2026-05-20T06:00:00+00:00,2026-05-20T06:51:03+00:00,2026-05-20,5236,15,561,תחנה מרכזית כפ''ס/ויצמן-כפר סבא<->רכבת קריית אריה/חנה וסע-פתח תקווה-1#,10561,1,#,מטרופולין,3,10561
144750303,8954330,44775142_190526,2026-05-20T06:00:00+00:00,2026-05-20T06:50:45+00:00,2026-05-20,5242,15,561,ת. רכבת קרית אריה-פתח תקווה<->תחנה מרכזית כפ''ס/הורדה-כפר סבא-2#,10561,2,#,מטרופולין,3,10561
144753428,8954330,41658773_190526,2026-05-20T06:35:00+00:00,2026-05-20T07:25:45+00:00,2026-05-20,5242,15,561,ת. רכבת קרית אריה-פתח תקווה<->תחנה מרכזית כפ''ס/הורדה-כפר סבא-2#,10561,2,#,מטרופולין,3,10561
144753425,8954329,3962986_190526,2026-05-20T06:35:00+00:00,2026-05-20T07:26:03+00:00,2026-05-20,5236,15,561,תחנה מרכזית כפ''ס/ויצמן-כפר סבא<->רכבת קריית אריה/חנה וסע-פתח תקווה-1#,10561,1,#,מטרופולין,3,10561
144751118,8954330,585887996_190526,2026-05-20T07:10:00+00:00,2026-05-20T08:00:45+00:00,2026-05-20,5242,15,561,ת. רכבת קרית אריה-פתח תקווה<->תחנה מרכזית כפ''ס/הורדה-כפר סבא-2#,10561,2,#,מטרופולין,3,10561
144750192,8954329,585887478_190526,2026-05-20T07:10:00+00:00,2026-05-20T08:01:03+00:00,2026-05-20,5236,15,561,תחנה מרכזית כפ''ס/ויצמן-כפר סבא<->רכבת קריית אריה/חנה וסע-פתח תקווה-1#,10561,1,#,מטרופולין,3,10561
144753426,8954329,3962989_190526,2026-05-20T07:35:00+00:00,2026-05-20T08:26:03+00:00,2026-05-20,5236,15,561,תחנה מרכזית כפ''ס/ויצמן-כפר סבא<->רכבת קריית אריה/חנה וסע-פתח תקווה-1#,10561,1,#,מטרופולין,3,10561
144751116,8954330,50252545_190526,2026-05-20T07:45:00+00:00,2026-05-20T08:35:45+00:00,2026-05-20,5242,15,561,ת. רכבת קרית אריה-פתח תקווה<->תחנה מרכזית כפ''ס/הורדה-כפר סבא-2#,10561,2,#,מטרופולין,3,10561
144752949,8954329,3962990_190526,2026-05-20T07:55:00+00:00,2026-05-20T08:46:03+00:00,2026-05-20,5236,15,561,תחנה מרכזית כפ''ס/ויצמן-כפר סבא<->רכבת קריית אריה/חנה וסע-פתח תקווה-1#,10561,1,#,מטרופולין,3,10561
144753437,8954330,586152154_190526,2026-05-20T08:10:00+00:00,2026-05-20T09:00:45+00:00,2026-05-20,5242,15,561,ת. רכבת קרית אריה-פתח תקווה<->תחנה מרכזית כפ''ס/הורדה-כפר סבא-2#,10561,2,#,מטרופולין,3,10561
144751009,8954329,3963352_190526,2026-05-20T08:20:00+00:00,2026-05-20T09:11:03+00:00,2026-05-20,5236,15,561,תחנה מרכזית כפ''ס/ויצמן-כפר סבא<->רכבת קריית אריה/חנה וסע-פתח תקווה-1#,10561,1,#,מטרופולין,3,10561
144841373,8954330,41658803_190526,2026-05-20T08:35:00+00:00,2026-05-20T09:25:45+00:00,2026-05-20,5242,15,561,ת. רכבת קרית אריה-פתח תקווה<->תחנה מרכזית כפ''ס/הורדה-כפר סבא-2#,10561,2,#,מטרופולין,3,10561
144841367,8954329,3963353_190526,2026-05-20T08:40:00+00:00,2026-05-20T09:31:03+00:00,2026-05-20,5236,15,561,תחנה מרכזית כפ''ס/ויצמן-כפר סבא<->רכבת קריית אריה/חנה וסע-פתח תקווה-1#,10561,1,#,מטרופולין,3,10561
144748035,8954330,41658808_190526,2026-05-20T08:55:00+00:00,2026-05-20T09:45:45+00:00,2026-05-20,5242,15,561,ת. רכבת קרית אריה-פתח תקווה<->תחנה מרכזית כפ''ס/הורדה-כפר סבא-2#,10561,2,#,מטרופולין,3,10561
144747963,8954329,3962993_190526,2026-05-20T08:55:00+00:00,2026-05-20T09:46:03+00:00,2026-05-20,5236,15,561,תחנה מרכזית כפ''ס/ויצמן-כפר סבא<->רכבת קריית אריה/חנה וסע-פתח תקווה-1#,10561,1,#,מטרופולין,3,10561
144750248,8954330,41658813_190526,2026-05-20T09:30:00+00:00,2026-05-20T10:20:45+00:00,2026-05-20,5242,15,561,ת. רכבת קרית אריה-פתח תקווה<->תחנה מרכזית כפ''ס/הורדה-כפר סבא-2#,10561,2,#,מטרופולין,3,10561
144747964,8954329,3962994_190526,2026-05-20T09:30:00+00:00,2026-05-20T10:21:03+00:00,2026-05-20,5236,15,561,תחנה מרכזית כפ''ס/ויצמן-כפר סבא<->רכבת קריית אריה/חנה וסע-פתח תקווה-1#,10561,1,#,מטרופולין,3,10561
144751057,8954330,50252551_190526,2026-05-20T10:05:00+00:00,2026-05-20T10:55:45+00:00,2026-05-20,5242,15,561,ת. רכבת קרית אריה-פתח תקווה<->תחנה מרכזית כפ''ס/הורדה-כפר סבא-2#,10561,2,#,מטרופולין,3,10561
144751010,8954329,585887479_190526,2026-05-20T10:05:00+00:00,2026-05-20T10:56:03+00:00,2026-05-20,5236,15,561,תחנה מרכזית כפ''ס/ויצמן-כפר סבא<->רכבת קריית אריה/חנה וסע-פתח תקווה-1#,10561,1,#,מטרופולין,3,10561
144748057,8954330,584906252_190526,2026-05-20T10:20:00+00:00,2026-05-20T11:10:45+00:00,2026-05-20,5242,15,561,ת. רכבת קרית אריה-פתח תקווה<->תחנה מרכזית כפ''ס/הורדה-כפר סבא-2#,10561,2,#,מטרופולין,3,10561
144750968,8954330,584906253_190526,2026-05-20T10:40:00+00:00,2026-05-20T11:30:45+00:00,2026-05-20,5242,15,561,ת. רכבת קרית אריה-פתח תקווה<->תחנה מרכזית כפ''ס/הורדה-כפר סבא-2#,10561,2,#,מטרופולין,3,10561
144747967,8954329,3963359_190526,2026-05-20T10:40:00+00:00,2026-05-20T11:31:03+00:00,2026-05-20,5236,15,561,תחנה מרכזית כפ''ס/ויצמן-כפר סבא<->רכבת קריית אריה/חנה וסע-פתח תקווה-1#,10561,1,#,מטרופולין,3,10561
144752999,8954330,53408364_190526,2026-05-20T11:15:00+00:00,2026-05-20T12:05:45+00:00,2026-05-20,5242,15,561,ת. רכבת קרית אריה-פתח תקווה<->תחנה מרכזית כפ''ס/הורדה-כפר סבא-2#,10561,2,#,מטרופולין,3,10561
144747965,8954329,3962999_190526,2026-05-20T11:15:00+00:00,2026-05-20T12:06:03+00:00,2026-05-20,5236,15,561,תחנה מרכזית כפ''ס/ויצמן-כפר סבא<->רכבת קריית אריה/חנה וסע-פתח תקווה-1#,10561,1,#,מטרופולין,3,10561
144747971,8954329,586152153_190526,2026-05-20T11:35:00+00:00,2026-05-20T12:26:03+00:00,2026-05-20,5236,15,561,תחנה מרכזית כפ''ס/ויצמן-כפר סבא<->רכבת קריית אריה/חנה וסע-פתח תקווה-1#,10561,1,#,מטרופולין,3,10561
144750934,8954329,585887480_190526,2026-05-20T11:50:00+00:00,2026-05-20T12:41:03+00:00,2026-05-20,5236,15,561,תחנה מרכזית כפ''ס/ויצמן-כפר סבא<->רכבת קריית אריה/חנה וסע-פתח תקווה-1#,10561,1,#,מטרופולין,3,10561
144748058,8954330,585887997_190526,2026-05-20T11:50:00+00:00,2026-05-20T12:40:45+00:00,2026-05-20,5242,15,561,ת. רכבת קרית אריה-פתח תקווה<->תחנה מרכזית כפ''ס/הורדה-כפר סבא-2#,10561,2,#,מטרופולין,3,10561
144751113,8954329,585887481_190526,2026-05-20T12:25:00+00:00,2026-05-20T13:16:03+00:00,2026-05-20,5236,15,561,תחנה מרכזית כפ''ס/ויצמן-כפר סבא<->רכבת קריית אריה/חנה וסע-פתח תקווה-1#,10561,1,#,מטרופולין,3,10561
144750969,8954330,585887998_190526,2026-05-20T12:25:00+00:00,2026-05-20T13:15:45+00:00,2026-05-20,5242,15,561,ת. רכבת קרית אריה-פתח תקווה<->תחנה מרכזית כפ''ס/הורדה-כפר סבא-2#,10561,2,#,מטרופולין,3,10561
144753000,8954330,586152155_190526,2026-05-20T12:50:00+00:00,2026-05-20T13:40:45+00:00,2026-05-20,5242,15,561,ת. רכבת קרית אריה-פתח תקווה<->תחנה מרכזית כפ''ס/הורדה-כפר סבא-2#,10561,2,#,מטרופולין,3,10561
144747969,8954329,585887482_190526,2026-05-20T12:55:00+00:00,2026-05-20T13:46:03+00:00,2026-05-20,5236,15,561,תחנה מרכזית כפ''ס/ויצמן-כפר סבא<->רכבת קריית אריה/חנה וסע-פתח תקווה-1#,10561,1,#,מטרופולין,3,10561
144841377,8954330,586152156_190526,2026-05-20T13:10:00+00:00,2026-05-20T14:00:45+00:00,2026-05-20,5242,15,561,ת. רכבת קרית אריה-פתח תקווה<->תחנה מרכזית כפ''ס/הורדה-כפר סבא-2#,10561,2,#,מטרופולין,3,10561
144747987,8954330,3836249_190526,2026-05-20T13:30:00+00:00,2026-05-20T14:20:45+00:00,2026-05-20,5242,15,561,ת. רכבת קרית אריה-פתח תקווה<->תחנה מרכזית כפ''ס/הורדה-כפר סבא-2#,10561,2,#,מטרופולין,3,10561
144751011,8954329,585887484_190526,2026-05-20T13:55:00+00:00,2026-05-20T14:46:03+00:00,2026-05-20,5236,15,561,תחנה מרכזית כפ''ס/ויצמן-כפר סבא<->רכבת קריית אריה/חנה וסע-פתח תקווה-1#,10561,1,#,מטרופולין,3,10561
144748034,8954330,3836250_190526,2026-05-20T14:00:00+00:00,2026-05-20T14:50:45+00:00,2026-05-20,5242,15,561,ת. רכבת קרית אריה-פתח תקווה<->תחנה מרכזית כפ''ס/הורדה-כפר סבא-2#,10561,2,#,מטרופולין,3,10561
144750935,8954329,585887485_190526,2026-05-20T14:25:00+00:00,2026-05-20T15:16:03+00:00,2026-05-20,5236,15,561,תחנה מרכזית כפ''ס/ויצמן-כפר סבא<->רכבת קריית אריה/חנה וסע-פתח תקווה-1#,10561,1,#,מטרופולין,3,10561
144750967,8954330,41658893_190526,2026-05-20T14:30:00+00:00,2026-05-20T15:20:45+00:00,2026-05-20,5242,15,561,ת. רכבת קרית אריה-פתח תקווה<->תחנה מרכזית כפ''ס/הורדה-כפר סבא-2#,10561,2,#,מטרופולין,3,10561
144841371,8954329,585442529_190526,2026-05-20T14:55:00+00:00,2026-05-20T15:46:03+00:00,2026-05-20,5236,15,561,תחנה מרכזית כפ''ס/ויצמן-כפר סבא<->רכבת קריית אריה/חנה וסע-פתח תקווה-1#,10561,1,#,מטרופולין,3,10561
144750932,8954329,41658616_190526,2026-05-20T15:25:00+00:00,2026-05-20T16:16:03+00:00,2026-05-20,5236,15,561,תחנה מרכזית כפ''ס/ויצמן-כפר סבא<->רכבת קריית אריה/חנה וסע-פתח תקווה-1#,10561,1,#,מטרופולין,3,10561
144841374,8954330,41658913_190526,2026-05-20T15:30:00+00:00,2026-05-20T16:20:45+00:00,2026-05-20,5242,15,561,ת. רכבת קרית אריה-פתח תקווה<->תחנה מרכזית כפ''ס/הורדה-כפר סבא-2#,10561,2,#,מטרופולין,3,10561
144751012,8954329,585887486_190526,2026-05-20T15:55:00+00:00,2026-05-20T16:46:03+00:00,2026-05-20,5236,15,561,תחנה מרכזית כפ''ס/ויצמן-כפר סבא<->רכבת קריית אריה/חנה וסע-פתח תקווה-1#,10561,1,#,מטרופולין,3,10561
144751114,8954330,44775162_190526,2026-05-20T16:00:00+00:00,2026-05-20T16:50:45+00:00,2026-05-20,5242,15,561,ת. רכבת קרית אריה-פתח תקווה<->תחנה מרכזית כפ''ס/הורדה-כפר סבא-2#,10561,2,#,מטרופולין,3,10561
144750265,8954330,41658928_190526,2026-05-20T16:30:00+00:00,2026-05-20T17:20:45+00:00,2026-05-20,5242,15,561,ת. רכבת קרית אריה-פתח תקווה<->תחנה מרכזית כפ''ס/הורדה-כפר סבא-2#,10561,2,#,מטרופולין,3,10561
144841372,8954329,585887488_190526,2026-05-20T16:55:00+00:00,2026-05-20T17:46:03+00:00,2026-05-20,5236,15,561,תחנה מרכזית כפ''ס/ויצמן-כפר סבא<->רכבת קריית אריה/חנה וסע-פתח תקווה-1#,10561,1,#,מטרופולין,3,10561
144753435,8954330,44775164_190526,2026-05-20T17:00:00+00:00,2026-05-20T17:50:45+00:00,2026-05-20,5242,15,561,ת. רכבת קרית אריה-פתח תקווה<->תחנה מרכזית כפ''ס/הורדה-כפר סבא-2#,10561,2,#,מטרופולין,3,10561
144841370,8954329,4010549_190526,2026-05-20T17:30:00+00:00,2026-05-20T18:21:03+00:00,2026-05-20,5236,15,561,תחנה מרכזית כפ''ס/ויצמן-כפר סבא<->רכבת קריית אריה/חנה וסע-פתח תקווה-1#,10561,1,#,מטרופולין,3,10561
144747970,8954329,585887489_190526,2026-05-20T18:05:00+00:00,2026-05-20T18:56:03+00:00,2026-05-20,5236,15,561,תחנה מרכזית כפ''ס/ויצמן-כפר סבא<->רכבת קריית אריה/חנה וסע-פתח תקווה-1#,10561,1,#,מטרופולין,3,10561
144752998,8954330,50087346_190526,2026-05-20T18:10:00+00:00,2026-05-20T19:00:45+00:00,2026-05-20,5242,15,561,ת. רכבת קרית אריה-פתח תקווה<->תחנה מרכזית כפ''ס/הורדה-כפר סבא-2#,10561,2,#,מטרופולין,3,10561
144751109,8954329,2687816_190526,2026-05-20T18:50:00+00:00,2026-05-20T19:41:03+00:00,2026-05-20,5236,15,561,תחנה מרכזית כפ''ס/ויצמן-כפר סבא<->רכבת קריית אריה/חנה וסע-פתח תקווה-1#,10561,1,#,מטרופולין,3,10561
144753433,8954330,41658958_190526,2026-05-20T18:55:00+00:00,2026-05-20T19:45:45+00:00,2026-05-20,5242,15,561,ת. רכבת קרית אריה-פתח תקווה<->תחנה מרכזית כפ''ס/הורדה-כפר סבא-2#,10561,2,#,מטרופולין,3,10561
144841376,8954330,586152150_190526,2026-05-20T19:15:00+00:00,2026-05-20T20:05:45+00:00,2026-05-20,5242,15,561,ת. רכבת קרית אריה-פתח תקווה<->תחנה מרכזית כפ''ס/הורדה-כפר סבא-2#,10561,2,#,מטרופולין,3,10561
144751112,8954329,3963177_190526,2026-05-20T19:40:00+00:00,2026-05-20T20:31:03+00:00,2026-05-20,5236,15,561,תחנה מרכזית כפ''ס/ויצמן-כפר סבא<->רכבת קריית אריה/חנה וסע-פתח תקווה-1#,10561,1,#,מטרופולין,3,10561
144750966,8954330,1348860_190526,2026-05-20T19:40:00+00:00,2026-05-20T20:30:45+00:00,2026-05-20,5242,15,561,ת. רכבת קרית אריה-פתח תקווה<->תחנה מרכזית כפ''ס/הורדה-כפר סבא-2#,10561,2,#,מטרופולין,3,10561
144753436,8954330,585874203_190526,2026-05-20T20:20:00+00:00,2026-05-20T21:10:45+00:00,2026-05-20,5242,15,561,ת. רכבת קרית אריה-פתח תקווה<->תחנה מרכזית כפ''ס/הורדה-כפר סבא-2#,10561,2,#,מטרופולין,3,10561
144750191,8954329,585262304_190526,2026-05-20T20:30:00+00:00,2026-05-20T21:21:03+00:00,2026-05-20,5236,15,561,תחנה מרכזית כפ''ס/ויצמן-כפר סבא<->רכבת קריית אריה/חנה וסע-פתח תקווה-1#,10561,1,#,מטרופולין,3,10561
144912619,8960459,1348888_210526,2026-05-21T02:00:00+00:00,2026-05-21T02:50:45+00:00,2026-05-21,5242,15,561,ת. רכבת קרית אריה-פתח תקווה<->תחנה מרכזית כפ''ס/הורדה-כפר סבא-2#,10561,2,#,מטרופולין,3,10561
144865652,8960458,3963257_210526,2026-05-21T02:00:00+00:00,2026-05-21T02:51:03+00:00,2026-05-21,5236,15,561,תחנה מרכזית כפ''ס/ויצמן-כפר סבא<->רכבת קריית אריה/חנה וסע-פתח תקווה-1#,10561,1,#,מטרופולין,3,10561
144865909,8960459,1348889_210526,2026-05-21T02:20:00+00:00,2026-05-21T03:10:45+00:00,2026-05-21,5242,15,561,ת. רכבת קרית אריה-פתח תקווה<->תחנה מרכזית כפ''ס/הורדה-כפר סבא-2#,10561,2,#,מטרופולין,3,10561
144863906,8960458,44775100_210526,2026-05-21T02:30:00+00:00,2026-05-21T03:21:03+00:00,2026-05-21,5236,15,561,תחנה מרכזית כפ''ס/ויצמן-כפר סבא<->רכבת קריית אריה/חנה וסע-פתח תקווה-1#,10561,1,#,מטרופולין,3,10561
144863913,8960459,1348890_210526,2026-05-21T02:40:00+00:00,2026-05-21T03:30:45+00:00,2026-05-21,5242,15,561,ת. רכבת קרית אריה-פתח תקווה<->תחנה מרכזית כפ''ס/הורדה-כפר סבא-2#,10561,2,#,מטרופולין,3,10561
144865657,8960458,44775101_210526,2026-05-21T03:00:00+00:00,2026-05-21T03:51:03+00:00,2026-05-21,5236,15,561,תחנה מרכזית כפ''ס/ויצמן-כפר סבא<->רכבת קריית אריה/חנה וסע-פתח תקווה-1#,10561,1,#,מטרופולין,3,10561
144865912,8960459,585185539_210526,2026-05-21T03:10:00+00:00,2026-05-21T04:00:45+00:00,2026-05-21,5242,15,561,ת. רכבת קרית אריה-פתח תקווה<->תחנה מרכזית כפ''ס/הורדה-כפר סבא-2#,10561,2,#,מטרופולין,3,10561
144866186,8960458,53408239_210526,2026-05-21T03:20:00+00:00,2026-05-21T04:11:03+00:00,2026-05-21,5236,15,561,תחנה מרכזית כפ''ס/ויצמן-כפר סבא<->רכבת קריית אריה/חנה וסע-פתח תקווה-1#,10561,1,#,מטרופולין,3,10561
144912622,8960459,47086874_210526,2026-05-21T03:40:00+00:00,2026-05-21T04:30:45+00:00,2026-05-21,5242,15,561,ת. רכבת קרית אריה-פתח תקווה<->תחנה מרכזית כפ''ס/הורדה-כפר סבא-2#,10561,2,#,מטרופולין,3,10561
144912614,8960458,3836067_210526,2026-05-21T03:40:00+00:00,2026-05-21T04:31:03+00:00,2026-05-21,5236,15,561,תחנה מרכזית כפ''ס/ויצמן-כפר סבא<->רכבת קריית אריה/חנה וסע-פתח תקווה-1#,10561,1,#,מטרופולין,3,10561
144866281,8960458,1348566_210526,2026-05-21T04:10:00+00:00,2026-05-21T05:01:03+00:00,2026-05-21,5236,15,561,תחנה מרכזית כפ''ס/ויצמן-כפר סבא<->רכבת קריית אריה/חנה וסע-פתח תקווה-1#,10561,1,#,מטרופולין,3,10561
144865668,8960459,41658747_210526,2026-05-21T04:10:00+00:00,2026-05-21T05:00:45+00:00,2026-05-21,5242,15,561,ת. רכבת קרית אריה-פתח תקווה<->תחנה מרכזית כפ''ס/הורדה-כפר סבא-2#,10561,2,#,מטרופולין,3,10561
144866283,8960459,41658752_210526,2026-05-21T04:40:00+00:00,2026-05-21T05:30:45+00:00,2026-05-21,5242,15,561,ת. רכבת קרית אריה-פתח תקווה<->תחנה מרכזית כפ''ס/הורדה-כפר סבא-2#,10561,2,#,מטרופולין,3,10561
144863888,8960458,3963081_210526,2026-05-21T04:40:00+00:00,2026-05-21T05:31:03+00:00,2026-05-21,5236,15,561,תחנה מרכזית כפ''ס/ויצמן-כפר סבא<->רכבת קריית אריה/חנה וסע-פתח תקווה-1#,10561,1,#,מטרופולין,3,10561
144866282,8960458,3963449_210526,2026-05-21T05:00:00+00:00,2026-05-21T05:51:03+00:00,2026-05-21,5236,15,561,תחנה מרכזית כפ''ס/ויצמן-כפר סבא<->רכבת קריית אריה/חנה וסע-פתח תקווה-1#,10561,1,#,מטרופולין,3,10561
144863905,8960458,3963451_210526,2026-05-21T05:30:00+00:00,2026-05-21T06:21:03+00:00,2026-05-21,5236,15,561,תחנה מרכזית כפ''ס/ויצמן-כפר סבא<->רכבת קריית אריה/חנה וסע-פתח תקווה-1#,10561,1,#,מטרופולין,3,10561
144866284,8960459,47086877_210526,2026-05-21T05:45:00+00:00,2026-05-21T06:35:45+00:00,2026-05-21,5242,15,561,ת. רכבת קרית אריה-פתח תקווה<->תחנה מרכזית כפ''ס/הורדה-כפר סבא-2#,10561,2,#,מטרופולין,3,10561
144912616,8960458,3963453_210526,2026-05-21T06:00:00+00:00,2026-05-21T06:51:03+00:00,2026-05-21,5236,15,561,תחנה מרכזית כפ''ס/ויצמן-כפר סבא<->רכבת קריית אריה/חנה וסע-פתח תקווה-1#,10561,1,#,מטרופולין,3,10561
144866208,8960459,41658772_210526,2026-05-21T06:15:00+00:00,2026-05-21T07:05:45+00:00,2026-05-21,5242,15,561,ת. רכבת קרית אריה-פתח תקווה<->תחנה מרכזית כפ''ס/הורדה-כפר סבא-2#,10561,2,#,מטרופולין,3,10561
144912617,8960458,4010443_210526,2026-05-21T06:30:00+00:00,2026-05-21T07:21:03+00:00,2026-05-21,5236,15,561,תחנה מרכזית כפ''ס/ויצמן-כפר סבא<->רכבת קריית אריה/חנה וסע-פתח תקווה-1#,10561,1,#,מטרופולין,3,10561
144866285,8960459,47086879_210526,2026-05-21T06:45:00+00:00,2026-05-21T07:35:45+00:00,2026-05-21,5242,15,561,ת. רכבת קרית אריה-פתח תקווה<->תחנה מרכזית כפ''ס/הורדה-כפר סבא-2#,10561,2,#,מטרופולין,3,10561
144864212,8960458,3963456_210526,2026-05-21T07:00:00+00:00,2026-05-21T07:51:03+00:00,2026-05-21,5236,15,561,תחנה מרכזית כפ''ס/ויצמן-כפר סבא<->רכבת קריית אריה/חנה וסע-פתח תקווה-1#,10561,1,#,מטרופולין,3,10561
144865669,8960459,41658787_210526,2026-05-21T07:15:00+00:00,2026-05-21T08:05:45+00:00,2026-05-21,5242,15,561,ת. רכבת קרית אריה-פתח תקווה<->תחנה מרכזית כפ''ס/הורדה-כפר סבא-2#,10561,2,#,מטרופולין,3,10561
144864214,8960458,4010445_210526,2026-05-21T07:30:00+00:00,2026-05-21T08:21:03+00:00,2026-05-21,5236,15,561,תחנה מרכזית כפ''ס/ויצמן-כפר סבא<->רכבת קריית אריה/חנה וסע-פתח תקווה-1#,10561,1,#,מטרופולין,3,10561
144866209,8960459,47086881_210526,2026-05-21T07:45:00+00:00,2026-05-21T08:35:45+00:00,2026-05-21,5242,15,561,ת. רכבת קרית אריה-פתח תקווה<->תחנה מרכזית כפ''ס/הורדה-כפר סבא-2#,10561,2,#,מטרופולין,3,10561
144864213,8960458,3963459_210526,2026-05-21T08:00:00+00:00,2026-05-21T08:51:03+00:00,2026-05-21,5236,15,561,תחנה מרכזית כפ''ס/ויצמן-כפר סבא<->רכבת קריית אריה/חנה וסע-פתח תקווה-1#,10561,1,#,מטרופולין,3,10561
144912621,8960459,41658802_210526,2026-05-21T08:15:00+00:00,2026-05-21T09:05:45+00:00,2026-05-21,5242,15,561,ת. רכבת קרית אריה-פתח תקווה<->תחנה מרכזית כפ''ס/הורדה-כפר סבא-2#,10561,2,#,מטרופולין,3,10561
144865853,8960458,4010447_210526,2026-05-21T08:30:00+00:00,2026-05-21T09:21:03+00:00,2026-05-21,5236,15,561,תחנה מרכזית כפ''ס/ויצמן-כפר סבא<->רכבת קריית אריה/חנה וסע-פתח תקווה-1#,10561,1,#,מטרופולין,3,10561
144866286,8960459,47086883_210526,2026-05-21T08:45:00+00:00,2026-05-21T09:35:45+00:00,2026-05-21,5242,15,561,ת. רכבת קרית אריה-פתח תקווה<->תחנה מרכזית כפ''ס/הורדה-כפר סבא-2#,10561,2,#,מטרופולין,3,10561
144865852,8960458,3963462_210526,2026-05-21T09:00:00+00:00,2026-05-21T09:51:03+00:00,2026-05-21,5236,15,561,תחנה מרכזית כפ''ס/ויצמן-כפר סבא<->רכבת קריית אריה/חנה וסע-פתח תקווה-1#,10561,1,#,מטרופולין,3,10561
144865670,8960459,53408620_210526,2026-05-21T09:15:00+00:00,2026-05-21T10:05:45+00:00,2026-05-21,5242,15,561,ת. רכבת קרית אריה-פתח תקווה<->תחנה מרכזית כפ''ס/הורדה-כפר סבא-2#,10561,2,#,מטרופולין,3,10561
144912615,8960458,3963094_210526,2026-05-21T09:30:00+00:00,2026-05-21T10:21:03+00:00,2026-05-21,5236,15,561,תחנה מרכזית כפ''ס/ויצמן-כפר סבא<->רכבת קריית אריה/חנה וסע-פתח תקווה-1#,10561,1,#,מטרופולין,3,10561
144865910,8960459,41658822_210526,2026-05-21T09:45:00+00:00,2026-05-21T10:35:45+00:00,2026-05-21,5242,15,561,ת. רכבת קרית אריה-פתח תקווה<->תחנה מרכזית כפ''ס/הורדה-כפר סבא-2#,10561,2,#,מטרופולין,3,10561
144865651,8960458,3963096_210526,2026-05-21T10:00:00+00:00,2026-05-21T10:51:03+00:00,2026-05-21,5236,15,561,תחנה מרכזית כפ''ס/ויצמן-כפר סבא<->רכבת קריית אריה/חנה וסע-פתח תקווה-1#,10561,1,#,מטרופולין,3,10561
144865671,8960459,53408624_210526,2026-05-21T10:15:00+00:00,2026-05-21T11:05:45+00:00,2026-05-21,5242,15,561,ת. רכבת קרית אריה-פתח תקווה<->תחנה מרכזית כפ''ס/הורדה-כפר סבא-2#,10561,2,#,מטרופולין,3,10561
144912618,8960458,4010451_210526,2026-05-21T10:30:00+00:00,2026-05-21T11:21:03+00:00,2026-05-21,5236,15,561,תחנה מרכזית כפ''ס/ויצמן-כפר סבא<->רכבת קריית אריה/חנה וסע-פתח תקווה-1#,10561,1,#,מטרופולין,3,10561
144863914,8960459,41658837_210526,2026-05-21T10:45:00+00:00,2026-05-21T11:35:45+00:00,2026-05-21,5242,15,561,ת. רכבת קרית אריה-פתח תקווה<->תחנה מרכזית כפ''ס/הורדה-כפר סבא-2#,10561,2,#,מטרופולין,3,10561
144866185,8960458,4010452_210526,2026-05-21T11:00:00+00:00,2026-05-21T11:51:03+00:00,2026-05-21,5236,15,561,תחנה מרכזית כפ''ס/ויצמן-כפר סבא<->רכבת קריית אריה/חנה וסע-פתח תקווה-1#,10561,1,#,מטרופולין,3,10561
144863907,8960459,47086890_210526,2026-05-21T11:10:00+00:00,2026-05-21T12:00:45+00:00,2026-05-21,5242,15,561,ת. רכבת קרית אריה-פתח תקווה<->תחנה מרכזית כפ''ס/הורדה-כפר סבא-2#,10561,2,#,מטרופולין,3,10561
144865656,8960458,3963469_210526,2026-05-21T11:30:00+00:00,2026-05-21T12:21:03+00:00,2026-05-21,5236,15,561,תחנה מרכזית כפ''ס/ויצמן-כפר סבא<->רכבת קריית אריה/חנה וסע-פתח תקווה-1#,10561,1,#,מטרופולין,3,10561
144865672,8960459,56297279_210526,2026-05-21T11:35:00+00:00,2026-05-21T12:25:45+00:00,2026-05-21,5242,15,561,ת. רכבת קרית אריה-פתח תקווה<->תחנה מרכזית כפ''ס/הורדה-כפר סבא-2#,10561,2,#,מטרופולין,3,10561
144865655,8960458,3963260_210526,2026-05-21T12:00:00+00:00,2026-05-21T12:51:03+00:00,2026-05-21,5236,15,561,תחנה מרכזית כפ''ס/ויצמן-כפר סבא<->רכבת קריית אריה/חנה וסע-פתח תקווה-1#,10561,1,#,מטרופולין,3,10561
144912620,8960459,31265972_210526,2026-05-21T12:05:00+00:00,2026-05-21T12:55:45+00:00,2026-05-21,5242,15,561,ת. רכבת קרית אריה-פתח תקווה<->תחנה מרכזית כפ''ס/הורדה-כפר סבא-2#,10561,2,#,מטרופולין,3,10561
144863915,8960459,6419900_210526,2026-05-21T12:30:00+00:00,2026-05-21T13:20:45+00:00,2026-05-21,5242,15,561,ת. רכבת קרית אריה-פתח תקווה<->תחנה מרכזית כפ''ס/הורדה-כפר סבא-2#,10561,2,#,מטרופולין,3,10561
144863889,8960458,4010455_210526,2026-05-21T12:30:00+00:00,2026-05-21T13:21:03+00:00,2026-05-21,5236,15,561,תחנה מרכזית כפ''ס/ויצמן-כפר סבא<->רכבת קריית אריה/חנה וסע-פתח תקווה-1#,10561,1,#,מטרופולין,3,10561
144865911,8960459,41658872_210526,2026-05-21T12:55:00+00:00,2026-05-21T13:45:45+00:00,2026-05-21,5242,15,561,ת. רכבת קרית אריה-פתח תקווה<->תחנה מרכזית כפ''ס/הורדה-כפר סבא-2#,10561,2,#,מטרופולין,3,10561
144512510,8944759,46298338_170526,2026-05-17T21:00:00+00:00,2026-05-17T22:06:59+00:00,2026-05-18,22825,15,24,מסוף כרמלית/הכרמל-תל אביב יפו<->מסוף קדמה-רמת השרון-1#,16024,1,#,מטרופולין,3,16024
144514737,8944760,585119620_170526,2026-05-17T21:30:00+00:00,2026-05-17T22:36:25+00:00,2026-05-18,22826,15,24,מסוף קדמה-רמת השרון<->מסוף כרמלית/הכרמל-תל אביב יפו-2#,16024,2,#,מטרופולין,3,16024
144517984,8944760,35896276_170526,2026-05-18T02:00:00+00:00,2026-05-18T03:06:25+00:00,2026-05-18,22826,15,24,מסוף קדמה-רמת השרון<->מסוף כרמלית/הכרמל-תל אביב יפו-2#,16024,2,#,מטרופולין,3,16024
144514689,8944759,585054722_170526,2026-05-18T02:00:00+00:00,2026-05-18T03:06:59+00:00,2026-05-18,22825,15,24,מסוף כרמלית/הכרמל-תל אביב יפו<->מסוף קדמה-רמת השרון-1#,16024,1,#,מטרופולין,3,16024
144559902,8944760,585251987_170526,2026-05-18T02:15:00+00:00,2026-05-18T03:21:25+00:00,2026-05-18,22826,15,24,מסוף קדמה-רמת השרון<->מסוף כרמלית/הכרמל-תל אביב יפו-2#,16024,2,#,מטרופולין,3,16024
144507886,8944759,585243355_170526,2026-05-18T02:20:00+00:00,2026-05-18T03:26:59+00:00,2026-05-18,22825,15,24,מסוף כרמלית/הכרמל-תל אביב יפו<->מסוף קדמה-רמת השרון-1#,16024,1,#,מטרופולין,3,16024
144512512,8944760,40282398_170526,2026-05-18T02:30:00+00:00,2026-05-18T03:36:25+00:00,2026-05-18,22826,15,24,מסוף קדמה-רמת השרון<->מסוף כרמלית/הכרמל-תל אביב יפו-2#,16024,2,#,מטרופולין,3,16024
144512513,8944760,41242261_170526,2026-05-18T02:45:00+00:00,2026-05-18T03:51:25+00:00,2026-05-18,22826,15,24,מסוף קדמה-רמת השרון<->מסוף כרמלית/הכרמל-תל אביב יפו-2#,16024,2,#,מטרופולין,3,16024
144511321,8944759,585251713_170526,2026-05-18T02:45:00+00:00,2026-05-18T03:51:59+00:00,2026-05-18,22825,15,24,מסוף כרמלית/הכרמל-תל אביב יפו<->מסוף קדמה-רמת השרון-1#,16024,1,#,מטרופולין,3,16024
144511334,8944760,40282399_170526,2026-05-18T03:00:00+00:00,2026-05-18T04:06:25+00:00,2026-05-18,22826,15,24,מסוף קדמה-רמת השרון<->מסוף כרמלית/הכרמל-תל אביב יפו-2#,16024,2,#,מטרופולין,3,16024
144512509,8944759,585887661_170526,2026-05-18T03:05:00+00:00,2026-05-18T04:11:59+00:00,2026-05-18,22825,15,24,מסוף כרמלית/הכרמל-תל אביב יפו<->מסוף קדמה-רמת השרון-1#,16024,1,#,מטרופולין,3,16024
144517986,8944760,35896315_170526,2026-05-18T03:20:00+00:00,2026-05-18T04:26:25+00:00,2026-05-18,22826,15,24,מסוף קדמה-רמת השרון<->מסוף כרמלית/הכרמל-תל אביב יפו-2#,16024,2,#,מטרופולין,3,16024
144514692,8944759,585887662_170526,2026-05-18T03:25:00+00:00,2026-05-18T04:31:59+00:00,2026-05-18,22825,15,24,מסוף כרמלית/הכרמל-תל אביב יפו<->מסוף קדמה-רמת השרון-1#,16024,1,#,מטרופולין,3,16024
144507891,8944760,45810516_170526,2026-05-18T03:40:00+00:00,2026-05-18T04:46:25+00:00,2026-05-18,22826,15,24,מסוף קדמה-רמת השרון<->מסוף כרמלית/הכרמל-תל אביב יפו-2#,16024,2,#,מטרופולין,3,16024
144512502,8944759,584888549_170526,2026-05-18T03:45:00+00:00,2026-05-18T04:51:59+00:00,2026-05-18,22825,15,24,מסוף כרמלית/הכרמל-תל אביב יפו<->מסוף קדמה-רמת השרון-1#,16024,1,#,מטרופולין,3,16024
144514734,8944760,40282401_170526,2026-05-18T04:00:00+00:00,2026-05-18T05:06:25+00:00,2026-05-18,22826,15,24,מסוף קדמה-רמת השרון<->מסוף כרמלית/הכרמל-תל אביב יפו-2#,16024,2,#,מטרופולין,3,16024
144514719,8944759,585887663_170526,2026-05-18T04:05:00+00:00,2026-05-18T05:11:59+00:00,2026-05-18,22825,15,24,מסוף כרמלית/הכרמל-תל אביב יפו<->מסוף קדמה-רמת השרון-1#,16024,1,#,מטרופולין,3,16024
144559903,8944760,585532291_170526,2026-05-18T04:15:00+00:00,2026-05-18T05:21:25+00:00,2026-05-18,22826,15,24,מסוף קדמה-רמת השרון<->מסוף כרמלית/הכרמל-תל אביב יפו-2#,16024,2,#,מטרופולין,3,16024
144514693,8944759,585887664_170526,2026-05-18T04:25:00+00:00,2026-05-18T05:31:59+00:00,2026-05-18,22825,15,24,מסוף כרמלית/הכרמל-תל אביב יפו<->מסוף קדמה-רמת השרון-1#,16024,1,#,מטרופולין,3,16024
144512516,8944760,45060631_170526,2026-05-18T04:30:00+00:00,2026-05-18T05:36:25+00:00,2026-05-18,22826,15,24,מסוף קדמה-רמת השרון<->מסוף כרמלית/הכרמל-תל אביב יפו-2#,16024,2,#,מטרופולין,3,16024
144512514,8944760,41242267_170526,2026-05-18T04:45:00+00:00,2026-05-18T05:51:25+00:00,2026-05-18,22826,15,24,מסוף קדמה-רמת השרון<->מסוף כרמלית/הכרמל-תל אביב יפו-2#,16024,2,#,מטרופולין,3,16024
144511319,8944759,584905844_170526,2026-05-18T04:45:00+00:00,2026-05-18T05:51:59+00:00,2026-05-18,22825,15,24,מסוף כרמלית/הכרמל-תל אביב יפו<->מסוף קדמה-רמת השרון-1#,16024,1,#,מטרופולין,3,16024
144512092,8944760,40282404_170526,2026-05-18T05:00:00+00:00,2026-05-18T06:06:25+00:00,2026-05-18,22826,15,24,מסוף קדמה-רמת השרון<->מסוף כרמלית/הכרמל-תל אביב יפו-2#,16024,2,#,מטרופולין,3,16024
144507887,8944759,585887665_170526,2026-05-18T05:05:00+00:00,2026-05-18T06:11:59+00:00,2026-05-18,22825,15,24,מסוף כרמלית/הכרמל-תל אביב יפו<->מסוף קדמה-רמת השרון-1#,16024,1,#,מטרופולין,3,16024
144512094,8944760,585532292_170526,2026-05-18T05:15:00+00:00,2026-05-18T06:21:25+00:00,2026-05-18,22826,15,24,מסוף קדמה-רמת השרון<->מסוף כרמלית/הכרמל-תל אביב יפו-2#,16024,2,#,מטרופולין,3,16024
144512503,8944759,584888551_170526,2026-05-18T05:25:00+00:00,2026-05-18T06:31:59+00:00,2026-05-18,22825,15,24,מסוף כרמלית/הכרמל-תל אביב יפו<->מסוף קדמה-רמת השרון-1#,16024,1,#,מטרופולין,3,16024
144517992,8944760,584888566_170526,2026-05-18T05:35:00+00:00,2026-05-18T06:41:25+00:00,2026-05-18,22826,15,24,מסוף קדמה-רמת השרון<->מסוף כרמלית/הכרמל-תל אביב יפו-2#,16024,2,#,מטרופולין,3,16024
144514713,8944759,40282356_170526,2026-05-18T05:50:00+00:00,2026-05-18T06:56:59+00:00,2026-05-18,22825,15,24,מסוף כרמלית/הכרמל-תל אביב יפו<->מסוף קדמה-רמת השרון-1#,16024,1,#,מטרופולין,3,16024
144511348,8944760,585888126_170526,2026-05-18T05:55:00+00:00,2026-05-18T07:01:25+00:00,2026-05-18,22826,15,24,מסוף קדמה-רמת השרון<->מסוף כרמלית/הכרמל-תל אביב יפו-2#,16024,2,#,מטרופולין,3,16024
144511317,8944759,584888552_170526,2026-05-18T06:15:00+00:00,2026-05-18T07:21:59+00:00,2026-05-18,22825,15,24,מסוף כרמלית/הכרמל-תל אביב יפו<->מסוף קדמה-רמת השרון-1#,16024,1,#,מטרופולין,3,16024
144507890,8944760,41242272_170526,2026-05-18T06:25:00+00:00,2026-05-18T07:31:25+00:00,2026-05-18,22826,15,24,מסוף קדמה-רמת השרון<->מסוף כרמלית/הכרמל-תל אביב יפו-2#,16024,2,#,מטרופולין,3,16024
144514694,8944759,585887666_170526,2026-05-18T06:45:00+00:00,2026-05-18T07:51:59+00:00,2026-05-18,22825,15,24,מסוף כרמלית/הכרמל-תל אביב יפו<->מסוף קדמה-רמת השרון-1#,16024,1,#,מטרופולין,3,16024
144512098,8944760,586152146_170526,2026-05-18T06:55:00+00:00,2026-05-18T08:01:25+00:00,2026-05-18,22826,15,24,מסוף קדמה-רמת השרון<->מסוף כרמלית/הכרמל-תל אביב יפו-2#,16024,2,#,מטרופולין,3,16024
144559899,8944759,585887667_170526,2026-05-18T07:15:00+00:00,2026-05-18T08:21:59+00:00,2026-05-18,22825,15,24,מסוף כרמלית/הכרמל-תל אביב יפו<->מסוף קדמה-רמת השרון-1#,16024,1,#,מטרופולין,3,16024
144514709,8944760,584888568_170526,2026-05-18T07:15:00+00:00,2026-05-18T08:21:25+00:00,2026-05-18,22826,15,24,מסוף קדמה-רמת השרון<->מסוף כרמלית/הכרמל-תל אביב יפו-2#,16024,2,#,מטרופולין,3,16024
144517987,8944760,40282412_170526,2026-05-18T07:40:00+00:00,2026-05-18T08:46:25+00:00,2026-05-18,22826,15,24,מסוף קדמה-רמת השרון<->מסוף כרמלית/הכרמל-תל אביב יפו-2#,16024,2,#,מטרופולין,3,16024
144517971,8944759,585887668_170526,2026-05-18T07:45:00+00:00,2026-05-18T08:51:59+00:00,2026-05-18,22825,15,24,מסוף כרמלית/הכרמל-תל אביב יפו<->מסוף קדמה-רמת השרון-1#,16024,1,#,מטרופולין,3,16024
144559904,8944760,585888127_170526,2026-05-18T08:10:00+00:00,2026-05-18T09:16:25+00:00,2026-05-18,22826,15,24,מסוף קדמה-רמת השרון<->מסוף כרמלית/הכרמל-תל אביב יפו-2#,16024,2,#,מטרופולין,3,16024
144514695,8944759,585887669_170526,2026-05-18T08:15:00+00:00,2026-05-18T09:21:59+00:00,2026-05-18,22825,15,24,מסוף כרמלית/הכרמל-תל אביב יפו<->מסוף קדמה-רמת השרון-1#,16024,1,#,מטרופולין,3,16024
144512093,8944760,40282415_170526,2026-05-18T08:40:00+00:00,2026-05-18T09:46:25+00:00,2026-05-18,22826,15,24,מסוף קדמה-רמת השרון<->מסוף כרמלית/הכרמל-תל אביב יפו-2#,16024,2,#,מטרופולין,3,16024
144514717,8944759,584888554_170526,2026-05-18T08:45:00+00:00,2026-05-18T09:51:59+00:00,2026-05-18,22825,15,24,מסוף כרמלית/הכרמל-תל אביב יפו<->מסוף קדמה-רמת השרון-1#,16024,1,#,מטרופולין,3,16024
144511316,8944759,40282366_170526,2026-05-18T09:10:00+00:00,2026-05-18T10:16:59+00:00,2026-05-18,22825,15,24,מסוף כרמלית/הכרמל-תל אביב יפו<->מסוף קדמה-רמת השרון-1#,16024,1,#,מטרופולין,3,16024
144517970,8944759,584888555_170526,2026-05-18T09:35:00+00:00,2026-05-18T10:41:59+00:00,2026-05-18,22825,15,24,מסוף כרמלית/הכרמל-תל אביב יפו<->מסוף קדמה-רמת השרון-1#,16024,1,#,מטרופולין,3,16024
144514708,8944760,40282418_170526,2026-05-18T09:40:00+00:00,2026-05-18T10:46:25+00:00,2026-05-18,22826,15,24,מסוף קדמה-רמת השרון<->מסוף כרמלית/הכרמל-תל אביב יפו-2#,16024,2,#,מטרופולין,3,16024
144512011,8944759,45060546_170526,2026-05-18T10:00:00+00:00,2026-05-18T11:06:59+00:00,2026-05-18,22825,15,24,מסוף כרמלית/הכרמל-תל אביב יפו<->מסוף קדמה-רמת השרון-1#,16024,1,#,מטרופולין,3,16024
144512515,8944760,41242283_170526,2026-05-18T10:05:00+00:00,2026-05-18T11:11:25+00:00,2026-05-18,22826,15,24,מסוף קדמה-רמת השרון<->מסוף כרמלית/הכרמל-תל אביב יפו-2#,16024,2,#,מטרופולין,3,16024
144514718,8944759,584888556_170526,2026-05-18T10:25:00+00:00,2026-05-18T11:31:59+00:00,2026-05-18,22825,15,24,מסוף כרמלית/הכרמל-תל אביב יפו<->מסוף קדמה-רמת השרון-1#,16024,1,#,מטרופולין,3,16024
144514736,8944760,45060637_170526,2026-05-18T10:30:00+00:00,2026-05-18T11:36:25+00:00,2026-05-18,22826,15,24,מסוף קדמה-רמת השרון<->מסוף כרמלית/הכרמל-תל אביב יפו-2#,16024,2,#,מטרופולין,3,16024
144517969,8944759,40282371_170526,2026-05-18T10:50:00+00:00,2026-05-18T11:56:59+00:00,2026-05-18,22825,15,24,מסוף כרמלית/הכרמל-תל אביב יפו<->מסוף קדמה-רמת השרון-1#,16024,1,#,מטרופולין,3,16024
144517993,8944760,585888128_170526,2026-05-18T10:55:00+00:00,2026-05-18T12:01:25+00:00,2026-05-18,22826,15,24,מסוף קדמה-רמת השרון<->מסוף כרמלית/הכרמל-תל אביב יפו-2#,16024,2,#,מטרופולין,3,16024
144514735,8944760,40282423_170526,2026-05-18T11:20:00+00:00,2026-05-18T12:26:25+00:00,2026-05-18,22826,15,24,מסוף קדמה-רמת השרון<->מסוף כרמלית/הכרמל-תל אביב יפו-2#,16024,2,#,מטרופולין,3,16024
144514688,8944759,45810318_170526,2026-05-18T11:40:00+00:00,2026-05-18T12:46:59+00:00,2026-05-18,22825,15,24,מסוף כרמלית/הכרמל-תל אביב יפו<->מסוף קדמה-רמת השרון-1#,16024,1,#,מטרופולין,3,16024
144511335,8944760,41242288_170526,2026-05-18T11:45:00+00:00,2026-05-18T12:51:25+00:00,2026-05-18,22826,15,24,מסוף קדמה-רמת השרון<->מסוף כרמלית/הכרמל-תל אביב יפו-2#,16024,2,#,מטרופולין,3,16024
144512508,8944759,584888558_170526,2026-05-18T12:05:00+00:00,2026-05-18T13:11:59+00:00,2026-05-18,22825,15,24,מסוף כרמלית/הכרמל-תל אביב יפו<->מסוף קדמה-רמת השרון-1#,16024,1,#,מטרופולין,3,16024
144559905,8944760,585888129_170526,2026-05-18T12:10:00+00:00,2026-05-18T13:16:25+00:00,2026-05-18,22826,15,24,מסוף קדמה-רמת השרון<->מסוף כרמלית/הכרמל-תל אביב יפו-2#,16024,2,#,מטרופולין,3,16024
144514690,8944759,585532222_170526,2026-05-18T12:25:00+00:00,2026-05-18T13:31:59+00:00,2026-05-18,22825,15,24,מסוף כרמלית/הכרמל-תל אביב יפו<->מסוף קדמה-רמת השרון-1#,16024,1,#,מטרופולין,3,16024
144511336,8944760,45060639_170526,2026-05-18T12:30:00+00:00,2026-05-18T13:36:25+00:00,2026-05-18,22826,15,24,מסוף קדמה-רמת השרון<->מסוף כרמלית/הכרמל-תל אביב יפו-2#,16024,2,#,מטרופולין,3,16024
144512500,8944759,35895952_170526,2026-05-18T12:45:00+00:00,2026-05-18T13:51:59+00:00,2026-05-18,22825,15,24,מסוף כרמלית/הכרמל-תל אביב יפו<->מסוף קדמה-רמת השרון-1#,16024,1,#,מטרופולין,3,16024
144512095,8944760,585874504_170526,2026-05-18T12:50:00+00:00,2026-05-18T13:56:25+00:00,2026-05-18,22826,15,24,מסוף קדמה-רמת השרון<->מסוף כרמלית/הכרמל-תל אביב יפו-2#,16024,2,#,מטרופולין,3,16024
144514720,8944759,585887670_170526,2026-05-18T13:05:00+00:00,2026-05-18T14:11:59+00:00,2026-05-18,22825,15,24,מסוף כרמלית/הכרמל-תל אביב יפו<->מסוף קדמה-רמת השרון-1#,16024,1,#,מטרופולין,3,16024
144511349,8944760,585888130_170526,2026-05-18T13:10:00+00:00,2026-05-18T14:16:25+00:00,2026-05-18,22826,15,24,מסוף קדמה-רמת השרון<->מסוף כרמלית/הכרמל-תל אביב יפו-2#,16024,2,#,מטרופולין,3,16024
144507888,8944759,585887671_170526,2026-05-18T13:25:00+00:00,2026-05-18T14:31:59+00:00,2026-05-18,22825,15,24,מסוף כרמלית/הכרמל-תל אביב יפו<->מסוף קדמה-רמת השרון-1#,16024,1,#,מטרופולין,3,16024
144511318,8944759,584888560_170526,2026-05-18T13:45:00+00:00,2026-05-18T14:51:59+00:00,2026-05-18,22825,15,24,מסוף כרמלית/הכרמל-תל אביב יפו<->מסוף קדמה-רמת השרון-1#,16024,1,#,מטרופולין,3,16024
144514710,8944760,585874505_170526,2026-05-18T13:50:00+00:00,2026-05-18T14:56:25+00:00,2026-05-18,22826,15,24,מסוף קדמה-רמת השרון<->מסוף כרמלית/הכרמל-תל אביב יפו-2#,16024,2,#,מטרופולין,3,16024
144514691,8944759,585532223_170526,2026-05-18T14:05:00+00:00,2026-05-18T15:11:59+00:00,2026-05-18,22825,15,24,מסוף כרמלית/הכרמל-תל אביב יפו<->מסוף קדמה-רמת השרון-1#,16024,1,#,מטרופולין,3,16024
144512096,8944760,585888131_170526,2026-05-18T14:10:00+00:00,2026-05-18T15:16:25+00:00,2026-05-18,22826,15,24,מסוף קדמה-רמת השרון<->מסוף כרמלית/הכרמל-תל אביב יפו-2#,16024,2,#,מטרופולין,3,16024
144511320,8944759,585054786_170526,2026-05-18T14:25:00+00:00,2026-05-18T15:31:59+00:00,2026-05-18,22825,15,24,מסוף כרמלית/הכרמל-תל אביב יפו<->מסוף קדמה-רמת השרון-1#,16024,1,#,מטרופולין,3,16024
144517991,8944760,45060641_170526,2026-05-18T14:30:00+00:00,2026-05-18T15:36:25+00:00,2026-05-18,22826,15,24,מסוף קדמה-רמת השרון<->מסוף כרמלית/הכרמל-תל אביב יפו-2#,16024,2,#,מטרופולין,3,16024
144507885,8944759,49308796_170526,2026-05-18T14:45:00+00:00,2026-05-18T15:51:59+00:00,2026-05-18,22825,15,24,מסוף כרמלית/הכרמל-תל אביב יפו<->מסוף קדמה-רמת השרון-1#,16024,1,#,מטרופולין,3,16024
144511347,8944760,585874506_170526,2026-05-18T14:50:00+00:00,2026-05-18T15:56:25+00:00,2026-05-18,22826,15,24,מסוף קדמה-רמת השרון<->מסוף כרמלית/הכרמל-תל אביב יפו-2#,16024,2,#,מטרופולין,3,16024
144512501,8944759,49308825_170526,2026-05-18T15:05:00+00:00,2026-05-18T16:11:59+00:00,2026-05-18,22825,15,24,מסוף כרמלית/הכרמל-תל אביב יפו<->מסוף קדמה-רמת השרון-1#,16024,1,#,מטרופולין,3,16024
144511333,8944760,35896314_170526,2026-05-18T15:10:00+00:00,2026-05-18T16:16:25+00:00,2026-05-18,22826,15,24,מסוף קדמה-רמת השרון<->מסוף כרמלית/הכרמל-תל אביב יפו-2#,16024,2,#,מטרופולין,3,16024
144514715,8944759,45503888_170526,2026-05-18T15:30:00+00:00,2026-05-18T16:36:59+00:00,2026-05-18,22825,15,24,מסוף כרמלית/הכרמל-תל אביב יפו<->מסוף קדמה-רמת השרון-1#,16024,1,#,מטרופולין,3,16024
144517994,8944760,585888132_170526,2026-05-18T15:35:00+00:00,2026-05-18T16:41:25+00:00,2026-05-18,22826,15,24,מסוף קדמה-רמת השרון<->מסוף כרמלית/הכרמל-תל אביב יפו-2#,16024,2,#,מטרופולין,3,16024
144514716,8944759,584763968_170526,2026-05-18T15:55:00+00:00,2026-05-18T17:01:59+00:00,2026-05-18,22825,15,24,מסוף כרמלית/הכרמל-תל אביב יפו<->מסוף קדמה-רמת השרון-1#,16024,1,#,מטרופולין,3,16024
144559900,8944760,35896335_170526,2026-05-18T16:00:00+00:00,2026-05-18T17:06:25+00:00,2026-05-18,22826,15,24,מסוף קדמה-רמת השרון<->מסוף כרמלית/הכרמל-תל אביב יפו-2#,16024,2,#,מטרופולין,3,16024
144559897,8944759,45810332_170526,2026-05-18T16:20:00+00:00,2026-05-18T17:26:59+00:00,2026-05-18,22825,15,24,מסוף כרמלית/הכרמל-תל אביב יפו<->מסוף קדמה-רמת השרון-1#,16024,1,#,מטרופולין,3,16024
144507889,8944760,38844754_170526,2026-05-18T16:25:00+00:00,2026-05-18T17:31:25+00:00,2026-05-18,22826,15,24,מסוף קדמה-רמת השרון<->מסוף כרמלית/הכרמל-תל אביב יפו-2#,16024,2,#,מטרופולין,3,16024
144512010,8944759,38844735_170526,2026-05-18T16:45:00+00:00,2026-05-18T17:51:59+00:00,2026-05-18,22825,15,24,מסוף כרמלית/הכרמל-תל אביב יפו<->מסוף קדמה-רמת השרון-1#,16024,1,#,מטרופולין,3,16024
144512511,8944760,38845075_170526,2026-05-18T16:50:00+00:00,2026-05-18T17:56:25+00:00,2026-05-18,22826,15,24,מסוף קדמה-רמת השרון<->מסוף כרמלית/הכרמל-תל אביב יפו-2#,16024,2,#,מטרופולין,3,16024
144559896,8944759,40282388_170526,2026-05-18T17:10:00+00:00,2026-05-18T18:16:59+00:00,2026-05-18,22825,15,24,מסוף כרמלית/הכרמל-תל אביב יפו<->מסוף קדמה-רמת השרון-1#,16024,1,#,מטרופולין,3,16024
144512091,8944760,38844758_170526,2026-05-18T17:15:00+00:00,2026-05-18T18:21:25+00:00,2026-05-18,22826,15,24,מסוף קדמה-רמת השרון<->מסוף כרמלית/הכרמל-תל אביב יפו-2#,16024,2,#,מטרופולין,3,16024
144514721,8944759,585887672_170526,2026-05-18T17:35:00+00:00,2026-05-18T18:41:59+00:00,2026-05-18,22825,15,24,מסוף כרמלית/הכרמל-תל אביב יפו<->מסוף קדמה-רמת השרון-1#,16024,1,#,מטרופולין,3,16024
144512090,8944760,38844744_170526,2026-05-18T17:40:00+00:00,2026-05-18T18:46:25+00:00,2026-05-18,22826,15,24,מסוף קדמה-רמת השרון<->מסוף כרמלית/הכרמל-תל אביב יפו-2#,16024,2,#,מטרופולין,3,16024
144514714,8944759,45060554_170526,2026-05-18T18:00:00+00:00,2026-05-18T19:06:59+00:00,2026-05-18,22825,15,24,מסוף כרמלית/הכרמל-תל אביב יפו<->מסוף קדמה-רמת השרון-1#,16024,1,#,מטרופולין,3,16024
144512097,8944760,585888133_170526,2026-05-18T18:15:00+00:00,2026-05-18T19:21:25+00:00,2026-05-18,22826,15,24,מסוף קדמה-רמת השרון<->מסוף כרמלית/הכרמל-תל אביב יפו-2#,16024,2,#,מטרופולין,3,16024
144514722,8944759,585887673_170526,2026-05-18T18:35:00+00:00,2026-05-18T19:41:59+00:00,2026-05-18,22825,15,24,מסוף כרמלית/הכרמל-תל אביב יפו<->מסוף קדמה-רמת השרון-1#,16024,1,#,מטרופולין,3,16024
144559901,8944760,40282442_170526,2026-05-18T19:00:00+00:00,2026-05-18T20:06:25+00:00,2026-05-18,22826,15,24,מסוף קדמה-רמת השרון<->מסוף כרמלית/הכרמל-תל אביב יפו-2#,16024,2,#,מטרופולין,3,16024
144514687,8944759,40282392_170526,2026-05-18T19:10:00+00:00,2026-05-18T20:16:59+00:00,2026-05-18,22825,15,24,מסוף כרמלית/הכרמל-תל אביב יפו<->מסוף קדמה-רמת השרון-1#,16024,1,#,מטרופולין,3,16024
144507864,8944759,46298323_170526,2026-05-18T19:30:00+00:00,2026-05-18T20:36:59+00:00,2026-05-18,22825,15,24,מסוף כרמלית/הכרמל-תל אביב יפו<->מסוף קדמה-רמת השרון-1#,16024,1,#,מטרופולין,3,16024
144517985,8944760,35896291_170526,2026-05-18T19:45:00+00:00,2026-05-18T20:51:25+00:00,2026-05-18,22826,15,24,מסוף קדמה-רמת השרון<->מסוף כרמלית/הכרמל-תל אביב יפו-2#,16024,2,#,מטרופולין,3,16024
144514723,8944759,585887674_170526,2026-05-18T19:45:00+00:00,2026-05-18T20:51:59+00:00,2026-05-18,22825,15,24,מסוף כרמלית/הכרמל-תל אביב יפו<->מסוף קדמה-רמת השרון-1#,16024,1,#,מטרופולין,3,16024
144559898,8944759,584888563_170526,2026-05-18T20:20:00+00:00,2026-05-18T21:26:59+00:00,2026-05-18,22825,15,24,מסוף כרמלית/הכרמל-תל אביב יפו<->מסוף קדמה-רמת השרון-1#,16024,1,#,מטרופולין,3,16024
144512012,8944759,46298333_170526,2026-05-18T20:30:00+00:00,2026-05-18T21:36:59+00:00,2026-05-18,22825,15,24,מסוף כרמלית/הכרמל-תל אביב יפו<->מסוף קדמה-רמת השרון-1#,16024,1,#,מטרופולין,3,16024
144511337,8944760,585532294_170526,2026-05-18T20:35:00+00:00,2026-05-18T21:41:25+00:00,2026-05-18,22826,15,24,מסוף קדמה-רמת השרון<->מסוף כרמלית/הכרמל-תל אביב יפו-2#,16024,2,#,מטרופולין,3,16024
144507863,8944759,40282395_170526,2026-05-18T20:40:00+00:00,2026-05-18T21:46:59+00:00,2026-05-18,22825,15,24,מסוף כרמלית/הכרמל-תל אביב יפו<->מסוף קדמה-רמת השרון-1#,16024,1,#,מטרופולין,3,16024
144656597,8951174,46298338_180526,2026-05-18T21:00:00+00:00,2026-05-18T22:06:59+00:00,2026-05-19,22825,15,24,מסוף כרמלית/הכרמל-תל אביב יפו<->מסוף קדמה-רמת השרון-1#,16024,1,#,מטרופולין,3,16024
144660482,8951175,585119620_180526,2026-05-18T21:30:00+00:00,2026-05-18T22:36:25+00:00,2026-05-19,22826,15,24,מסוף קדמה-רמת השרון<->מסוף כרמלית/הכרמל-תל אביב יפו-2#,16024,2,#,מטרופולין,3,16024
144656646,8951175,35896276_180526,2026-05-19T02:00:00+00:00,2026-05-19T03:06:25+00:00,2026-05-19,22826,15,24,מסוף קדמה-רמת השרון<->מסוף כרמלית/הכרמל-תל אביב יפו-2#,16024,2,#,מטרופולין,3,16024
144656588,8951174,585054722_180526,2026-05-19T02:00:00+00:00,2026-05-19T03:06:59+00:00,2026-05-19,22825,15,24,מסוף כרמלית/הכרמל-תל אביב יפו<->מסוף קדמה-רמת השרון-1#,16024,1,#,מטרופולין,3,16024
144666034,8951175,585251987_180526,2026-05-19T02:15:00+00:00,2026-05-19T03:21:25+00:00,2026-05-19,22826,15,24,מסוף קדמה-רמת השרון<->מסוף כרמלית/הכרמל-תל אביב יפו-2#,16024,2,#,מטרופולין,3,16024
144703845,8951174,585243355_180526,2026-05-19T02:20:00+00:00,2026-05-19T03:26:59+00:00,2026-05-19,22825,15,24,מסוף כרמלית/הכרמל-תל אביב יפו<->מסוף קדמה-רמת השרון-1#,16024,1,#,מטרופולין,3,16024
144654995,8951175,40282398_180526,2026-05-19T02:30:00+00:00,2026-05-19T03:36:25+00:00,2026-05-19,22826,15,24,מסוף קדמה-רמת השרון<->מסוף כרמלית/הכרמל-תל אביב יפו-2#,16024,2,#,מטרופולין,3,16024
144666008,8951175,41242261_180526,2026-05-19T02:45:00+00:00,2026-05-19T03:51:25+00:00,2026-05-19,22826,15,24,מסוף קדמה-רמת השרון<->מסוף כרמלית/הכרמל-תל אביב יפו-2#,16024,2,#,מטרופולין,3,16024
144654927,8951174,585251713_180526,2026-05-19T02:45:00+00:00,2026-05-19T03:51:59+00:00,2026-05-19,22825,15,24,מסוף כרמלית/הכרמל-תל אביב יפו<->מסוף קדמה-רמת השרון-1#,16024,1,#,מטרופולין,3,16024
144660483,8951175,40282399_180526,2026-05-19T03:00:00+00:00,2026-05-19T04:06:25+00:00,2026-05-19,22826,15,24,מסוף קדמה-רמת השרון<->מסוף כרמלית/הכרמל-תל אביב יפו-2#,16024,2,#,מטרופולין,3,16024
144662172,8951174,585887661_180526,2026-05-19T03:05:00+00:00,2026-05-19T04:11:59+00:00,2026-05-19,22825,15,24,מסוף כרמלית/הכרמל-תל אביב יפו<->מסוף קדמה-רמת השרון-1#,16024,1,#,מטרופולין,3,16024
144656648,8951175,35896315_180526,2026-05-19T03:20:00+00:00,2026-05-19T04:26:25+00:00,2026-05-19,22826,15,24,מסוף קדמה-רמת השרון<->מסוף כרמלית/הכרמל-תל אביב יפו-2#,16024,2,#,מטרופולין,3,16024
144666000,8951174,585887662_180526,2026-05-19T03:25:00+00:00,2026-05-19T04:31:59+00:00,2026-05-19,22825,15,24,מסוף כרמלית/הכרמל-תל אביב יפו<->מסוף קדמה-רמת השרון-1#,16024,1,#,מטרופולין,3,16024
144656655,8951175,45810516_180526,2026-05-19T03:40:00+00:00,2026-05-19T04:46:25+00:00,2026-05-19,22826,15,24,מסוף קדמה-רמת השרון<->מסוף כרמלית/הכרמל-תל אביב יפו-2#,16024,2,#,מטרופולין,3,16024
144653032,8951174,584888549_180526,2026-05-19T03:45:00+00:00,2026-05-19T04:51:59+00:00,2026-05-19,22825,15,24,מסוף כרמלית/הכרמל-תל אביב יפו<->מסוף קדמה-רמת השרון-1#,16024,1,#,מטרופולין,3,16024
144666006,8951175,40282401_180526,2026-05-19T04:00:00+00:00,2026-05-19T05:06:25+00:00,2026-05-19,22826,15,24,מסוף קדמה-רמת השרון<->מסוף כרמלית/הכרמל-תל אביב יפו-2#,16024,2,#,מטרופולין,3,16024
144654939,8951174,585887663_180526,2026-05-19T04:05:00+00:00,2026-05-19T05:11:59+00:00,2026-05-19,22825,15,24,מסוף כרמלית/הכרמל-תל אביב יפו<->מסוף קדמה-רמת השרון-1#,16024,1,#,מטרופולין,3,16024
144655001,8951175,585532291_180526,2026-05-19T04:15:00+00:00,2026-05-19T05:21:25+00:00,2026-05-19,22826,15,24,מסוף קדמה-רמת השרון<->מסוף כרמלית/הכרמל-תל אביב יפו-2#,16024,2,#,מטרופולין,3,16024
144656594,8951174,585887664_180526,2026-05-19T04:25:00+00:00,2026-05-19T05:31:59+00:00,2026-05-19,22825,15,24,מסוף כרמלית/הכרמל-תל אביב יפו<->מסוף קדמה-רמת השרון-1#,16024,1,#,מטרופולין,3,16024
144662230,8951175,45060631_180526,2026-05-19T04:30:00+00:00,2026-05-19T05:36:25+00:00,2026-05-19,22826,15,24,מסוף קדמה-רמת השרון<->מסוף כרמלית/הכרמל-תל אביב יפו-2#,16024,2,#,מטרופולין,3,16024
144666009,8951175,41242267_180526,2026-05-19T04:45:00+00:00,2026-05-19T05:51:25+00:00,2026-05-19,22826,15,24,מסוף קדמה-רמת השרון<->מסוף כרמלית/הכרמל-תל אביב יפו-2#,16024,2,#,מטרופולין,3,16024
144654933,8951174,584905844_180526,2026-05-19T04:45:00+00:00,2026-05-19T05:51:59+00:00,2026-05-19,22825,15,24,מסוף כרמלית/הכרמל-תל אביב יפו<->מסוף קדמה-רמת השרון-1#,16024,1,#,מטרופולין,3,16024
144703852,8951175,40282404_180526,2026-05-19T05:00:00+00:00,2026-05-19T06:06:25+00:00,2026-05-19,22826,15,24,מסוף קדמה-רמת השרון<->מסוף כרמלית/הכרמל-תל אביב יפו-2#,16024,2,#,מטרופולין,3,16024
144654934,8951174,585887665_180526,2026-05-19T05:05:00+00:00,2026-05-19T06:11:59+00:00,2026-05-19,22825,15,24,מסוף כרמלית/הכרמל-תל אביב יפו<->מסוף קדמה-רמת השרון-1#,16024,1,#,מטרופולין,3,16024
144662235,8951175,585532292_180526,2026-05-19T05:15:00+00:00,2026-05-19T06:21:25+00:00,2026-05-19,22826,15,24,מסוף קדמה-רמת השרון<->מסוף כרמלית/הכרמל-תל אביב יפו-2#,16024,2,#,מטרופולין,3,16024
144653037,8951174,584888551_180526,2026-05-19T05:25:00+00:00,2026-05-19T06:31:59+00:00,2026-05-19,22825,15,24,מסוף כרמלית/הכרמל-תל אביב יפו<->מסוף קדמה-רמת השרון-1#,16024,1,#,מטרופולין,3,16024
144655009,8951175,584888566_180526,2026-05-19T05:35:00+00:00,2026-05-19T06:41:25+00:00,2026-05-19,22826,15,24,מסוף קדמה-רמת השרון<->מסוף כרמלית/הכרמל-תל אביב יפו-2#,16024,2,#,מטרופולין,3,16024
144654919,8951174,40282356_180526,2026-05-19T05:50:00+00:00,2026-05-19T06:56:59+00:00,2026-05-19,22825,15,24,מסוף כרמלית/הכרמל-תל אביב יפו<->מסוף קדמה-רמת השרון-1#,16024,1,#,מטרופולין,3,16024
144653062,8951175,585888126_180526,2026-05-19T05:55:00+00:00,2026-05-19T07:01:25+00:00,2026-05-19,22826,15,24,מסוף קדמה-רמת השרון<->מסוף כרמלית/הכרמל-תל אביב יפו-2#,16024,2,#,מטרופולין,3,16024
144653038,8951174,584888552_180526,2026-05-19T06:15:00+00:00,2026-05-19T07:21:59+00:00,2026-05-19,22825,15,24,מסוף כרמלית/הכרמל-תל אביב יפו<->מסוף קדמה-רמת השרון-1#,16024,1,#,מטרופולין,3,16024
144660484,8951175,41242272_180526,2026-05-19T06:25:00+00:00,2026-05-19T07:31:25+00:00,2026-05-19,22826,15,24,מסוף קדמה-רמת השרון<->מסוף כרמלית/הכרמל-תל אביב יפו-2#,16024,2,#,מטרופולין,3,16024
144660395,8951174,585887666_180526,2026-05-19T06:45:00+00:00,2026-05-19T07:51:59+00:00,2026-05-19,22825,15,24,מסוף כרמלית/הכרמל-תל אביב יפו<->מסוף קדמה-רמת השרון-1#,16024,1,#,מטרופולין,3,16024
144666035,8951175,586152146_180526,2026-05-19T06:55:00+00:00,2026-05-19T08:01:25+00:00,2026-05-19,22826,15,24,מסוף קדמה-רמת השרון<->מסוף כרמלית/הכרמל-תל אביב יפו-2#,16024,2,#,מטרופולין,3,16024
144703855,8951175,584888568_180526,2026-05-19T07:15:00+00:00,2026-05-19T08:21:25+00:00,2026-05-19,22826,15,24,מסוף קדמה-רמת השרון<->מסוף כרמלית/הכרמל-תל אביב יפו-2#,16024,2,#,מטרופולין,3,16024
144660396,8951174,585887667_180526,2026-05-19T07:15:00+00:00,2026-05-19T08:21:59+00:00,2026-05-19,22825,15,24,מסוף כרמלית/הכרמל-תל אביב יפו<->מסוף קדמה-רמת השרון-1#,16024,1,#,מטרופולין,3,16024
144662211,8951175,40282412_180526,2026-05-19T07:40:00+00:00,2026-05-19T08:46:25+00:00,2026-05-19,22826,15,24,מסוף קדמה-רמת השרון<->מסוף כרמלית/הכרמל-תל אביב יפו-2#,16024,2,#,מטרופולין,3,16024
144654936,8951174,585887668_180526,2026-05-19T07:45:00+00:00,2026-05-19T08:51:59+00:00,2026-05-19,22825,15,24,מסוף כרמלית/הכרמל-תל אביב יפו<->מסוף קדמה-רמת השרון-1#,16024,1,#,מטרופולין,3,16024
144653064,8951175,585888127_180526,2026-05-19T08:10:00+00:00,2026-05-19T09:16:25+00:00,2026-05-19,22826,15,24,מסוף קדמה-רמת השרון<->מסוף כרמלית/הכרמל-תל אביב יפו-2#,16024,2,#,מטרופולין,3,16024
144703846,8951174,585887669_180526,2026-05-19T08:15:00+00:00,2026-05-19T09:21:59+00:00,2026-05-19,22825,15,24,מסוף כרמלית/הכרמל-תל אביב יפו<->מסוף קדמה-רמת השרון-1#,16024,1,#,מטרופולין,3,16024
144666007,8951175,40282415_180526,2026-05-19T08:40:00+00:00,2026-05-19T09:46:25+00:00,2026-05-19,22826,15,24,מסוף קדמה-רמת השרון<->מסוף כרמלית/הכרמל-תל אביב יפו-2#,16024,2,#,מטרופולין,3,16024
144703843,8951174,584888554_180526,2026-05-19T08:45:00+00:00,2026-05-19T09:51:59+00:00,2026-05-19,22825,15,24,מסוף כרמלית/הכרמל-תל אביב יפו<->מסוף קדמה-רמת השרון-1#,16024,1,#,מטרופולין,3,16024
144654920,8951174,40282366_180526,2026-05-19T09:10:00+00:00,2026-05-19T10:16:59+00:00,2026-05-19,22825,15,24,מסוף כרמלית/הכרמל-תל אביב יפו<->מסוף קדמה-רמת השרון-1#,16024,1,#,מטרופולין,3,16024
144656584,8951174,584888555_180526,2026-05-19T09:35:00+00:00,2026-05-19T10:41:59+00:00,2026-05-19,22825,15,24,מסוף כרמלית/הכרמל-תל אביב יפו<->מסוף קדמה-רמת השרון-1#,16024,1,#,מטרופולין,3,16024
144656650,8951175,40282418_180526,2026-05-19T09:40:00+00:00,2026-05-19T10:46:25+00:00,2026-05-19,22826,15,24,מסוף קדמה-רמת השרון<->מסוף כרמלית/הכרמל-תל אביב יפו-2#,16024,2,#,מטרופולין,3,16024
144660387,8951174,45060546_180526,2026-05-19T10:00:00+00:00,2026-05-19T11:06:59+00:00,2026-05-19,22825,15,24,מסוף כרמלית/הכרמל-תל אביב יפו<->מסוף קדמה-רמת השרון-1#,16024,1,#,מטרופולין,3,16024
144703854,8951175,41242283_180526,2026-05-19T10:05:00+00:00,2026-05-19T11:11:25+00:00,2026-05-19,22826,15,24,מסוף קדמה-רמת השרון<->מסוף כרמלית/הכרמל-תל אביב יפו-2#,16024,2,#,מטרופולין,3,16024
144660389,8951174,584888556_180526,2026-05-19T10:25:00+00:00,2026-05-19T11:31:59+00:00,2026-05-19,22825,15,24,מסוף כרמלית/הכרמל-תל אביב יפו<->מסוף קדמה-רמת השרון-1#,16024,1,#,מטרופולין,3,16024
144662231,8951175,45060637_180526,2026-05-19T10:30:00+00:00,2026-05-19T11:36:25+00:00,2026-05-19,22826,15,24,מסוף קדמה-רמת השרון<->מסוף כרמלית/הכרמל-תל אביב יפו-2#,16024,2,#,מטרופולין,3,16024
144665999,8951174,40282371_180526,2026-05-19T10:50:00+00:00,2026-05-19T11:56:59+00:00,2026-05-19,22825,15,24,מסוף כרמלית/הכרמל-תל אביב יפו<->מסוף קדמה-רמת השרון-1#,16024,1,#,מטרופולין,3,16024
144703857,8951175,585888128_180526,2026-05-19T10:55:00+00:00,2026-05-19T12:01:25+00:00,2026-05-19,22826,15,24,מסוף קדמה-רמת השרון<->מסוף כרמלית/הכרמל-תל אביב יפו-2#,16024,2,#,מטרופולין,3,16024
144703853,8951175,40282423_180526,2026-05-19T11:20:00+00:00,2026-05-19T12:26:25+00:00,2026-05-19,22826,15,24,מסוף קדמה-רמת השרון<->מסוף כרמלית/הכרמל-תל אביב יפו-2#,16024,2,#,מטרופולין,3,16024
144656580,8951174,45810318_180526,2026-05-19T11:40:00+00:00,2026-05-19T12:46:59+00:00,2026-05-19,22825,15,24,מסוף כרמלית/הכרמל-תל אביב יפו<->מסוף קדמה-רמת השרון-1#,16024,1,#,מטרופולין,3,16024
144656652,8951175,41242288_180526,2026-05-19T11:45:00+00:00,2026-05-19T12:51:25+00:00,2026-05-19,22826,15,24,מסוף קדמה-רמת השרון<->מסוף כרמלית/הכרמל-תל אביב יפו-2#,16024,2,#,מטרופולין,3,16024
144654926,8951174,584888558_180526,2026-05-19T12:05:00+00:00,2026-05-19T13:11:59+00:00,2026-05-19,22825,15,24,מסוף כרמלית/הכרמל-תל אביב יפו<->מסוף קדמה-רמת השרון-1#,16024,1,#,מטרופולין,3,16024
144653067,8951175,585888129_180526,2026-05-19T12:10:00+00:00,2026-05-19T13:16:25+00:00,2026-05-19,22826,15,24,מסוף קדמה-רמת השרון<->מסוף כרמלית/הכרמל-תל אביב יפו-2#,16024,2,#,מטרופולין,3,16024
144656589,8951174,585532222_180526,2026-05-19T12:25:00+00:00,2026-05-19T13:31:59+00:00,2026-05-19,22825,15,24,מסוף כרמלית/הכרמל-תל אביב יפו<->מסוף קדמה-רמת השרון-1#,16024,1,#,מטרופולין,3,16024
144662234,8951175,45060639_180526,2026-05-19T12:30:00+00:00,2026-05-19T13:36:25+00:00,2026-05-19,22826,15,24,מסוף קדמה-רמת השרון<->מסוף כרמלית/הכרמל-תל אביב יפו-2#,16024,2,#,מטרופולין,3,16024
144662165,8951174,35895952_180526,2026-05-19T12:45:00+00:00,2026-05-19T13:51:59+00:00,2026-05-19,22825,15,24,מסוף כרמלית/הכרמל-תל אביב יפו<->מסוף קדמה-רמת השרון-1#,16024,1,#,מטרופולין,3,16024
144660487,8951175,585874504_180526,2026-05-19T12:50:00+00:00,2026-05-19T13:56:25+00:00,2026-05-19,22826,15,24,מסוף קדמה-רמת השרון<->מסוף כרמלית/הכרמל-תל אביב יפו-2#,16024,2,#,מטרופולין,3,16024
144703847,8951174,585887670_180526,2026-05-19T13:05:00+00:00,2026-05-19T14:11:59+00:00,2026-05-19,22825,15,24,מסוף כרמלית/הכרמל-תל אביב יפו<->מסוף קדמה-רמת השרון-1#,16024,1,#,מטרופולין,3,16024
144655002,8951175,585888130_180526,2026-05-19T13:10:00+00:00,2026-05-19T14:16:25+00:00,2026-05-19,22826,15,24,מסוף קדמה-רמת השרון<->מסוף כרמלית/הכרמל-תל אביב יפו-2#,16024,2,#,מטרופולין,3,16024
144654937,8951174,585887671_180526,2026-05-19T13:25:00+00:00,2026-05-19T14:31:59+00:00,2026-05-19,22825,15,24,מסוף כרמלית/הכרמל-תל אביב יפו<->מסוף קדמה-רמת השרון-1#,16024,1,#,מטרופולין,3,16024
144654930,8951174,584888560_180526,2026-05-19T13:45:00+00:00,2026-05-19T14:51:59+00:00,2026-05-19,22825,15,24,מסוף כרמלית/הכרמל-תל אביב יפו<->מסוף קדמה-רמת השרון-1#,16024,1,#,מטרופולין,3,16024
144703856,8951175,585874505_180526,2026-05-19T13:50:00+00:00,2026-05-19T14:56:25+00:00,2026-05-19,22826,15,24,מסוף קדמה-רמת השרון<->מסוף כרמלית/הכרמל-תל אביב יפו-2#,16024,2,#,מטרופולין,3,16024
144654932,8951174,585532223_180526,2026-05-19T14:05:00+00:00,2026-05-19T15:11:59+00:00,2026-05-19,22825,15,24,מסוף כרמלית/הכרמל-תל אביב יפו<->מסוף קדמה-רמת השרון-1#,16024,1,#,מטרופולין,3,16024
144655006,8951175,585888131_180526,2026-05-19T14:10:00+00:00,2026-05-19T15:16:25+00:00,2026-05-19,22826,15,24,מסוף קדמה-רמת השרון<->מסוף כרמלית/הכרמל-תל אביב יפו-2#,16024,2,#,מטרופולין,3,16024
144703844,8951174,585054786_180526,2026-05-19T14:25:00+00:00,2026-05-19T15:31:59+00:00,2026-05-19,22825,15,24,מסוף כרמלית/הכרמל-תל אביב יפו<->מסוף קדמה-רמת השרון-1#,16024,1,#,מטרופולין,3,16024
144655008,8951175,45060641_180526,2026-05-19T14:30:00+00:00,2026-05-19T15:36:25+00:00,2026-05-19,22826,15,24,מסוף קדמה-רמת השרון<->מסוף כרמלית/הכרמל-תל אביב יפו-2#,16024,2,#,מטרופולין,3,16024
144653031,8951174,49308796_180526,2026-05-19T14:45:00+00:00,2026-05-19T15:51:59+00:00,2026-05-19,22825,15,24,מסוף כרמלית/הכרמל-תל אביב יפו<->מסוף קדמה-רמת השרון-1#,16024,1,#,מטרופולין,3,16024
144653060,8951175,585874506_180526,2026-05-19T14:50:00+00:00,2026-05-19T15:56:25+00:00,2026-05-19,22826,15,24,מסוף קדמה-רמת השרון<->מסוף כרמלית/הכרמל-תל אביב יפו-2#,16024,2,#,מטרופולין,3,16024
144654924,8951174,49308825_180526,2026-05-19T15:05:00+00:00,2026-05-19T16:11:59+00:00,2026-05-19,22825,15,24,מסוף כרמלית/הכרמל-תל אביב יפו<->מסוף קדמה-רמת השרון-1#,16024,1,#,מטרופולין,3,16024
144703849,8951175,35896314_180526,2026-05-19T15:10:00+00:00,2026-05-19T16:16:25+00:00,2026-05-19,22826,15,24,מסוף קדמה-רמת השרון<->מסוף כרמלית/הכרמל-תל אביב יפו-2#,16024,2,#,מטרופולין,3,16024
144656579,8951174,45503888_180526,2026-05-19T15:30:00+00:00,2026-05-19T16:36:59+00:00,2026-05-19,22825,15,24,מסוף כרמלית/הכרמל-תל אביב יפו<->מסוף קדמה-רמת השרון-1#,16024,1,#,מטרופולין,3,16024
144655007,8951175,585888132_180526,2026-05-19T15:35:00+00:00,2026-05-19T16:41:25+00:00,2026-05-19,22826,15,24,מסוף קדמה-רמת השרון<->מסוף כרמלית/הכרמל-תל אביב יפו-2#,16024,2,#,מטרופולין,3,16024
144654929,8951174,584763968_180526,2026-05-19T15:55:00+00:00,2026-05-19T17:01:59+00:00,2026-05-19,22825,15,24,מסוף כרמלית/הכרמל-תל אביב יפו<->מסוף קדמה-רמת השרון-1#,16024,1,#,מטרופולין,3,16024
144662210,8951175,35896335_180526,2026-05-19T16:00:00+00:00,2026-05-19T17:06:25+00:00,2026-05-19,22826,15,24,מסוף קדמה-רמת השרון<->מסוף כרמלית/הכרמל-תל אביב יפו-2#,16024,2,#,מטרופולין,3,16024
144662169,8951174,45810332_180526,2026-05-19T16:20:00+00:00,2026-05-19T17:26:59+00:00,2026-05-19,22825,15,24,מסוף כרמלית/הכרמל-תל אביב יפו<->מסוף קדמה-רמת השרון-1#,16024,1,#,מטרופולין,3,16024
144655005,8951175,38844754_180526,2026-05-19T16:25:00+00:00,2026-05-19T17:31:25+00:00,2026-05-19,22826,15,24,מסוף קדמה-רמת השרון<->מסוף כרמלית/הכרמל-תל אביב יפו-2#,16024,2,#,מטרופולין,3,16024
144654918,8951174,38844735_180526,2026-05-19T16:45:00+00:00,2026-05-19T17:51:59+00:00,2026-05-19,22825,15,24,מסוף כרמלית/הכרמל-תל אביב יפו<->מסוף קדמה-רמת השרון-1#,16024,1,#,מטרופולין,3,16024
144656649,8951175,38845075_180526,2026-05-19T16:50:00+00:00,2026-05-19T17:56:25+00:00,2026-05-19,22826,15,24,מסוף קדמה-רמת השרון<->מסוף כרמלית/הכרמל-תל אביב יפו-2#,16024,2,#,מטרופולין,3,16024
144653029,8951174,40282388_180526,2026-05-19T17:10:00+00:00,2026-05-19T18:16:59+00:00,2026-05-19,22825,15,24,מסוף כרמלית/הכרמל-תל אביב יפו<->מסוף קדמה-רמת השרון-1#,16024,1,#,מטרופולין,3,16024
144703851,8951175,38844758_180526,2026-05-19T17:15:00+00:00,2026-05-19T18:21:25+00:00,2026-05-19,22826,15,24,מסוף קדמה-רמת השרון<->מסוף כרמלית/הכרמל-תל אביב יפו-2#,16024,2,#,מטרופולין,3,16024
144654940,8951174,585887672_180526,2026-05-19T17:35:00+00:00,2026-05-19T18:41:59+00:00,2026-05-19,22825,15,24,מסוף כרמלית/הכרמל-תל אביב יפו<->מסוף קדמה-רמת השרון-1#,16024,1,#,מטרופולין,3,16024
144703850,8951175,38844744_180526,2026-05-19T17:40:00+00:00,2026-05-19T18:46:25+00:00,2026-05-19,22826,15,24,מסוף קדמה-רמת השרון<->מסוף כרמלית/הכרמל-תל אביב יפו-2#,16024,2,#,מטרופולין,3,16024
144656569,8951174,45060554_180526,2026-05-19T18:00:00+00:00,2026-05-19T19:06:59+00:00,2026-05-19,22825,15,24,מסוף כרמלית/הכרמל-תל אביב יפו<->מסוף קדמה-רמת השרון-1#,16024,1,#,מטרופולין,3,16024
144703858,8951175,585888133_180526,2026-05-19T18:15:00+00:00,2026-05-19T19:21:25+00:00,2026-05-19,22826,15,24,מסוף קדמה-רמת השרון<->מסוף כרמלית/הכרמל-תל אביב יפו-2#,16024,2,#,מטרופולין,3,16024
144653039,8951174,585887673_180526,2026-05-19T18:35:00+00:00,2026-05-19T19:41:59+00:00,2026-05-19,22825,15,24,מסוף כרמלית/הכרמל-תל אביב יפו<->מסוף קדמה-רמת השרון-1#,16024,1,#,מטרופולין,3,16024
144653057,8951175,40282442_180526,2026-05-19T19:00:00+00:00,2026-05-19T20:06:25+00:00,2026-05-19,22826,15,24,מסוף קדמה-רמת השרון<->מסוף כרמלית/הכרמל-תל אביב יפו-2#,16024,2,#,מטרופולין,3,16024
144703842,8951174,40282392_180526,2026-05-19T19:10:00+00:00,2026-05-19T20:16:59+00:00,2026-05-19,22825,15,24,מסוף כרמלית/הכרמל-תל אביב יפו<->מסוף קדמה-רמת השרון-1#,16024,1,#,מטרופולין,3,16024
144653030,8951174,46298323_180526,2026-05-19T19:30:00+00:00,2026-05-19T20:36:59+00:00,2026-05-19,22825,15,24,מסוף כרמלית/הכרמל-תל אביב יפו<->מסוף קדמה-רמת השרון-1#,16024,1,#,מטרופולין,3,16024
144703848,8951174,585887674_180526,2026-05-19T19:45:00+00:00,2026-05-19T20:51:59+00:00,2026-05-19,22825,15,24,מסוף כרמלית/הכרמל-תל אביב יפו<->מסוף קדמה-רמת השרון-1#,16024,1,#,מטרופולין,3,16024
144653056,8951175,35896291_180526,2026-05-19T19:45:00+00:00,2026-05-19T20:51:25+00:00,2026-05-19,22826,15,24,מסוף קדמה-רמת השרון<->מסוף כרמלית/הכרמל-תל אביב יפו-2#,16024,2,#,מטרופולין,3,16024
144660390,8951174,584888563_180526,2026-05-19T20:20:00+00:00,2026-05-19T21:26:59+00:00,2026-05-19,22825,15,24,מסוף כרמלית/הכרמל-תל אביב יפו<->מסוף קדמה-רמת השרון-1#,16024,1,#,מטרופולין,3,16024
144654923,8951174,46298333_180526,2026-05-19T20:30:00+00:00,2026-05-19T21:36:59+00:00,2026-05-19,22825,15,24,מסוף כרמלית/הכרמל-תל אביב יפו<->מסוף קדמה-רמת השרון-1#,16024,1,#,מטרופולין,3,16024
144653058,8951175,585532294_180526,2026-05-19T20:35:00+00:00,2026-05-19T21:41:25+00:00,2026-05-19,22826,15,24,מסוף קדמה-רמת השרון<->מסוף כרמלית/הכרמל-תל אביב יפו-2#,16024,2,#,מטרופולין,3,16024
144654922,8951174,40282395_180526,2026-05-19T20:40:00+00:00,2026-05-19T21:46:59+00:00,2026-05-19,22825,15,24,מסוף כרמלית/הכרמל-תל אביב יפו<->מסוף קדמה-רמת השרון-1#,16024,1,#,מטרופולין,3,16024
144800067,8957583,46298338_190526,2026-05-19T21:00:00+00:00,2026-05-19T22:06:59+00:00,2026-05-20,22825,15,24,מסוף כרמלית/הכרמל-תל אביב יפו<->מסוף קדמה-רמת השרון-1#,16024,1,#,מטרופולין,3,16024
144805849,8957584,585119620_190526,2026-05-19T21:30:00+00:00,2026-05-19T22:36:25+00:00,2026-05-20,22826,15,24,מסוף קדמה-רמת השרון<->מסוף כרמלית/הכרמל-תל אביב יפו-2#,16024,2,#,מטרופולין,3,16024
144801096,8957583,585054722_190526,2026-05-20T02:00:00+00:00,2026-05-20T03:06:59+00:00,2026-05-20,22825,15,24,מסוף כרמלית/הכרמל-תל אביב יפו<->מסוף קדמה-רמת השרון-1#,16024,1,#,מטרופולין,3,16024
144796908,8957584,35896276_190526,2026-05-20T02:00:00+00:00,2026-05-20T03:06:25+00:00,2026-05-20,22826,15,24,מסוף קדמה-רמת השרון<->מסוף כרמלית/הכרמל-תל אביב יפו-2#,16024,2,#,מטרופולין,3,16024
144848673,8957584,585251987_190526,2026-05-20T02:15:00+00:00,2026-05-20T03:21:25+00:00,2026-05-20,22826,15,24,מסוף קדמה-רמת השרון<->מסוף כרמלית/הכרמל-תל אביב יפו-2#,16024,2,#,מטרופולין,3,16024
144801252,8957583,585243355_190526,2026-05-20T02:20:00+00:00,2026-05-20T03:26:59+00:00,2026-05-20,22825,15,24,מסוף כרמלית/הכרמל-תל אביב יפו<->מסוף קדמה-רמת השרון-1#,16024,1,#,מטרופולין,3,16024
144801322,8957584,40282398_190526,2026-05-20T02:30:00+00:00,2026-05-20T03:36:25+00:00,2026-05-20,22826,15,24,מסוף קדמה-רמת השרון<->מסוף כרמלית/הכרמל-תל אביב יפו-2#,16024,2,#,מטרופולין,3,16024
144804322,8957584,41242261_190526,2026-05-20T02:45:00+00:00,2026-05-20T03:51:25+00:00,2026-05-20,22826,15,24,מסוף קדמה-רמת השרון<->מסוף כרמלית/הכרמל-תל אביב יפו-2#,16024,2,#,מטרופולין,3,16024
144796842,8957583,585251713_190526,2026-05-20T02:45:00+00:00,2026-05-20T03:51:59+00:00,2026-05-20,22825,15,24,מסוף כרמלית/הכרמל-תל אביב יפו<->מסוף קדמה-רמת השרון-1#,16024,1,#,מטרופולין,3,16024
144800075,8957584,40282399_190526,2026-05-20T03:00:00+00:00,2026-05-20T04:06:25+00:00,2026-05-20,22826,15,24,מסוף קדמה-רמת השרון<->מסוף כרמלית/הכרמל-תל אביב יפו-2#,16024,2,#,מטרופולין,3,16024
144805392,8957583,585887661_190526,2026-05-20T03:05:00+00:00,2026-05-20T04:11:59+00:00,2026-05-20,22825,15,24,מסוף כרמלית/הכרמל-תל אביב יפו<->מסוף קדמה-רמת השרון-1#,16024,1,#,מטרופולין,3,16024
144796910,8957584,35896315_190526,2026-05-20T03:20:00+00:00,2026-05-20T04:26:25+00:00,2026-05-20,22826,15,24,מסוף קדמה-רמת השרון<->מסוף כרמלית/הכרמל-תל אביב יפו-2#,16024,2,#,מטרופולין,3,16024
144796843,8957583,585887662_190526,2026-05-20T03:25:00+00:00,2026-05-20T04:31:59+00:00,2026-05-20,22825,15,24,מסוף כרמלית/הכרמל-תל אביב יפו<->מסוף קדמה-רמת השרון-1#,16024,1,#,מטרופולין,3,16024
144796914,8957584,45810516_190526,2026-05-20T03:40:00+00:00,2026-05-20T04:46:25+00:00,2026-05-20,22826,15,24,מסוף קדמה-רמת השרון<->מסוף כרמלית/הכרמל-תל אביב יפו-2#,16024,2,#,מטרופולין,3,16024
144804174,8957583,584888549_190526,2026-05-20T03:45:00+00:00,2026-05-20T04:51:59+00:00,2026-05-20,22825,15,24,מסוף כרמלית/הכרמל-תל אביב יפו<->מסוף קדמה-רמת השרון-1#,16024,1,#,מטרופולין,3,16024
144805856,8957584,40282401_190526,2026-05-20T04:00:00+00:00,2026-05-20T05:06:25+00:00,2026-05-20,22826,15,24,מסוף קדמה-רמת השרון<->מסוף כרמלית/הכרמל-תל אביב יפו-2#,16024,2,#,מטרופולין,3,16024
144804314,8957583,585887663_190526,2026-05-20T04:05:00+00:00,2026-05-20T05:11:59+00:00,2026-05-20,22825,15,24,מסוף כרמלית/הכרמל-תל אביב יפו<->מסוף קדמה-רמת השרון-1#,16024,1,#,מטרופולין,3,16024
144796915,8957584,585532291_190526,2026-05-20T04:15:00+00:00,2026-05-20T05:21:25+00:00,2026-05-20,22826,15,24,מסוף קדמה-רמת השרון<->מסוף כרמלית/הכרמל-תל אביב יפו-2#,16024,2,#,מטרופולין,3,16024
144848671,8957583,585887664_190526,2026-05-20T04:25:00+00:00,2026-05-20T05:31:59+00:00,2026-05-20,22825,15,24,מסוף כרמלית/הכרמל-תל אביב יפו<->מסוף קדמה-רמת השרון-1#,16024,1,#,מטרופולין,3,16024
144801110,8957584,45060631_190526,2026-05-20T04:30:00+00:00,2026-05-20T05:36:25+00:00,2026-05-20,22826,15,24,מסוף קדמה-רמת השרון<->מסוף כרמלית/הכרמל-תל אביב יפו-2#,16024,2,#,מטרופולין,3,16024
144805391,8957583,584905844_190526,2026-05-20T04:45:00+00:00,2026-05-20T05:51:59+00:00,2026-05-20,22825,15,24,מסוף כרמלית/הכרמל-תל אביב יפו<->מסוף קדמה-רמת השרון-1#,16024,1,#,מטרופולין,3,16024
144801344,8957584,41242267_190526,2026-05-20T04:45:00+00:00,2026-05-20T05:51:25+00:00,2026-05-20,22826,15,24,מסוף קדמה-רמת השרון<->מסוף כרמלית/הכרמל-תל אביב יפו-2#,16024,2,#,מטרופולין,3,16024
144796911,8957584,40282404_190526,2026-05-20T05:00:00+00:00,2026-05-20T06:06:25+00:00,2026-05-20,22826,15,24,מסוף קדמה-רמת השרון<->מסוף כרמלית/הכרמל-תל אביב יפו-2#,16024,2,#,מטרופולין,3,16024
144804180,8957583,585887665_190526,2026-05-20T05:05:00+00:00,2026-05-20T06:11:59+00:00,2026-05-20,22825,15,24,מסוף כרמלית/הכרמל-תל אביב יפו<->מסוף קדמה-רמת השרון-1#,16024,1,#,מטרופולין,3,16024
144800077,8957584,585532292_190526,2026-05-20T05:15:00+00:00,2026-05-20T06:21:25+00:00,2026-05-20,22826,15,24,מסוף קדמה-רמת השרון<->מסוף כרמלית/הכרמל-תל אביב יפו-2#,16024,2,#,מטרופולין,3,16024
144801250,8957583,584888551_190526,2026-05-20T05:25:00+00:00,2026-05-20T06:31:59+00:00,2026-05-20,22825,15,24,מסוף כרמלית/הכרמל-תל אביב יפו<->מסוף קדמה-רמת השרון-1#,16024,1,#,מטרופולין,3,16024
144800076,8957584,584888566_190526,2026-05-20T05:35:00+00:00,2026-05-20T06:41:25+00:00,2026-05-20,22826,15,24,מסוף קדמה-רמת השרון<->מסוף כרמלית/הכרמל-תל אביב יפו-2#,16024,2,#,מטרופולין,3,16024
144796838,8957583,40282356_190526,2026-05-20T05:50:00+00:00,2026-05-20T06:56:59+00:00,2026-05-20,22825,15,24,מסוף כרמלית/הכרמל-תל אביב יפו<->מסוף קדמה-רמת השרון-1#,16024,1,#,מטרופולין,3,16024
144804323,8957584,585888126_190526,2026-05-20T05:55:00+00:00,2026-05-20T07:01:25+00:00,2026-05-20,22826,15,24,מסוף קדמה-רמת השרון<->מסוף כרמלית/הכרמל-תל אביב יפו-2#,16024,2,#,מטרופולין,3,16024
144805388,8957583,584888552_190526,2026-05-20T06:15:00+00:00,2026-05-20T07:21:59+00:00,2026-05-20,22825,15,24,מסוף כרמלית/הכרמל-תל אביב יפו<->מסוף קדמה-רמת השרון-1#,16024,1,#,מטרופולין,3,16024
144801345,8957584,41242272_190526,2026-05-20T06:25:00+00:00,2026-05-20T07:31:25+00:00,2026-05-20,22826,15,24,מסוף קדמה-רמת השרון<->מסוף כרמלית/הכרמל-תל אביב יפו-2#,16024,2,#,מטרופולין,3,16024
144848672,8957583,585887666_190526,2026-05-20T06:45:00+00:00,2026-05-20T07:51:59+00:00,2026-05-20,22825,15,24,מסוף כרמלית/הכרמל-תל אביב יפו<->מסוף קדמה-רמת השרון-1#,16024,1,#,מטרופולין,3,16024
144804326,8957584,586152146_190526,2026-05-20T06:55:00+00:00,2026-05-20T08:01:25+00:00,2026-05-20,22826,15,24,מסוף קדמה-רמת השרון<->מסוף כרמלית/הכרמל-תל אביב יפו-2#,16024,2,#,מטרופולין,3,16024
144804315,8957583,585887667_190526,2026-05-20T07:15:00+00:00,2026-05-20T08:21:59+00:00,2026-05-20,22825,15,24,מסוף כרמלית/הכרמל-תל אביב יפו<->מסוף קדמה-רמת השרון-1#,16024,1,#,מטרופולין,3,16024
144801111,8957584,584888568_190526,2026-05-20T07:15:00+00:00,2026-05-20T08:21:25+00:00,2026-05-20,22826,15,24,מסוף קדמה-רמת השרון<->מסוף כרמלית/הכרמל-תל אביב יפו-2#,16024,2,#,מטרופולין,3,16024
144804321,8957584,40282412_190526,2026-05-20T07:40:00+00:00,2026-05-20T08:46:25+00:00,2026-05-20,22826,15,24,מסוף קדמה-רמת השרון<->מסוף כרמלית/הכרמל-תל אביב יפו-2#,16024,2,#,מטרופולין,3,16024
144805393,8957583,585887668_190526,2026-05-20T07:45:00+00:00,2026-05-20T08:51:59+00:00,2026-05-20,22825,15,24,מסוף כרמלית/הכרמל-תל אביב יפו<->מסוף קדמה-רמת השרון-1#,16024,1,#,מטרופולין,3,16024
144848674,8957584,585888127_190526,2026-05-20T08:10:00+00:00,2026-05-20T09:16:25+00:00,2026-05-20,22826,15,24,מסוף קדמה-רמת השרון<->מסוף כרמלית/הכרמל-תל אביב יפו-2#,16024,2,#,מטרופולין,3,16024
144801098,8957583,585887669_190526,2026-05-20T08:15:00+00:00,2026-05-20T09:21:59+00:00,2026-05-20,22825,15,24,מסוף כרמלית/הכרמל-תל אביב יפו<->מסוף קדמה-רמת השרון-1#,16024,1,#,מטרופולין,3,16024
144801108,8957584,40282415_190526,2026-05-20T08:40:00+00:00,2026-05-20T09:46:25+00:00,2026-05-20,22826,15,24,מסוף קדמה-רמת השרון<->מסוף כרמלית/הכרמל-תל אביב יפו-2#,16024,2,#,מטרופולין,3,16024
144848669,8957583,584888554_190526,2026-05-20T08:45:00+00:00,2026-05-20T09:51:59+00:00,2026-05-20,22825,15,24,מסוף כרמלית/הכרמל-תל אביב יפו<->מסוף קדמה-רמת השרון-1#,16024,1,#,מטרופולין,3,16024
144805385,8957583,40282366_190526,2026-05-20T09:10:00+00:00,2026-05-20T10:16:59+00:00,2026-05-20,22825,15,24,מסוף כרמלית/הכרמל-תל אביב יפו<->מסוף קדמה-רמת השרון-1#,16024,1,#,מטרופולין,3,16024
144801251,8957583,584888555_190526,2026-05-20T09:35:00+00:00,2026-05-20T10:41:59+00:00,2026-05-20,22825,15,24,מסוף כרמלית/הכרמל-תל אביב יפו<->מסוף קדמה-רמת השרון-1#,16024,1,#,מטרופולין,3,16024
144796912,8957584,40282418_190526,2026-05-20T09:40:00+00:00,2026-05-20T10:46:25+00:00,2026-05-20,22826,15,24,מסוף קדמה-רמת השרון<->מסוף כרמלית/הכרמל-תל אביב יפו-2#,16024,2,#,מטרופולין,3,16024
144801249,8957583,45060546_190526,2026-05-20T10:00:00+00:00,2026-05-20T11:06:59+00:00,2026-05-20,22825,15,24,מסוף כרמלית/הכרמל-תל אביב יפו<->מסוף קדמה-רמת השרון-1#,16024,1,#,מטרופולין,3,16024
144804232,8957584,41242283_190526,2026-05-20T10:05:00+00:00,2026-05-20T11:11:25+00:00,2026-05-20,22826,15,24,מסוף קדמה-רמת השרון<->מסוף כרמלית/הכרמל-תל אביב יפו-2#,16024,2,#,מטרופולין,3,16024
144805389,8957583,584888556_190526,2026-05-20T10:25:00+00:00,2026-05-20T11:31:59+00:00,2026-05-20,22825,15,24,מסוף כרמלית/הכרמל-תל אביב יפו<->מסוף קדמה-רמת השרון-1#,16024,1,#,מטרופולין,3,16024
144805861,8957584,45060637_190526,2026-05-20T10:30:00+00:00,2026-05-20T11:36:25+00:00,2026-05-20,22826,15,24,מסוף קדמה-רמת השרון<->מסוף כרמלית/הכרמל-תל אביב יפו-2#,16024,2,#,מטרופולין,3,16024
144801093,8957583,40282371_190526,2026-05-20T10:50:00+00:00,2026-05-20T11:56:59+00:00,2026-05-20,22825,15,24,מסוף כרמלית/הכרמל-תל אביב יפו<->מסוף קדמה-רמת השרון-1#,16024,1,#,מטרופולין,3,16024
144804324,8957584,585888128_190526,2026-05-20T10:55:00+00:00,2026-05-20T12:01:25+00:00,2026-05-20,22826,15,24,מסוף קדמה-רמת השרון<->מסוף כרמלית/הכרמל-תל אביב יפו-2#,16024,2,#,מטרופולין,3,16024
144801343,8957584,40282423_190526,2026-05-20T11:20:00+00:00,2026-05-20T12:26:25+00:00,2026-05-20,22826,15,24,מסוף קדמה-רמת השרון<->מסוף כרמלית/הכרמל-תל אביב יפו-2#,16024,2,#,מטרופולין,3,16024
144805387,8957583,45810318_190526,2026-05-20T11:40:00+00:00,2026-05-20T12:46:59+00:00,2026-05-20,22825,15,24,מסוף כרמלית/הכרמל-תל אביב יפו<->מסוף קדמה-רמת השרון-1#,16024,1,#,מטרופולין,3,16024
144801109,8957584,41242288_190526,2026-05-20T11:45:00+00:00,2026-05-20T12:51:25+00:00,2026-05-20,22826,15,24,מסוף קדמה-רמת השרון<->מסוף כרמלית/הכרמל-תל אביב יפו-2#,16024,2,#,מטרופולין,3,16024
144848670,8957583,584888558_190526,2026-05-20T12:05:00+00:00,2026-05-20T13:11:59+00:00,2026-05-20,22825,15,24,מסוף כרמלית/הכרמל-תל אביב יפו<->מסוף קדמה-רמת השרון-1#,16024,1,#,מטרופולין,3,16024
144800078,8957584,585888129_190526,2026-05-20T12:10:00+00:00,2026-05-20T13:16:25+00:00,2026-05-20,22826,15,24,מסוף קדמה-רמת השרון<->מסוף כרמלית/הכרמל-תל אביב יפו-2#,16024,2,#,מטרופולין,3,16024
144804176,8957583,585532222_190526,2026-05-20T12:25:00+00:00,2026-05-20T13:31:59+00:00,2026-05-20,22825,15,24,מסוף כרמלית/הכרמל-תל אביב יפו<->מסוף קדמה-רמת השרון-1#,16024,1,#,מטרופולין,3,16024
144804233,8957584,45060639_190526,2026-05-20T12:30:00+00:00,2026-05-20T13:36:25+00:00,2026-05-20,22826,15,24,מסוף קדמה-רמת השרון<->מסוף כרמלית/הכרמל-תל אביב יפו-2#,16024,2,#,מטרופולין,3,16024
144801092,8957583,35895952_190526,2026-05-20T12:45:00+00:00,2026-05-20T13:51:59+00:00,2026-05-20,22825,15,24,מסוף כרמלית/הכרמל-תל אביב יפו<->מסוף קדמה-רמת השרון-1#,16024,1,#,מטרופולין,3,16024
144805866,8957584,585874504_190526,2026-05-20T12:50:00+00:00,2026-05-20T13:56:25+00:00,2026-05-20,22826,15,24,מסוף קדמה-רמת השרון<->מסוף כרמלית/הכרמל-תל אביב יפו-2#,16024,2,#,מטרופולין,3,16024
144804223,8957583,585887670_190526,2026-05-20T13:05:00+00:00,2026-05-20T14:11:59+00:00,2026-05-20,22825,15,24,מסוף כרמלית/הכרמל-תל אביב יפו<->מסוף קדמה-רמת השרון-1#,16024,1,#,מטרופולין,3,16024
144801112,8957584,585888130_190526,2026-05-20T13:10:00+00:00,2026-05-20T14:16:25+00:00,2026-05-20,22826,15,24,מסוף קדמה-רמת השרון<->מסוף כרמלית/הכרמל-תל אביב יפו-2#,16024,2,#,מטרופולין,3,16024
144804316,8957583,585887671_190526,2026-05-20T13:25:00+00:00,2026-05-20T14:31:59+00:00,2026-05-20,22825,15,24,מסוף כרמלית/הכרמל-תל אביב יפו<->מסוף קדמה-רמת השרון-1#,16024,1,#,מטרופולין,3,16024
144805390,8957583,584888560_190526,2026-05-20T13:45:00+00:00,2026-05-20T14:51:59+00:00,2026-05-20,22825,15,24,מסוף כרמלית/הכרמל-תל אביב יפו<->מסוף קדמה-רמת השרון-1#,16024,1,#,מטרופולין,3,16024
144804235,8957584,585874505_190526,2026-05-20T13:50:00+00:00,2026-05-20T14:56:25+00:00,2026-05-20,22826,15,24,מסוף קדמה-רמת השרון<->מסוף כרמלית/הכרמל-תל אביב יפו-2#,16024,2,#,מטרופולין,3,16024
144801097,8957583,585532223_190526,2026-05-20T14:05:00+00:00,2026-05-20T15:11:59+00:00,2026-05-20,22825,15,24,מסוף כרמלית/הכרמל-תל אביב יפו<->מסוף קדמה-רמת השרון-1#,16024,1,#,מטרופולין,3,16024
144801113,8957584,585888131_190526,2026-05-20T14:10:00+00:00,2026-05-20T15:16:25+00:00,2026-05-20,22826,15,24,מסוף קדמה-רמת השרון<->מסוף כרמלית/הכרמל-תל אביב יפו-2#,16024,2,#,מטרופולין,3,16024
144804313,8957583,585054786_190526,2026-05-20T14:25:00+00:00,2026-05-20T15:31:59+00:00,2026-05-20,22825,15,24,מסוף כרמלית/הכרמל-תל אביב יפו<->מסוף קדמה-רמת השרון-1#,16024,1,#,מטרופולין,3,16024
144801370,8957584,45060641_190526,2026-05-20T14:30:00+00:00,2026-05-20T15:36:25+00:00,2026-05-20,22826,15,24,מסוף קדמה-רמת השרון<->מסוף כרמלית/הכרמל-תל אביב יפו-2#,16024,2,#,מטרופולין,3,16024
144801095,8957583,49308796_190526,2026-05-20T14:45:00+00:00,2026-05-20T15:51:59+00:00,2026-05-20,22825,15,24,מסוף כרמלית/הכרמל-תל אביב יפו<->מסוף קדמה-רמת השרון-1#,16024,1,#,מטרופולין,3,16024
144804236,8957584,585874506_190526,2026-05-20T14:50:00+00:00,2026-05-20T15:56:25+00:00,2026-05-20,22826,15,24,מסוף קדמה-רמת השרון<->מסוף כרמלית/הכרמל-תל אביב יפו-2#,16024,2,#,מטרופולין,3,16024
144796840,8957583,49308825_190526,2026-05-20T15:05:00+00:00,2026-05-20T16:11:59+00:00,2026-05-20,22825,15,24,מסוף כרמלית/הכרמל-תל אביב יפו<->מסוף קדמה-רמת השרון-1#,16024,1,#,מטרופולין,3,16024
144796909,8957584,35896314_190526,2026-05-20T15:10:00+00:00,2026-05-20T16:16:25+00:00,2026-05-20,22826,15,24,מסוף קדמה-רמת השרון<->מסוף כרמלית/הכרמל-תל אביב יפו-2#,16024,2,#,מטרופולין,3,16024
144804310,8957583,45503888_190526,2026-05-20T15:30:00+00:00,2026-05-20T16:36:59+00:00,2026-05-20,22825,15,24,מסוף כרמלית/הכרמל-תל אביב יפו<->מסוף קדמה-רמת השרון-1#,16024,1,#,מטרופולין,3,16024
144804237,8957584,585888132_190526,2026-05-20T15:35:00+00:00,2026-05-20T16:41:25+00:00,2026-05-20,22826,15,24,מסוף קדמה-רמת השרון<->מסוף כרמלית/הכרמל-תל אביב יפו-2#,16024,2,#,מטרופולין,3,16024
144796841,8957583,584763968_190526,2026-05-20T15:55:00+00:00,2026-05-20T17:01:59+00:00,2026-05-20,22825,15,24,מסוף כרמלית/הכרמל-תל אביב יפו<->מסוף קדמה-רמת השרון-1#,16024,1,#,מטרופולין,3,16024
144804320,8957584,35896335_190526,2026-05-20T16:00:00+00:00,2026-05-20T17:06:25+00:00,2026-05-20,22826,15,24,מסוף קדמה-רמת השרון<->מסוף כרמלית/הכרמל-תל אביב יפו-2#,16024,2,#,מטרופולין,3,16024
144801094,8957583,45810332_190526,2026-05-20T16:20:00+00:00,2026-05-20T17:26:59+00:00,2026-05-20,22825,15,24,מסוף כרמלית/הכרמל-תל אביב יפו<->מסוף קדמה-רמת השרון-1#,16024,1,#,מטרופולין,3,16024
144805850,8957584,38844754_190526,2026-05-20T16:25:00+00:00,2026-05-20T17:31:25+00:00,2026-05-20,22826,15,24,מסוף קדמה-רמת השרון<->מסוף כרמלית/הכרמל-תל אביב יפו-2#,16024,2,#,מטרופולין,3,16024
144801247,8957583,38844735_190526,2026-05-20T16:45:00+00:00,2026-05-20T17:51:59+00:00,2026-05-20,22825,15,24,מסוף כרמלית/הכרמל-תל אביב יפו<->מסוף קדמה-רמת השרון-1#,16024,1,#,מטרופולין,3,16024
144801321,8957584,38845075_190526,2026-05-20T16:50:00+00:00,2026-05-20T17:56:25+00:00,2026-05-20,22826,15,24,מסוף קדמה-רמת השרון<->מסוף כרמלית/הכרמל-תל אביב יפו-2#,16024,2,#,מטרופולין,3,16024
144796839,8957583,40282388_190526,2026-05-20T17:10:00+00:00,2026-05-20T18:16:59+00:00,2026-05-20,22825,15,24,מסוף כרמלית/הכרמל-תל אביב יפו<->מסוף קדמה-רמת השרון-1#,16024,1,#,מטרופולין,3,16024
144805852,8957584,38844758_190526,2026-05-20T17:15:00+00:00,2026-05-20T18:21:25+00:00,2026-05-20,22826,15,24,מסוף קדמה-רמת השרון<->מסוף כרמלית/הכרמל-תל אביב יפו-2#,16024,2,#,מטרופולין,3,16024
144804224,8957583,585887672_190526,2026-05-20T17:35:00+00:00,2026-05-20T18:41:59+00:00,2026-05-20,22825,15,24,מסוף כרמלית/הכרמל-תל אביב יפו<->מסוף קדמה-רמת השרון-1#,16024,1,#,מטרופולין,3,16024
144801107,8957584,38844744_190526,2026-05-20T17:40:00+00:00,2026-05-20T18:46:25+00:00,2026-05-20,22826,15,24,מסוף קדמה-רמת השרון<->מסוף כרמלית/הכרמל-תל אביב יפו-2#,16024,2,#,מטרופולין,3,16024
144805386,8957583,45060554_190526,2026-05-20T18:00:00+00:00,2026-05-20T19:06:59+00:00,2026-05-20,22825,15,24,מסוף כרמלית/הכרמל-תל אביב יפו<->מסוף קדמה-רמת השרון-1#,16024,1,#,מטרופולין,3,16024
144804325,8957584,585888133_190526,2026-05-20T18:15:00+00:00,2026-05-20T19:21:25+00:00,2026-05-20,22826,15,24,מסוף קדמה-רמת השרון<->מסוף כרמלית/הכרמל-תל אביב יפו-2#,16024,2,#,מטרופולין,3,16024
144804225,8957583,585887673_190526,2026-05-20T18:35:00+00:00,2026-05-20T19:41:59+00:00,2026-05-20,22825,15,24,מסוף כרמלית/הכרמל-תל אביב יפו<->מסוף קדמה-רמת השרון-1#,16024,1,#,מטרופולין,3,16024
144796913,8957584,40282442_190526,2026-05-20T19:00:00+00:00,2026-05-20T20:06:25+00:00,2026-05-20,22826,15,24,מסוף קדמה-רמת השרון<->מסוף כרמלית/הכרמל-תל אביב יפו-2#,16024,2,#,מטרופולין,3,16024
144801248,8957583,40282392_190526,2026-05-20T19:10:00+00:00,2026-05-20T20:16:59+00:00,2026-05-20,22825,15,24,מסוף כרמלית/הכרמל-תל אביב יפו<->מסוף קדמה-רמת השרון-1#,16024,1,#,מטרופולין,3,16024
144804311,8957583,46298323_190526,2026-05-20T19:30:00+00:00,2026-05-20T20:36:59+00:00,2026-05-20,22825,15,24,מסוף כרמלית/הכרמל-תל אביב יפו<->מסוף קדמה-רמת השרון-1#,16024,1,#,מטרופולין,3,16024
144804226,8957583,585887674_190526,2026-05-20T19:45:00+00:00,2026-05-20T20:51:59+00:00,2026-05-20,22825,15,24,מסוף כרמלית/הכרמל-תל אביב יפו<->מסוף קדמה-רמת השרון-1#,16024,1,#,מטרופולין,3,16024
144801312,8957584,35896291_190526,2026-05-20T19:45:00+00:00,2026-05-20T20:51:25+00:00,2026-05-20,22826,15,24,מסוף קדמה-רמת השרון<->מסוף כרמלית/הכרמל-תל אביב יפו-2#,16024,2,#,מטרופולין,3,16024
144804175,8957583,584888563_190526,2026-05-20T20:20:00+00:00,2026-05-20T21:26:59+00:00,2026-05-20,22825,15,24,מסוף כרמלית/הכרמל-תל אביב יפו<->מסוף קדמה-רמת השרון-1#,16024,1,#,מטרופולין,3,16024
144804312,8957583,46298333_190526,2026-05-20T20:30:00+00:00,2026-05-20T21:36:59+00:00,2026-05-20,22825,15,24,מסוף כרמלית/הכרמל-תל אביב יפו<->מסוף קדמה-רמת השרון-1#,16024,1,#,מטרופולין,3,16024
144804234,8957584,585532294_190526,2026-05-20T20:35:00+00:00,2026-05-20T21:41:25+00:00,2026-05-20,22826,15,24,מסוף קדמה-רמת השרון<->מסוף כרמלית/הכרמל-תל אביב יפו-2#,16024,2,#,מטרופולין,3,16024
144848668,8957583,40282395_190526,2026-05-20T20:40:00+00:00,2026-05-20T21:46:59+00:00,2026-05-20,22825,15,24,מסוף כרמלית/הכרמל-תל אביב יפו<->מסוף קדמה-רמת השרון-1#,16024,1,#,מטרופולין,3,16024
144888478,8962831,35896168_210526,2026-05-21T02:30:00+00:00,2026-05-21T03:36:59+00:00,2026-05-21,22825,15,24,מסוף כרמלית/הכרמל-תל אביב יפו<->מסוף קדמה-רמת השרון-1#,16024,1,#,מטרופולין,3,16024
144894687,8962832,37588334_210526,2026-05-21T02:45:00+00:00,2026-05-21T03:51:25+00:00,2026-05-21,22826,15,24,מסוף קדמה-רמת השרון<->מסוף כרמלית/הכרמל-תל אביב יפו-2#,16024,2,#,מטרופולין,3,16024
144893546,8962831,37588100_210526,2026-05-21T02:50:00+00:00,2026-05-21T03:56:59+00:00,2026-05-21,22825,15,24,מסוף כרמלית/הכרמל-תל אביב יפו<->מסוף קדמה-רמת השרון-1#,16024,1,#,מטרופולין,3,16024
144888624,8962832,35896590_210526,2026-05-21T03:05:00+00:00,2026-05-21T04:11:25+00:00,2026-05-21,22826,15,24,מסוף קדמה-רמת השרון<->מסוף כרמלית/הכרמל-תל אביב יפו-2#,16024,2,#,מטרופולין,3,16024
144888479,8962831,37588101_210526,2026-05-21T03:10:00+00:00,2026-05-21T04:16:59+00:00,2026-05-21,22825,15,24,מסוף כרמלית/הכרמל-תל אביב יפו<->מסוף קדמה-רמת השרון-1#,16024,1,#,מטרופולין,3,16024
144916379,8962832,37588336_210526,2026-05-21T03:25:00+00:00,2026-05-21T04:31:25+00:00,2026-05-21,22826,15,24,מסוף קדמה-רמת השרון<->מסוף כרמלית/הכרמל-תל אביב יפו-2#,16024,2,#,מטרופולין,3,16024
144889257,8962831,37588102_210526,2026-05-21T03:30:00+00:00,2026-05-21T04:36:59+00:00,2026-05-21,22825,15,24,מסוף כרמלית/הכרמל-תל אביב יפו<->מסוף קדמה-רמת השרון-1#,16024,1,#,מטרופולין,3,16024
144889261,8962832,45101601_210526,2026-05-21T03:40:00+00:00,2026-05-21T04:46:25+00:00,2026-05-21,22826,15,24,מסוף קדמה-רמת השרון<->מסוף כרמלית/הכרמל-תל אביב יפו-2#,16024,2,#,מטרופולין,3,16024
144894289,8962831,37588103_210526,2026-05-21T03:50:00+00:00,2026-05-21T04:56:59+00:00,2026-05-21,22825,15,24,מסוף כרמלית/הכרמל-תל אביב יפו<->מסוף קדמה-רמת השרון-1#,16024,1,#,מטרופולין,3,16024
144888628,8962832,585206421_210526,2026-05-21T03:55:00+00:00,2026-05-21T05:01:25+00:00,2026-05-21,22826,15,24,מסוף קדמה-רמת השרון<->מסוף כרמלית/הכרמל-תל אביב יפו-2#,16024,2,#,מטרופולין,3,16024
144894688,8962832,37588338_210526,2026-05-21T04:05:00+00:00,2026-05-21T05:11:25+00:00,2026-05-21,22826,15,24,מסוף קדמה-רמת השרון<->מסוף כרמלית/הכרמל-תל אביב יפו-2#,16024,2,#,מטרופולין,3,16024
144893543,8962831,35896186_210526,2026-05-21T04:10:00+00:00,2026-05-21T05:16:59+00:00,2026-05-21,22825,15,24,מסוף כרמלית/הכרמל-תל אביב יפו<->מסוף קדמה-רמת השרון-1#,16024,1,#,מטרופולין,3,16024
144889258,8962832,37588339_210526,2026-05-21T04:25:00+00:00,2026-05-21T05:31:25+00:00,2026-05-21,22826,15,24,מסוף קדמה-רמת השרון<->מסוף כרמלית/הכרמל-תל אביב יפו-2#,16024,2,#,מטרופולין,3,16024
144894684,8962831,37588105_210526,2026-05-21T04:30:00+00:00,2026-05-21T05:36:59+00:00,2026-05-21,22825,15,24,מסוף כרמלית/הכרמל-תל אביב יפו<->מסוף קדמה-רמת השרון-1#,16024,1,#,מטרופולין,3,16024
144892262,8962832,37588340_210526,2026-05-21T04:45:00+00:00,2026-05-21T05:51:25+00:00,2026-05-21,22826,15,24,מסוף קדמה-רמת השרון<->מסוף כרמלית/הכרמל-תל אביב יפו-2#,16024,2,#,מטרופולין,3,16024
144916377,8962831,37588106_210526,2026-05-21T04:50:00+00:00,2026-05-21T05:56:59+00:00,2026-05-21,22825,15,24,מסוף כרמלית/הכרמל-תל אביב יפו<->מסוף קדמה-רמת השרון-1#,16024,1,#,מטרופולין,3,16024
144892263,8962832,37588341_210526,2026-05-21T05:05:00+00:00,2026-05-21T06:11:25+00:00,2026-05-21,22826,15,24,מסוף קדמה-רמת השרון<->מסוף כרמלית/הכרמל-תל אביב יפו-2#,16024,2,#,מטרופולין,3,16024
144889354,8962831,37588107_210526,2026-05-21T05:10:00+00:00,2026-05-21T06:16:59+00:00,2026-05-21,22825,15,24,מסוף כרמלית/הכרמל-תל אביב יפו<->מסוף קדמה-רמת השרון-1#,16024,1,#,מטרופולין,3,16024
144888625,8962832,37588342_210526,2026-05-21T05:25:00+00:00,2026-05-21T06:31:25+00:00,2026-05-21,22826,15,24,מסוף קדמה-רמת השרון<->מסוף כרמלית/הכרמל-תל אביב יפו-2#,16024,2,#,מטרופולין,3,16024
144893551,8962831,37588108_210526,2026-05-21T05:30:00+00:00,2026-05-21T06:36:59+00:00,2026-05-21,22825,15,24,מסוף כרמלית/הכרמל-תל אביב יפו<->מסוף קדמה-רמת השרון-1#,16024,1,#,מטרופולין,3,16024
144894308,8962832,37588343_210526,2026-05-21T05:45:00+00:00,2026-05-21T06:51:25+00:00,2026-05-21,22826,15,24,מסוף קדמה-רמת השרון<->מסוף כרמלית/הכרמל-תל אביב יפו-2#,16024,2,#,מטרופולין,3,16024
144892257,8962831,37588109_210526,2026-05-21T05:50:00+00:00,2026-05-21T06:56:59+00:00,2026-05-21,22825,15,24,מסוף כרמלית/הכרמל-תל אביב יפו<->מסוף קדמה-רמת השרון-1#,16024,1,#,מטרופולין,3,16024
144888626,8962832,37588344_210526,2026-05-21T06:05:00+00:00,2026-05-21T07:11:25+00:00,2026-05-21,22826,15,24,מסוף קדמה-רמת השרון<->מסוף כרמלית/הכרמל-תל אביב יפו-2#,16024,2,#,מטרופולין,3,16024
144894683,8962831,35896211_210526,2026-05-21T06:10:00+00:00,2026-05-21T07:16:59+00:00,2026-05-21,22825,15,24,מסוף כרמלית/הכרמל-תל אביב יפו<->מסוף קדמה-רמת השרון-1#,16024,1,#,מטרופולין,3,16024
144916380,8962832,37588345_210526,2026-05-21T06:25:00+00:00,2026-05-21T07:31:25+00:00,2026-05-21,22826,15,24,מסוף קדמה-רמת השרון<->מסוף כרמלית/הכרמל-תל אביב יפו-2#,16024,2,#,מטרופולין,3,16024
144889355,8962831,37588111_210526,2026-05-21T06:30:00+00:00,2026-05-21T07:36:59+00:00,2026-05-21,22825,15,24,מסוף כרמלית/הכרמל-תל אביב יפו<->מסוף קדמה-רמת השרון-1#,16024,1,#,מטרופולין,3,16024
144894689,8962832,37588346_210526,2026-05-21T06:45:00+00:00,2026-05-21T07:51:25+00:00,2026-05-21,22826,15,24,מסוף קדמה-רמת השרון<->מסוף כרמלית/הכרמל-תל אביב יפו-2#,16024,2,#,מטרופולין,3,16024
144892258,8962831,37588112_210526,2026-05-21T06:50:00+00:00,2026-05-21T07:56:59+00:00,2026-05-21,22825,15,24,מסוף כרמלית/הכרמל-תל אביב יפו<->מסוף קדמה-רמת השרון-1#,16024,1,#,מטרופולין,3,16024
144893635,8962832,37588347_210526,2026-05-21T07:05:00+00:00,2026-05-21T08:11:25+00:00,2026-05-21,22826,15,24,מסוף קדמה-רמת השרון<->מסוף כרמלית/הכרמל-תל אביב יפו-2#,16024,2,#,מטרופולין,3,16024
144916375,8962831,35896163_210526,2026-05-21T07:10:00+00:00,2026-05-21T08:16:59+00:00,2026-05-21,22825,15,24,מסוף כרמלית/הכרמל-תל אביב יפו<->מסוף קדמה-רמת השרון-1#,16024,1,#,מטרופולין,3,16024
144894309,8962832,37588348_210526,2026-05-21T07:25:00+00:00,2026-05-21T08:31:25+00:00,2026-05-21,22826,15,24,מסוף קדמה-רמת השרון<->מסוף כרמלית/הכרמל-תל אביב יפו-2#,16024,2,#,מטרופולין,3,16024
144889356,8962831,37588114_210526,2026-05-21T07:30:00+00:00,2026-05-21T08:36:59+00:00,2026-05-21,22825,15,24,מסוף כרמלית/הכרמל-תל אביב יפו<->מסוף קדמה-רמת השרון-1#,16024,1,#,מטרופולין,3,16024
144894310,8962832,37588349_210526,2026-05-21T07:45:00+00:00,2026-05-21T08:51:25+00:00,2026-05-21,22826,15,24,מסוף קדמה-רמת השרון<->מסוף כרמלית/הכרמל-תל אביב יפו-2#,16024,2,#,מטרופולין,3,16024
144889374,8962831,37588115_210526,2026-05-21T07:50:00+00:00,2026-05-21T08:56:59+00:00,2026-05-21,22825,15,24,מסוף כרמלית/הכרמל-תל אביב יפו<->מסוף קדמה-רמת השרון-1#,16024,1,#,מטרופולין,3,16024
144888627,8962832,37588350_210526,2026-05-21T08:05:00+00:00,2026-05-21T09:11:25+00:00,2026-05-21,22826,15,24,מסוף קדמה-רמת השרון<->מסוף כרמלית/הכרמל-תל אביב יפו-2#,16024,2,#,מטרופולין,3,16024
144893545,8962831,35896197_210526,2026-05-21T08:10:00+00:00,2026-05-21T09:16:59+00:00,2026-05-21,22825,15,24,מסוף כרמלית/הכרמל-תל אביב יפו<->מסוף קדמה-רמת השרון-1#,16024,1,#,מטרופולין,3,16024
144892264,8962832,37588351_210526,2026-05-21T08:25:00+00:00,2026-05-21T09:31:25+00:00,2026-05-21,22826,15,24,מסוף קדמה-רמת השרון<->מסוף כרמלית/הכרמל-תל אביב יפו-2#,16024,2,#,מטרופולין,3,16024
144894685,8962831,37588117_210526,2026-05-21T08:30:00+00:00,2026-05-21T09:36:59+00:00,2026-05-21,22825,15,24,מסוף כרמלית/הכרמל-תל אביב יפו<->מסוף קדמה-רמת השרון-1#,16024,1,#,מטרופולין,3,16024
144894705,8962832,37588352_210526,2026-05-21T08:45:00+00:00,2026-05-21T09:51:25+00:00,2026-05-21,22826,15,24,מסוף קדמה-רמת השרון<->מסוף כרמלית/הכרמל-תל אביב יפו-2#,16024,2,#,מטרופולין,3,16024
144888480,8962831,38442567_210526,2026-05-21T09:00:00+00:00,2026-05-21T10:06:59+00:00,2026-05-21,22825,15,24,מסוף כרמלית/הכרמל-תל אביב יפו<->מסוף קדמה-רמת השרון-1#,16024,1,#,מטרופולין,3,16024
144894311,8962832,584906397_210526,2026-05-21T09:15:00+00:00,2026-05-21T10:21:25+00:00,2026-05-21,22826,15,24,מסוף קדמה-רמת השרון<->מסוף כרמלית/הכרמל-תל אביב יפו-2#,16024,2,#,מטרופולין,3,16024
144916378,8962831,37588120_210526,2026-05-21T09:30:00+00:00,2026-05-21T10:36:59+00:00,2026-05-21,22825,15,24,מסוף כרמלית/הכרמל-תל אביב יפו<->מסוף קדמה-רמת השרון-1#,16024,1,#,מטרופולין,3,16024
144892265,8962832,37588355_210526,2026-05-21T09:45:00+00:00,2026-05-21T10:51:25+00:00,2026-05-21,22826,15,24,מסוף קדמה-רמת השרון<->מסוף כרמלית/הכרמל-תל אביב יפו-2#,16024,2,#,מטרופולין,3,16024
144892259,8962831,38442569_210526,2026-05-21T10:00:00+00:00,2026-05-21T11:06:59+00:00,2026-05-21,22825,15,24,מסוף כרמלית/הכרמל-תל אביב יפו<->מסוף קדמה-רמת השרון-1#,16024,1,#,מטרופולין,3,16024
144889262,8962832,584906984_210526,2026-05-21T10:15:00+00:00,2026-05-21T11:21:25+00:00,2026-05-21,22826,15,24,מסוף קדמה-רמת השרון<->מסוף כרמלית/הכרמל-תל אביב יפו-2#,16024,2,#,מטרופולין,3,16024
144889375,8962831,37588123_210526,2026-05-21T10:30:00+00:00,2026-05-21T11:36:59+00:00,2026-05-21,22825,15,24,מסוף כרמלית/הכרמל-תל אביב יפו<->מסוף קדמה-רמת השרון-1#,16024,1,#,מטרופולין,3,16024
144889259,8962832,37588358_210526,2026-05-21T10:45:00+00:00,2026-05-21T11:51:25+00:00,2026-05-21,22826,15,24,מסוף קדמה-רמת השרון<->מסוף כרמלית/הכרמל-תל אביב יפו-2#,16024,2,#,מטרופולין,3,16024
144894686,8962831,38442571_210526,2026-05-21T11:00:00+00:00,2026-05-21T12:06:59+00:00,2026-05-21,22825,15,24,מסוף כרמלית/הכרמל-תל אביב יפו<->מסוף קדמה-רמת השרון-1#,16024,1,#,מטרופולין,3,16024
144888629,8962832,585478906_210526,2026-05-21T11:15:00+00:00,2026-05-21T12:21:25+00:00,2026-05-21,22826,15,24,מסוף קדמה-רמת השרון<->מסוף כרמלית/הכרמל-תל אביב יפו-2#,16024,2,#,מטרופולין,3,16024
144889353,8962831,35896194_210526,2026-05-21T11:30:00+00:00,2026-05-21T12:36:59+00:00,2026-05-21,22825,15,24,מסוף כרמלית/הכרמל-תל אביב יפו<->מסוף קדמה-רמת השרון-1#,16024,1,#,מטרופולין,3,16024
144889260,8962832,37588361_210526,2026-05-21T11:45:00+00:00,2026-05-21T12:51:25+00:00,2026-05-21,22826,15,24,מסוף קדמה-רמת השרון<->מסוף כרמלית/הכרמל-תל אביב יפו-2#,16024,2,#,מטרופולין,3,16024
144916376,8962831,35896212_210526,2026-05-21T12:00:00+00:00,2026-05-21T13:06:59+00:00,2026-05-21,22825,15,24,מסוף כרמלית/הכרמל-תל אביב יפו<->מסוף קדמה-רמת השרון-1#,16024,1,#,מטרופולין,3,16024
144893636,8962832,47109514_210526,2026-05-21T12:15:00+00:00,2026-05-21T13:21:25+00:00,2026-05-21,22826,15,24,מסוף קדמה-רמת השרון<->מסוף כרמלית/הכרמל-תל אביב יפו-2#,16024,2,#,מטרופולין,3,16024
144892256,8962831,35896165_210526,2026-05-21T12:30:00+00:00,2026-05-21T13:36:59+00:00,2026-05-21,22825,15,24,מסוף כרמלית/הכרמל-תל אביב יפו<->מסוף קדמה-רמת השרון-1#,16024,1,#,מטרופולין,3,16024
144892266,8962832,47109515_210526,2026-05-21T12:45:00+00:00,2026-05-21T13:51:25+00:00,2026-05-21,22826,15,24,מסוף קדמה-רמת השרון<->מסוף כרמלית/הכרמל-תל אביב יפו-2#,16024,2,#,מטרופולין,3,16024
144893544,8962831,35896189_210526,2026-05-21T13:00:00+00:00,2026-05-21T14:06:59+00:00,2026-05-21,22825,15,24,מסוף כרמלית/הכרמל-תל אביב יפו<->מסוף קדמה-רמת השרון-1#,16024,1,#,מטרופולין,3,16024
144893637,8962832,47109516_210526,2026-05-21T13:15:00+00:00,2026-05-21T14:21:25+00:00,2026-05-21,22826,15,24,מסוף קדמה-רמת השרון<->מסוף כרמלית/הכרמל-תל אביב יפו-2#,16024,2,#,מטרופולין,3,16024
144894282,8962831,35896200_210526,2026-05-21T13:30:00+00:00,2026-05-21T14:36:59+00:00,2026-05-21,22825,15,24,מסוף כרמלית/הכרמל-תל אביב יפו<->מסוף קדמה-רמת השרון-1#,16024,1,#,מטרופולין,3,16024
144894706,8962832,47109517_210526,2026-05-21T13:45:00+00:00,2026-05-21T14:51:25+00:00,2026-05-21,22826,15,24,מסוף קדמה-רמת השרון<->מסוף כרמלית/הכרמל-תל אביב יפו-2#,16024,2,#,מטרופולין,3,16024
144888481,8962831,38442577_210526,2026-05-21T14:00:00+00:00,2026-05-21T15:06:59+00:00,2026-05-21,22825,15,24,מסוף כרמלית/הכרמל-תל אביב יפו<->מסוף קדמה-רמת השרון-1#,16024,1,#,מטרופולין,3,16024
144894707,8962832,47109518_210526,2026-05-21T14:15:00+00:00,2026-05-21T15:21:25+00:00,2026-05-21,22826,15,24,מסוף קדמה-רמת השרון<->מסוף כרמלית/הכרמל-תל אביב יפו-2#,16024,2,#,מטרופולין,3,16024
144596866,8942233,24060678_170526,2026-05-18T02:30:00+00:00,2026-05-18T03:27:59+00:00,2026-05-18,10119,15,249,תחנה מרכזית כפ''ס/רציפים-כפר סבא<->מסוף כרמלית/הכרמל-תל אביב יפו-1#,11249,1,#,מטרופולין,3,11249
144596220,8942234,24060838_170526,2026-05-18T02:30:00+00:00,2026-05-18T03:29:38+00:00,2026-05-18,10120,15,249,מסוף כרמלית-תל אביב יפו<->תחנה מרכזית כפ''ס/הורדה-כפר סבא-2#,11249,2,#,מטרופולין,3,11249
144596646,8942233,586152157_170526,2026-05-18T02:35:00+00:00,2026-05-18T03:32:59+00:00,2026-05-18,10119,15,249,תחנה מרכזית כפ''ס/רציפים-כפר סבא<->מסוף כרמלית/הכרמל-תל אביב יפו-1#,11249,1,#,מטרופולין,3,11249
144596870,8942233,584746430_170526,2026-05-18T02:45:00+00:00,2026-05-18T03:42:59+00:00,2026-05-18,10119,15,249,תחנה מרכזית כפ''ס/רציפים-כפר סבא<->מסוף כרמלית/הכרמל-תל אביב יפו-1#,11249,1,#,מטרופולין,3,11249
144594950,8942233,5668671_170526,2026-05-18T03:00:00+00:00,2026-05-18T03:57:59+00:00,2026-05-18,10119,15,249,תחנה מרכזית כפ''ס/רציפים-כפר סבא<->מסוף כרמלית/הכרמל-תל אביב יפו-1#,11249,1,#,מטרופולין,3,11249
144554143,8942234,5668796_170526,2026-05-18T03:00:00+00:00,2026-05-18T03:59:38+00:00,2026-05-18,10120,15,249,מסוף כרמלית-תל אביב יפו<->תחנה מרכזית כפ''ס/הורדה-כפר סבא-2#,11249,2,#,מטרופולין,3,11249
144596871,8942233,585874295_170526,2026-05-18T03:10:00+00:00,2026-05-18T04:07:59+00:00,2026-05-18,10119,15,249,תחנה מרכזית כפ''ס/רציפים-כפר סבא<->מסוף כרמלית/הכרמל-תל אביב יפו-1#,11249,1,#,מטרופולין,3,11249
144594951,8942233,56758179_170526,2026-05-18T03:20:00+00:00,2026-05-18T04:17:59+00:00,2026-05-18,10119,15,249,תחנה מרכזית כפ''ס/רציפים-כפר סבא<->מסוף כרמלית/הכרמל-תל אביב יפו-1#,11249,1,#,מטרופולין,3,11249
144596897,8942234,5668801_170526,2026-05-18T03:30:00+00:00,2026-05-18T04:29:38+00:00,2026-05-18,10120,15,249,מסוף כרמלית-תל אביב יפו<->תחנה מרכזית כפ''ס/הורדה-כפר סבא-2#,11249,2,#,מטרופולין,3,11249
144592805,8942233,5668676_170526,2026-05-18T03:30:00+00:00,2026-05-18T04:27:59+00:00,2026-05-18,10119,15,249,תחנה מרכזית כפ''ס/רציפים-כפר סבא<->מסוף כרמלית/הכרמל-תל אביב יפו-1#,11249,1,#,מטרופולין,3,11249
144554136,8942233,11524995_170526,2026-05-18T03:45:00+00:00,2026-05-18T04:42:59+00:00,2026-05-18,10119,15,249,תחנה מרכזית כפ''ס/רציפים-כפר סבא<->מסוף כרמלית/הכרמל-תל אביב יפו-1#,11249,1,#,מטרופולין,3,11249
144596875,8942233,5938796_170526,2026-05-18T04:00:00+00:00,2026-05-18T04:57:59+00:00,2026-05-18,10119,15,249,תחנה מרכזית כפ''ס/רציפים-כפר סבא<->מסוף כרמלית/הכרמל-תל אביב יפו-1#,11249,1,#,מטרופולין,3,11249
144596664,8942234,5668806_170526,2026-05-18T04:00:00+00:00,2026-05-18T04:59:38+00:00,2026-05-18,10120,15,249,מסוף כרמלית-תל אביב יפו<->תחנה מרכזית כפ''ס/הורדה-כפר סבא-2#,11249,2,#,מטרופולין,3,11249
144554138,8942233,585511880_170526,2026-05-18T04:12:00+00:00,2026-05-18T05:09:59+00:00,2026-05-18,10119,15,249,תחנה מרכזית כפ''ס/רציפים-כפר סבא<->מסוף כרמלית/הכרמל-תל אביב יפו-1#,11249,1,#,מטרופולין,3,11249
144592904,8942234,585511851_170526,2026-05-18T04:15:00+00:00,2026-05-18T05:14:38+00:00,2026-05-18,10120,15,249,מסוף כרמלית-תל אביב יפו<->תחנה מרכזית כפ''ס/הורדה-כפר סבא-2#,11249,2,#,מטרופולין,3,11249
144594953,8942233,585511881_170526,2026-05-18T04:24:00+00:00,2026-05-18T05:21:59+00:00,2026-05-18,10119,15,249,תחנה מרכזית כפ''ס/רציפים-כפר סבא<->מסוף כרמלית/הכרמל-תל אביב יפו-1#,11249,1,#,מטרופולין,3,11249
144596898,8942234,5668811_170526,2026-05-18T04:30:00+00:00,2026-05-18T05:29:38+00:00,2026-05-18,10120,15,249,מסוף כרמלית-תל אביב יפו<->תחנה מרכזית כפ''ס/הורדה-כפר סבא-2#,11249,2,#,מטרופולין,3,11249
144592916,8942233,585511823_170526,2026-05-18T04:36:00+00:00,2026-05-18T05:33:59+00:00,2026-05-18,10119,15,249,תחנה מרכזית כפ''ס/רציפים-כפר סבא<->מסוף כרמלית/הכרמל-תל אביב יפו-1#,11249,1,#,מטרופולין,3,11249
144592936,8942234,585511831_170526,2026-05-18T04:45:00+00:00,2026-05-18T05:44:38+00:00,2026-05-18,10120,15,249,מסוף כרמלית-תל אביב יפו<->תחנה מרכזית כפ''ס/הורדה-כפר סבא-2#,11249,2,#,מטרופולין,3,11249
144592918,8942233,585511882_170526,2026-05-18T04:48:00+00:00,2026-05-18T05:45:59+00:00,2026-05-18,10119,15,249,תחנה מרכזית כפ''ס/רציפים-כפר סבא<->מסוף כרמלית/הכרמל-תל אביב יפו-1#,11249,1,#,מטרופולין,3,11249
144596647,8942233,5938806_170526,2026-05-18T05:00:00+00:00,2026-05-18T05:57:59+00:00,2026-05-18,10119,15,249,תחנה מרכזית כפ''ס/רציפים-כפר סבא<->מסוף כרמלית/הכרמל-תל אביב יפו-1#,11249,1,#,מטרופולין,3,11249
144595042,8942234,5668816_170526,2026-05-18T05:00:00+00:00,2026-05-18T05:59:38+00:00,2026-05-18,10120,15,249,מסוף כרמלית-תל אביב יפו<->תחנה מרכזית כפ''ס/הורדה-כפר סבא-2#,11249,2,#,מטרופולין,3,11249
144554137,8942233,585511824_170526,2026-05-18T05:12:00+00:00,2026-05-18T06:09:59+00:00,2026-05-18,10119,15,249,תחנה מרכזית כפ''ס/רציפים-כפר סבא<->מסוף כרמלית/הכרמל-תל אביב יפו-1#,11249,1,#,מטרופולין,3,11249
144592934,8942234,584746448_170526,2026-05-18T05:15:00+00:00,2026-05-18T06:14:38+00:00,2026-05-18,10120,15,249,מסוף כרמלית-תל אביב יפו<->תחנה מרכזית כפ''ס/הורדה-כפר סבא-2#,11249,2,#,מטרופולין,3,11249
144594954,8942233,585511883_170526,2026-05-18T05:24:00+00:00,2026-05-18T06:21:59+00:00,2026-05-18,10119,15,249,תחנה מרכזית כפ''ס/רציפים-כפר סבא<->מסוף כרמלית/הכרמל-תל אביב יפו-1#,11249,1,#,מטרופולין,3,11249
144554144,8942234,5668821_170526,2026-05-18T05:30:00+00:00,2026-05-18T06:29:38+00:00,2026-05-18,10120,15,249,מסוף כרמלית-תל אביב יפו<->תחנה מרכזית כפ''ס/הורדה-כפר סבא-2#,11249,2,#,מטרופולין,3,11249
144596274,8942233,585511884_170526,2026-05-18T05:36:00+00:00,2026-05-18T06:33:59+00:00,2026-05-18,10119,15,249,תחנה מרכזית כפ''ס/רציפים-כפר סבא<->מסוף כרמלית/הכרמל-תל אביב יפו-1#,11249,1,#,מטרופולין,3,11249
144592935,8942234,584746449_170526,2026-05-18T05:45:00+00:00,2026-05-18T06:44:38+00:00,2026-05-18,10120,15,249,מסוף כרמלית-תל אביב יפו<->תחנה מרכזית כפ''ס/הורדה-כפר סבא-2#,11249,2,#,מטרופולין,3,11249
144592917,8942233,585511825_170526,2026-05-18T05:48:00+00:00,2026-05-18T06:45:59+00:00,2026-05-18,10119,15,249,תחנה מרכזית כפ''ס/רציפים-כפר סבא<->מסוף כרמלית/הכרמל-תל אביב יפו-1#,11249,1,#,מטרופולין,3,11249
144596272,8942233,5668711_170526,2026-05-18T06:00:00+00:00,2026-05-18T06:57:59+00:00,2026-05-18,10119,15,249,תחנה מרכזית כפ''ס/רציפים-כפר סבא<->מסוף כרמלית/הכרמל-תל אביב יפו-1#,11249,1,#,מטרופולין,3,11249
144595043,8942234,5668826_170526,2026-05-18T06:00:00+00:00,2026-05-18T06:59:38+00:00,2026-05-18,10120,15,249,מסוף כרמלית-תל אביב יפו<->תחנה מרכזית כפ''ס/הורדה-כפר סבא-2#,11249,2,#,מטרופולין,3,11249
144594956,8942233,585887538_170526,2026-05-18T06:20:00+00:00,2026-05-18T07:17:59+00:00,2026-05-18,10119,15,249,תחנה מרכזית כפ''ס/רציפים-כפר סבא<->מסוף כרמלית/הכרמל-תל אביב יפו-1#,11249,1,#,מטרופולין,3,11249
144596224,8942234,585888016_170526,2026-05-18T06:25:00+00:00,2026-05-18T07:24:38+00:00,2026-05-18,10120,15,249,מסוף כרמלית-תל אביב יפו<->תחנה מרכזית כפ''ס/הורדה-כפר סבא-2#,11249,2,#,מטרופולין,3,11249
144592920,8942233,585887539_170526,2026-05-18T06:40:00+00:00,2026-05-18T07:37:59+00:00,2026-05-18,10119,15,249,תחנה מרכזית כפ''ס/רציפים-כפר סבא<->מסוף כרמלית/הכרמל-תל אביב יפו-1#,11249,1,#,מטרופולין,3,11249
144596283,8942234,585888017_170526,2026-05-18T06:50:00+00:00,2026-05-18T07:49:38+00:00,2026-05-18,10120,15,249,מסוף כרמלית-תל אביב יפו<->תחנה מרכזית כפ''ס/הורדה-כפר סבא-2#,11249,2,#,מטרופולין,3,11249
144596869,8942233,5668721_170526,2026-05-18T07:00:00+00:00,2026-05-18T07:57:59+00:00,2026-05-18,10119,15,249,תחנה מרכזית כפ''ס/רציפים-כפר סבא<->מסוף כרמלית/הכרמל-תל אביב יפו-1#,11249,1,#,מטרופולין,3,11249
144596899,8942234,585874340_170526,2026-05-18T07:15:00+00:00,2026-05-18T08:14:38+00:00,2026-05-18,10120,15,249,מסוף כרמלית-תל אביב יפו<->תחנה מרכזית כפ''ס/הורדה-כפר סבא-2#,11249,2,#,מטרופולין,3,11249
144592807,8942233,585887540_170526,2026-05-18T07:25:00+00:00,2026-05-18T08:22:59+00:00,2026-05-18,10119,15,249,תחנה מרכזית כפ''ס/רציפים-כפר סבא<->מסוף כרמלית/הכרמל-תל אביב יפו-1#,11249,1,#,מטרופולין,3,11249
144592903,8942234,56157572_170526,2026-05-18T07:40:00+00:00,2026-05-18T08:39:38+00:00,2026-05-18,10120,15,249,מסוף כרמלית-תל אביב יפו<->תחנה מרכזית כפ''ס/הורדה-כפר סבא-2#,11249,2,#,מטרופולין,3,11249
144596275,8942233,585874299_170526,2026-05-18T07:50:00+00:00,2026-05-18T08:47:59+00:00,2026-05-18,10119,15,249,תחנה מרכזית כפ''ס/רציפים-כפר סבא<->מסוף כרמלית/הכרמל-תל אביב יפו-1#,11249,1,#,מטרופולין,3,11249
144592905,8942234,585888018_170526,2026-05-18T08:05:00+00:00,2026-05-18T09:04:38+00:00,2026-05-18,10120,15,249,מסוף כרמלית-תל אביב יפו<->תחנה מרכזית כפ''ס/הורדה-כפר סבא-2#,11249,2,#,מטרופולין,3,11249
144594957,8942233,585887541_170526,2026-05-18T08:15:00+00:00,2026-05-18T09:12:59+00:00,2026-05-18,10119,15,249,תחנה מרכזית כפ''ס/רציפים-כפר סבא<->מסוף כרמלית/הכרמל-תל אביב יפו-1#,11249,1,#,מטרופולין,3,11249
144554142,8942234,24060848_170526,2026-05-18T08:30:00+00:00,2026-05-18T09:29:38+00:00,2026-05-18,10120,15,249,מסוף כרמלית-תל אביב יפו<->תחנה מרכזית כפ''ס/הורדה-כפר סבא-2#,11249,2,#,מטרופולין,3,11249
144594955,8942233,585511888_170526,2026-05-18T08:40:00+00:00,2026-05-18T09:37:59+00:00,2026-05-18,10119,15,249,תחנה מרכזית כפ''ס/רציפים-כפר סבא<->מסוף כרמלית/הכרמל-תל אביב יפו-1#,11249,1,#,מטרופולין,3,11249
144596284,8942234,585888019_170526,2026-05-18T08:55:00+00:00,2026-05-18T09:54:38+00:00,2026-05-18,10120,15,249,מסוף כרמלית-תל אביב יפו<->תחנה מרכזית כפ''ס/הורדה-כפר סבא-2#,11249,2,#,מטרופולין,3,11249
144594952,8942233,584746435_170526,2026-05-18T09:05:00+00:00,2026-05-18T10:02:59+00:00,2026-05-18,10119,15,249,תחנה מרכזית כפ''ס/רציפים-כפר סבא<->מסוף כרמלית/הכרמל-תל אביב יפו-1#,11249,1,#,מטרופולין,3,11249
144595044,8942234,585511895_170526,2026-05-18T09:20:00+00:00,2026-05-18T10:19:38+00:00,2026-05-18,10120,15,249,מסוף כרמלית-תל אביב יפו<->תחנה מרכזית כפ''ס/הורדה-כפר סבא-2#,11249,2,#,מטרופולין,3,11249
144596867,8942233,27531862_170526,2026-05-18T09:30:00+00:00,2026-05-18T10:27:59+00:00,2026-05-18,10119,15,249,תחנה מרכזית כפ''ס/רציפים-כפר סבא<->מסוף כרמלית/הכרמל-תל אביב יפו-1#,11249,1,#,מטרופולין,3,11249
144596282,8942234,585874335_170526,2026-05-18T09:45:00+00:00,2026-05-18T10:44:38+00:00,2026-05-18,10120,15,249,מסוף כרמלית-תל אביב יפו<->תחנה מרכזית כפ''ס/הורדה-כפר סבא-2#,11249,2,#,מטרופולין,3,11249
144594958,8942233,585887542_170526,2026-05-18T09:55:00+00:00,2026-05-18T10:52:59+00:00,2026-05-18,10119,15,249,תחנה מרכזית כפ''ס/רציפים-כפר סבא<->מסוף כרמלית/הכרמל-תל אביב יפו-1#,11249,1,#,מטרופולין,3,11249
144595045,8942234,585888020_170526,2026-05-18T10:05:00+00:00,2026-05-18T11:04:38+00:00,2026-05-18,10120,15,249,מסוף כרמלית-תל אביב יפו<->תחנה מרכזית כפ''ס/הורדה-כפר סבא-2#,11249,2,#,מטרופולין,3,11249
144592919,8942233,585874302_170526,2026-05-18T10:20:00+00:00,2026-05-18T11:17:59+00:00,2026-05-18,10119,15,249,תחנה מרכזית כפ''ס/רציפים-כפר סבא<->מסוף כרמלית/הכרמל-תל אביב יפו-1#,11249,1,#,מטרופולין,3,11249
144596279,8942234,584746454_170526,2026-05-18T10:25:00+00:00,2026-05-18T11:24:38+00:00,2026-05-18,10120,15,249,מסוף כרמלית-תל אביב יפו<->תחנה מרכזית כפ''ס/הורדה-כפר סבא-2#,11249,2,#,מטרופולין,3,11249
144596277,8942233,585887543_170526,2026-05-18T10:45:00+00:00,2026-05-18T11:42:59+00:00,2026-05-18,10119,15,249,תחנה מרכזית כפ''ס/רציפים-כפר סבא<->מסוף כרמלית/הכרמל-תל אביב יפו-1#,11249,1,#,מטרופולין,3,11249
144554147,8942234,585874334_170526,2026-05-18T10:45:00+00:00,2026-05-18T11:44:38+00:00,2026-05-18,10120,15,249,מסוף כרמלית-תל אביב יפו<->תחנה מרכזית כפ''ס/הורדה-כפר סבא-2#,11249,2,#,מטרופולין,3,11249
144596666,8942234,585888021_170526,2026-05-18T11:05:00+00:00,2026-05-18T12:04:38+00:00,2026-05-18,10120,15,249,מסוף כרמלית-תל אביב יפו<->תחנה מרכזית כפ''ס/הורדה-כפר סבא-2#,11249,2,#,מטרופולין,3,11249
144554140,8942233,585887544_170526,2026-05-18T11:10:00+00:00,2026-05-18T12:07:59+00:00,2026-05-18,10119,15,249,תחנה מרכזית כפ''ס/רציפים-כפר סבא<->מסוף כרמלית/הכרמל-תל אביב יפו-1#,11249,1,#,מטרופולין,3,11249
144596280,8942234,585547589_170526,2026-05-18T11:20:00+00:00,2026-05-18T12:19:38+00:00,2026-05-18,10120,15,249,מסוף כרמלית-תל אביב יפו<->תחנה מרכזית כפ''ס/הורדה-כפר סבא-2#,11249,2,#,מטרופולין,3,11249
144596273,8942233,5668751_170526,2026-05-18T11:30:00+00:00,2026-05-18T12:27:59+00:00,2026-05-18,10119,15,249,תחנה מרכזית כפ''ס/רציפים-כפר סבא<->מסוף כרמלית/הכרמל-תל אביב יפו-1#,11249,1,#,מטרופולין,3,11249
144554146,8942234,585874332_170526,2026-05-18T11:35:00+00:00,2026-05-18T12:34:38+00:00,2026-05-18,10120,15,249,מסוף כרמלית-תל אביב יפו<->תחנה מרכזית כפ''ס/הורדה-כפר סבא-2#,11249,2,#,מטרופולין,3,11249
144596643,8942233,585511889_170526,2026-05-18T11:40:00+00:00,2026-05-18T12:37:59+00:00,2026-05-18,10119,15,249,תחנה מרכזית כפ''ס/רציפים-כפר סבא<->מסוף כרמלית/הכרמל-תל אביב יפו-1#,11249,1,#,מטרופולין,3,11249
144596667,8942234,585888022_170526,2026-05-18T11:50:00+00:00,2026-05-18T12:49:38+00:00,2026-05-18,10120,15,249,מסוף כרמלית-תל אביב יפו<->תחנה מרכזית כפ''ס/הורדה-כפר סבא-2#,11249,2,#,מטרופולין,3,11249
144596184,8942233,56900627_170526,2026-05-18T11:50:00+00:00,2026-05-18T12:47:59+00:00,2026-05-18,10119,15,249,תחנה מרכזית כפ''ס/רציפים-כפר סבא<->מסוף כרמלית/הכרמל-תל אביב יפו-1#,11249,1,#,מטרופולין,3,11249
144595060,8942234,585888023_170526,2026-05-18T12:05:00+00:00,2026-05-18T13:04:38+00:00,2026-05-18,10120,15,249,מסוף כרמלית-תל אביב יפו<->תחנה מרכזית כפ''ס/הורדה-כפר סבא-2#,11249,2,#,מטרופולין,3,11249
144554139,8942233,585874304_170526,2026-05-18T12:10:00+00:00,2026-05-18T13:07:59+00:00,2026-05-18,10119,15,249,תחנה מרכזית כפ''ס/רציפים-כפר סבא<->מסוף כרמלית/הכרמל-תל אביב יפו-1#,11249,1,#,מטרופולין,3,11249
144592938,8942234,585546314_170526,2026-05-18T12:20:00+00:00,2026-05-18T13:19:38+00:00,2026-05-18,10120,15,249,מסוף כרמלית-תל אביב יפו<->תחנה מרכזית כפ''ס/הורדה-כפר סבא-2#,11249,2,#,מטרופולין,3,11249
144596187,8942233,585887545_170526,2026-05-18T12:25:00+00:00,2026-05-18T13:22:59+00:00,2026-05-18,10119,15,249,תחנה מרכזית כפ''ס/רציפים-כפר סבא<->מסוף כרמלית/הכרמל-תל אביב יפו-1#,11249,1,#,מטרופולין,3,11249
144596281,8942234,585874331_170526,2026-05-18T12:35:00+00:00,2026-05-18T13:34:38+00:00,2026-05-18,10120,15,249,מסוף כרמלית-תל אביב יפו<->תחנה מרכזית כפ''ס/הורדה-כפר סבא-2#,11249,2,#,מטרופולין,3,11249
144592921,8942233,585887546_170526,2026-05-18T12:40:00+00:00,2026-05-18T13:37:59+00:00,2026-05-18,10119,15,249,תחנה מרכזית כפ''ס/רציפים-כפר סבא<->מסוף כרמלית/הכרמל-תל אביב יפו-1#,11249,1,#,מטרופולין,3,11249
144596668,8942234,585888024_170526,2026-05-18T12:50:00+00:00,2026-05-18T13:49:38+00:00,2026-05-18,10120,15,249,מסוף כרמלית-תל אביב יפו<->תחנה מרכזית כפ''ס/הורדה-כפר סבא-2#,11249,2,#,מטרופולין,3,11249
144592922,8942233,585887547_170526,2026-05-18T12:55:00+00:00,2026-05-18T13:52:59+00:00,2026-05-18,10119,15,249,תחנה מרכזית כפ''ס/רציפים-כפר סבא<->מסוף כרמלית/הכרמל-תל אביב יפו-1#,11249,1,#,מטרופולין,3,11249
144596669,8942234,585888025_170526,2026-05-18T13:05:00+00:00,2026-05-18T14:04:38+00:00,2026-05-18,10120,15,249,מסוף כרמלית-תל אביב יפו<->תחנה מרכזית כפ''ס/הורדה-כפר סבא-2#,11249,2,#,מטרופולין,3,11249
144596186,8942233,585874306_170526,2026-05-18T13:10:00+00:00,2026-05-18T14:07:59+00:00,2026-05-18,10119,15,249,תחנה מרכזית כפ''ס/רציפים-כפר סבא<->מסוף כרמלית/הכרמל-תל אביב יפו-1#,11249,1,#,מטרופולין,3,11249
144554148,8942234,585888026_170526,2026-05-18T13:20:00+00:00,2026-05-18T14:19:38+00:00,2026-05-18,10120,15,249,מסוף כרמלית-תל אביב יפו<->תחנה מרכזית כפ''ס/הורדה-כפר סבא-2#,11249,2,#,מטרופולין,3,11249
144596872,8942233,585887548_170526,2026-05-18T13:25:00+00:00,2026-05-18T14:22:59+00:00,2026-05-18,10119,15,249,תחנה מרכזית כפ''ס/רציפים-כפר סבא<->מסוף כרמלית/הכרמל-תל אביב יפו-1#,11249,1,#,מטרופולין,3,11249
144554145,8942234,585874328_170526,2026-05-18T13:35:00+00:00,2026-05-18T14:34:38+00:00,2026-05-18,10120,15,249,מסוף כרמלית-תל אביב יפו<->תחנה מרכזית כפ''ס/הורדה-כפר סבא-2#,11249,2,#,מטרופולין,3,11249
144592804,8942233,56157396_170526,2026-05-18T13:40:00+00:00,2026-05-18T14:37:59+00:00,2026-05-18,10119,15,249,תחנה מרכזית כפ''ס/רציפים-כפר סבא<->מסוף כרמלית/הכרמל-תל אביב יפו-1#,11249,1,#,מטרופולין,3,11249
144592962,8942234,585888027_170526,2026-05-18T13:50:00+00:00,2026-05-18T14:49:38+00:00,2026-05-18,10120,15,249,מסוף כרמלית-תל אביב יפו<->תחנה מרכזית כפ''ס/הורדה-כפר סבא-2#,11249,2,#,מטרופולין,3,11249
144554141,8942233,585887549_170526,2026-05-18T13:55:00+00:00,2026-05-18T14:52:59+00:00,2026-05-18,10119,15,249,תחנה מרכזית כפ''ס/רציפים-כפר סבא<->מסוף כרמלית/הכרמל-תל אביב יפו-1#,11249,1,#,מטרופולין,3,11249
144596221,8942234,584746459_170526,2026-05-18T14:05:00+00:00,2026-05-18T15:04:38+00:00,2026-05-18,10120,15,249,מסוף כרמלית-תל אביב יפו<->תחנה מרכזית כפ''ס/הורדה-כפר סבא-2#,11249,2,#,מטרופולין,3,11249
144596276,8942233,585874308_170526,2026-05-18T14:10:00+00:00,2026-05-18T15:07:59+00:00,2026-05-18,10119,15,249,תחנה מרכזית כפ''ס/רציפים-כפר סבא<->מסוף כרמלית/הכרמל-תל אביב יפו-1#,11249,1,#,מטרופולין,3,11249
144592906,8942234,8341905_170526,2026-05-18T14:20:00+00:00,2026-05-18T15:19:38+00:00,2026-05-18,10120,15,249,מסוף כרמלית-תל אביב יפו<->תחנה מרכזית כפ''ס/הורדה-כפר סבא-2#,11249,2,#,מטרופולין,3,11249
144594959,8942233,585887550_170526,2026-05-18T14:25:00+00:00,2026-05-18T15:22:59+00:00,2026-05-18,10119,15,249,תחנה מרכזית כפ''ס/רציפים-כפר סבא<->מסוף כרמלית/הכרמל-תל אביב יפו-1#,11249,1,#,מטרופולין,3,11249
144596665,8942234,585874326_170526,2026-05-18T14:35:00+00:00,2026-05-18T15:34:38+00:00,2026-05-18,10120,15,249,מסוף כרמלית-תל אביב יפו<->תחנה מרכזית כפ''ס/הורדה-כפר סבא-2#,11249,2,#,מטרופולין,3,11249
144596185,8942233,585547580_170526,2026-05-18T14:40:00+00:00,2026-05-18T15:37:59+00:00,2026-05-18,10119,15,249,תחנה מרכזית כפ''ס/רציפים-כפר סבא<->מסוף כרמלית/הכרמל-תל אביב יפו-1#,11249,1,#,מטרופולין,3,11249
144596285,8942234,585888028_170526,2026-05-18T14:50:00+00:00,2026-05-18T15:49:38+00:00,2026-05-18,10120,15,249,מסוף כרמלית-תל אביב יפו<->תחנה מרכזית כפ''ס/הורדה-כפר סבא-2#,11249,2,#,מטרופולין,3,11249
144592808,8942233,585887551_170526,2026-05-18T14:55:00+00:00,2026-05-18T15:52:59+00:00,2026-05-18,10119,15,249,תחנה מרכזית כפ''ס/רציפים-כפר סבא<->מסוף כרמלית/הכרמל-תל אביב יפו-1#,11249,1,#,מטרופולין,3,11249
144596900,8942234,585888029_170526,2026-05-18T15:05:00+00:00,2026-05-18T16:04:38+00:00,2026-05-18,10120,15,249,מסוף כרמלית-תל אביב יפו<->תחנה מרכזית כפ''ס/הורדה-כפר סבא-2#,11249,2,#,מטרופולין,3,11249
144596223,8942234,585547583_170526,2026-05-18T15:20:00+00:00,2026-05-18T16:19:38+00:00,2026-05-18,10120,15,249,מסוף כרמלית-תל אביב יפו<->תחנה מרכזית כפ''ס/הורדה-כפר סבא-2#,11249,2,#,מטרופולין,3,11249
144596873,8942233,585887552_170526,2026-05-18T15:25:00+00:00,2026-05-18T16:22:59+00:00,2026-05-18,10119,15,249,תחנה מרכזית כפ''ס/רציפים-כפר סבא<->מסוף כרמלית/הכרמל-תל אביב יפו-1#,11249,1,#,מטרופולין,3,11249
144596225,8942234,585888030_170526,2026-05-18T15:35:00+00:00,2026-05-18T16:34:38+00:00,2026-05-18,10120,15,249,מסוף כרמלית-תל אביב יפו<->תחנה מרכזית כפ''ס/הורדה-כפר סבא-2#,11249,2,#,מטרופולין,3,11249
144596644,8942233,585546312_170526,2026-05-18T15:40:00+00:00,2026-05-18T16:37:59+00:00,2026-05-18,10119,15,249,תחנה מרכזית כפ''ס/רציפים-כפר סבא<->מסוף כרמלית/הכרמל-תל אביב יפו-1#,11249,1,#,מטרופולין,3,11249
144596645,8942233,585887553_170526,2026-05-18T15:55:00+00:00,2026-05-18T16:52:59+00:00,2026-05-18,10119,15,249,תחנה מרכזית כפ''ס/רציפים-כפר סבא<->מסוף כרמלית/הכרמל-תל אביב יפו-1#,11249,1,#,מטרופולין,3,11249
144554149,8942234,585888032_170526,2026-05-18T16:05:00+00:00,2026-05-18T17:04:38+00:00,2026-05-18,10120,15,249,מסוף כרמלית-תל אביב יפו<->תחנה מרכזית כפ''ס/הורדה-כפר סבא-2#,11249,2,#,מטרופולין,3,11249
144592806,8942233,585874312_170526,2026-05-18T16:10:00+00:00,2026-05-18T17:07:59+00:00,2026-05-18,10119,15,249,תחנה מרכזית כפ''ס/רציפים-כפר סבא<->מסוף כרמלית/הכרמל-תל אביב יפו-1#,11249,1,#,מטרופולין,3,11249
144592937,8942234,585546313_170526,2026-05-18T16:20:00+00:00,2026-05-18T17:19:38+00:00,2026-05-18,10120,15,249,מסוף כרמלית-תל אביב יפו<->תחנה מרכזית כפ''ס/הורדה-כפר סבא-2#,11249,2,#,מטרופולין,3,11249
144596222,8942234,585295178_170526,2026-05-18T16:35:00+00:00,2026-05-18T17:34:38+00:00,2026-05-18,10120,15,249,מסוף כרמלית-תל אביב יפו<->תחנה מרכזית כפ''ס/הורדה-כפר סבא-2#,11249,2,#,מטרופולין,3,11249
144594960,8942233,585887554_170526,2026-05-18T16:40:00+00:00,2026-05-18T17:37:59+00:00,2026-05-18,10119,15,249,תחנה מרכזית כפ''ס/רציפים-כפר סבא<->מסוף כרמלית/הכרמל-תל אביב יפו-1#,11249,1,#,מטרופולין,3,11249
144596226,8942234,585888033_170526,2026-05-18T16:50:00+00:00,2026-05-18T17:49:38+00:00,2026-05-18,10120,15,249,מסוף כרמלית-תל אביב יפו<->תחנה מרכזית כפ''ס/הורדה-כפר סבא-2#,11249,2,#,מטרופולין,3,11249
144596901,8942234,585888034_170526,2026-05-18T17:05:00+00:00,2026-05-18T18:04:38+00:00,2026-05-18,10120,15,249,מסוף כרמלית-תל אביב יפו<->תחנה מרכזית כפ''ס/הורדה-כפר סבא-2#,11249,2,#,מטרופולין,3,11249
144596278,8942233,585887555_170526,2026-05-18T17:25:00+00:00,2026-05-18T18:22:59+00:00,2026-05-18,10119,15,249,תחנה מרכזית כפ''ס/רציפים-כפר סבא<->מסוף כרמלית/הכרמל-תל אביב יפו-1#,11249,1,#,מטרופולין,3,11249
144592963,8942234,585888035_170526,2026-05-18T17:35:00+00:00,2026-05-18T18:34:38+00:00,2026-05-18,10120,15,249,מסוף כרמלית-תל אביב יפו<->תחנה מרכזית כפ''ס/הורדה-כפר סבא-2#,11249,2,#,מטרופולין,3,11249
144554150,8942234,585888036_170526,2026-05-18T18:05:00+00:00,2026-05-18T19:04:38+00:00,2026-05-18,10120,15,249,מסוף כרמלית-תל אביב יפו<->תחנה מרכזית כפ''ס/הורדה-כפר סבא-2#,11249,2,#,מטרופולין,3,11249
144596874,8942233,585887556_170526,2026-05-18T18:10:00+00:00,2026-05-18T19:07:59+00:00,2026-05-18,10119,15,249,תחנה מרכזית כפ''ס/רציפים-כפר סבא<->מסוף כרמלית/הכרמל-תל אביב יפו-1#,11249,1,#,מטרופולין,3,11249
144596670,8942234,586152158_170526,2026-05-18T18:45:00+00:00,2026-05-18T19:44:38+00:00,2026-05-18,10120,15,249,מסוף כרמלית-תל אביב יפו<->תחנה מרכזית כפ''ס/הורדה-כפר סבא-2#,11249,2,#,מטרופולין,3,11249
144596896,8942234,13543458_170526,2026-05-18T19:00:00+00:00,2026-05-18T19:59:38+00:00,2026-05-18,10120,15,249,מסוף כרמלית-תל אביב יפו<->תחנה מרכזית כפ''ס/הורדה-כפר סבא-2#,11249,2,#,מטרופולין,3,11249
144596868,8942233,56157405_170526,2026-05-18T19:00:00+00:00,2026-05-18T19:57:59+00:00,2026-05-18,10119,15,249,תחנה מרכזית כפ''ס/רציפים-כפר סבא<->מסוף כרמלית/הכרמל-תל אביב יפו-1#,11249,1,#,מטרופולין,3,11249
144623121,8948649,24060838_180526,2026-05-19T02:30:00+00:00,2026-05-19T03:29:38+00:00,2026-05-19,10120,15,249,מסוף כרמלית-תל אביב יפו<->תחנה מרכזית כפ''ס/הורדה-כפר סבא-2#,11249,2,#,מטרופולין,3,11249
144623077,8948648,24060678_180526,2026-05-19T02:30:00+00:00,2026-05-19T03:27:59+00:00,2026-05-19,10119,15,249,תחנה מרכזית כפ''ס/רציפים-כפר סבא<->מסוף כרמלית/הכרמל-תל אביב יפו-1#,11249,1,#,מטרופולין,3,11249
144613743,8948648,586152157_180526,2026-05-19T02:35:00+00:00,2026-05-19T03:32:59+00:00,2026-05-19,10119,15,249,תחנה מרכזית כפ''ס/רציפים-כפר סבא<->מסוף כרמלית/הכרמל-תל אביב יפו-1#,11249,1,#,מטרופולין,3,11249
144698025,8948648,584746430_180526,2026-05-19T02:45:00+00:00,2026-05-19T03:42:59+00:00,2026-05-19,10119,15,249,תחנה מרכזית כפ''ס/רציפים-כפר סבא<->מסוף כרמלית/הכרמל-תל אביב יפו-1#,11249,1,#,מטרופולין,3,11249
144623078,8948648,5668671_180526,2026-05-19T03:00:00+00:00,2026-05-19T03:57:59+00:00,2026-05-19,10119,15,249,תחנה מרכזית כפ''ס/רציפים-כפר סבא<->מסוף כרמלית/הכרמל-תל אביב יפו-1#,11249,1,#,מטרופולין,3,11249
144619753,8948649,5668796_180526,2026-05-19T03:00:00+00:00,2026-05-19T03:59:38+00:00,2026-05-19,10120,15,249,מסוף כרמלית-תל אביב יפו<->תחנה מרכזית כפ''ס/הורדה-כפר סבא-2#,11249,2,#,מטרופולין,3,11249
144623120,8948648,585874295_180526,2026-05-19T03:10:00+00:00,2026-05-19T04:07:59+00:00,2026-05-19,10119,15,249,תחנה מרכזית כפ''ס/רציפים-כפר סבא<->מסוף כרמלית/הכרמל-תל אביב יפו-1#,11249,1,#,מטרופולין,3,11249
144623116,8948648,56758179_180526,2026-05-19T03:20:00+00:00,2026-05-19T04:17:59+00:00,2026-05-19,10119,15,249,תחנה מרכזית כפ''ס/רציפים-כפר סבא<->מסוף כרמלית/הכרמל-תל אביב יפו-1#,11249,1,#,מטרופולין,3,11249
144621138,8948649,5668801_180526,2026-05-19T03:30:00+00:00,2026-05-19T04:29:38+00:00,2026-05-19,10120,15,249,מסוף כרמלית-תל אביב יפו<->תחנה מרכזית כפ''ס/הורדה-כפר סבא-2#,11249,2,#,מטרופולין,3,11249
144612212,8948648,5668676_180526,2026-05-19T03:30:00+00:00,2026-05-19T04:27:59+00:00,2026-05-19,10119,15,249,תחנה מרכזית כפ''ס/רציפים-כפר סבא<->מסוף כרמלית/הכרמל-תל אביב יפו-1#,11249,1,#,מטרופולין,3,11249
144613736,8948648,11524995_180526,2026-05-19T03:45:00+00:00,2026-05-19T04:42:59+00:00,2026-05-19,10119,15,249,תחנה מרכזית כפ''ס/רציפים-כפר סבא<->מסוף כרמלית/הכרמל-תל אביב יפו-1#,11249,1,#,מטרופולין,3,11249
144615791,8948649,5668806_180526,2026-05-19T04:00:00+00:00,2026-05-19T04:59:38+00:00,2026-05-19,10120,15,249,מסוף כרמלית-תל אביב יפו<->תחנה מרכזית כפ''ס/הורדה-כפר סבא-2#,11249,2,#,מטרופולין,3,11249
144612224,8948648,5938796_180526,2026-05-19T04:00:00+00:00,2026-05-19T04:57:59+00:00,2026-05-19,10119,15,249,תחנה מרכזית כפ''ס/רציפים-כפר סבא<->מסוף כרמלית/הכרמל-תל אביב יפו-1#,11249,1,#,מטרופולין,3,11249
144615786,8948648,585511880_180526,2026-05-19T04:12:00+00:00,2026-05-19T05:09:59+00:00,2026-05-19,10119,15,249,תחנה מרכזית כפ''ס/רציפים-כפר סבא<->מסוף כרמלית/הכרמל-תל אביב יפו-1#,11249,1,#,מטרופולין,3,11249
144615793,8948649,585511851_180526,2026-05-19T04:15:00+00:00,2026-05-19T05:14:38+00:00,2026-05-19,10120,15,249,מסוף כרמלית-תל אביב יפו<->תחנה מרכזית כפ''ס/הורדה-כפר סבא-2#,11249,2,#,מטרופולין,3,11249
144623117,8948648,585511881_180526,2026-05-19T04:24:00+00:00,2026-05-19T05:21:59+00:00,2026-05-19,10119,15,249,תחנה מרכזית כפ''ס/רציפים-כפר סבא<->מסוף כרמלית/הכרמל-תל אביב יפו-1#,11249,1,#,מטרופולין,3,11249
144698030,8948649,5668811_180526,2026-05-19T04:30:00+00:00,2026-05-19T05:29:38+00:00,2026-05-19,10120,15,249,מסוף כרמלית-תל אביב יפו<->תחנה מרכזית כפ''ס/הורדה-כפר סבא-2#,11249,2,#,מטרופולין,3,11249
144613507,8948648,585511823_180526,2026-05-19T04:36:00+00:00,2026-05-19T05:33:59+00:00,2026-05-19,10119,15,249,תחנה מרכזית כפ''ס/רציפים-כפר סבא<->מסוף כרמלית/הכרמל-תל אביב יפו-1#,11249,1,#,מטרופולין,3,11249
144612226,8948649,585511831_180526,2026-05-19T04:45:00+00:00,2026-05-19T05:44:38+00:00,2026-05-19,10120,15,249,מסוף כרמלית-תל אביב יפו<->תחנה מרכזית כפ''ס/הורדה-כפר סבא-2#,11249,2,#,מטרופולין,3,11249
144613508,8948648,585511882_180526,2026-05-19T04:48:00+00:00,2026-05-19T05:45:59+00:00,2026-05-19,10119,15,249,תחנה מרכזית כפ''ס/רציפים-כפר סבא<->מסוף כרמלית/הכרמל-תל אביב יפו-1#,11249,1,#,מטרופולין,3,11249
144698031,8948649,5668816_180526,2026-05-19T05:00:00+00:00,2026-05-19T05:59:38+00:00,2026-05-19,10120,15,249,מסוף כרמלית-תל אביב יפו<->תחנה מרכזית כפ''ס/הורדה-כפר סבא-2#,11249,2,#,מטרופולין,3,11249
144612225,8948648,5938806_180526,2026-05-19T05:00:00+00:00,2026-05-19T05:57:59+00:00,2026-05-19,10119,15,249,תחנה מרכזית כפ''ס/רציפים-כפר סבא<->מסוף כרמלית/הכרמל-תל אביב יפו-1#,11249,1,#,מטרופולין,3,11249
144615785,8948648,585511824_180526,2026-05-19T05:12:00+00:00,2026-05-19T06:09:59+00:00,2026-05-19,10119,15,249,תחנה מרכזית כפ''ס/רציפים-כפר סבא<->מסוף כרמלית/הכרמל-תל אביב יפו-1#,11249,1,#,מטרופולין,3,11249
144615792,8948649,584746448_180526,2026-05-19T05:15:00+00:00,2026-05-19T06:14:38+00:00,2026-05-19,10120,15,249,מסוף כרמלית-תל אביב יפו<->תחנה מרכזית כפ''ס/הורדה-כפר סבא-2#,11249,2,#,מטרופולין,3,11249
144619749,8948648,585511883_180526,2026-05-19T05:24:00+00:00,2026-05-19T06:21:59+00:00,2026-05-19,10119,15,249,תחנה מרכזית כפ''ס/רציפים-כפר סבא<->מסוף כרמלית/הכרמל-תל אביב יפו-1#,11249,1,#,מטרופולין,3,11249
144623122,8948649,5668821_180526,2026-05-19T05:30:00+00:00,2026-05-19T06:29:38+00:00,2026-05-19,10120,15,249,מסוף כרמלית-תל אביב יפו<->תחנה מרכזית כפ''ס/הורדה-כפר סבא-2#,11249,2,#,מטרופולין,3,11249
144698026,8948648,585511884_180526,2026-05-19T05:36:00+00:00,2026-05-19T06:33:59+00:00,2026-05-19,10119,15,249,תחנה מרכזית כפ''ס/רציפים-כפר סבא<->מסוף כרמלית/הכרמל-תל אביב יפו-1#,11249,1,#,מטרופולין,3,11249
144613519,8948649,584746449_180526,2026-05-19T05:45:00+00:00,2026-05-19T06:44:38+00:00,2026-05-19,10120,15,249,מסוף כרמלית-תל אביב יפו<->תחנה מרכזית כפ''ס/הורדה-כפר סבא-2#,11249,2,#,מטרופולין,3,11249
144612214,8948648,585511825_180526,2026-05-19T05:48:00+00:00,2026-05-19T06:45:59+00:00,2026-05-19,10119,15,249,תחנה מרכזית כפ''ס/רציפים-כפר סבא<->מסוף כרמלית/הכרמל-תל אביב יפו-1#,11249,1,#,מטרופולין,3,11249
144619754,8948649,5668826_180526,2026-05-19T06:00:00+00:00,2026-05-19T06:59:38+00:00,2026-05-19,10120,15,249,מסוף כרמלית-תל אביב יפו<->תחנה מרכזית כפ''ס/הורדה-כפר סבא-2#,11249,2,#,מטרופולין,3,11249
144613738,8948648,5668711_180526,2026-05-19T06:00:00+00:00,2026-05-19T06:57:59+00:00,2026-05-19,10119,15,249,תחנה מרכזית כפ''ס/רציפים-כפר סבא<->מסוף כרמלית/הכרמל-תל אביב יפו-1#,11249,1,#,מטרופולין,3,11249
144612217,8948648,585887538_180526,2026-05-19T06:20:00+00:00,2026-05-19T07:17:59+00:00,2026-05-19,10119,15,249,תחנה מרכזית כפ''ס/רציפים-כפר סבא<->מסוף כרמלית/הכרמל-תל אביב יפו-1#,11249,1,#,מטרופולין,3,11249
144621141,8948649,585888016_180526,2026-05-19T06:25:00+00:00,2026-05-19T07:24:38+00:00,2026-05-19,10120,15,249,מסוף כרמלית-תל אביב יפו<->תחנה מרכזית כפ''ס/הורדה-כפר סבא-2#,11249,2,#,מטרופולין,3,11249
144621133,8948648,585887539_180526,2026-05-19T06:40:00+00:00,2026-05-19T07:37:59+00:00,2026-05-19,10119,15,249,תחנה מרכזית כפ''ס/רציפים-כפר סבא<->מסוף כרמלית/הכרמל-תל אביב יפו-1#,11249,1,#,מטרופולין,3,11249
144621142,8948649,585888017_180526,2026-05-19T06:50:00+00:00,2026-05-19T07:49:38+00:00,2026-05-19,10120,15,249,מסוף כרמלית-תל אביב יפו<->תחנה מרכזית כפ''ס/הורדה-כפר סבא-2#,11249,2,#,מטרופולין,3,11249
144621130,8948648,5668721_180526,2026-05-19T07:00:00+00:00,2026-05-19T07:57:59+00:00,2026-05-19,10119,15,249,תחנה מרכזית כפ''ס/רציפים-כפר סבא<->מסוף כרמלית/הכרמל-תל אביב יפו-1#,11249,1,#,מטרופולין,3,11249
144615795,8948649,585874340_180526,2026-05-19T07:15:00+00:00,2026-05-19T08:14:38+00:00,2026-05-19,10120,15,249,מסוף כרמלית-תל אביב יפו<->תחנה מרכזית כפ''ס/הורדה-כפר סבא-2#,11249,2,#,מטרופולין,3,11249
144615787,8948648,585887540_180526,2026-05-19T07:25:00+00:00,2026-05-19T08:22:59+00:00,2026-05-19,10119,15,249,תחנה מרכזית כפ''ס/רציפים-כפר סבא<->מסוף כרמלית/הכרמל-תל אביב יפו-1#,11249,1,#,מטרופולין,3,11249
144615790,8948649,56157572_180526,2026-05-19T07:40:00+00:00,2026-05-19T08:39:38+00:00,2026-05-19,10120,15,249,מסוף כרמלית-תל אביב יפו<->תחנה מרכזית כפ''ס/הורדה-כפר סבא-2#,11249,2,#,מטרופולין,3,11249
144612216,8948648,585874299_180526,2026-05-19T07:50:00+00:00,2026-05-19T08:47:59+00:00,2026-05-19,10119,15,249,תחנה מרכזית כפ''ס/רציפים-כפר סבא<->מסוף כרמלית/הכרמל-תל אביב יפו-1#,11249,1,#,מטרופולין,3,11249
144613746,8948649,585888018_180526,2026-05-19T08:05:00+00:00,2026-05-19T09:04:38+00:00,2026-05-19,10120,15,249,מסוף כרמלית-תל אביב יפו<->תחנה מרכזית כפ''ס/הורדה-כפר סבא-2#,11249,2,#,מטרופולין,3,11249
144612218,8948648,585887541_180526,2026-05-19T08:15:00+00:00,2026-05-19T09:12:59+00:00,2026-05-19,10119,15,249,תחנה מרכזית כפ''ס/רציפים-כפר סבא<->מסוף כרמלית/הכרמל-תל אביב יפו-1#,11249,1,#,מטרופולין,3,11249
144615789,8948649,24060848_180526,2026-05-19T08:30:00+00:00,2026-05-19T09:29:38+00:00,2026-05-19,10120,15,249,מסוף כרמלית-תל אביב יפו<->תחנה מרכזית כפ''ס/הורדה-כפר סבא-2#,11249,2,#,מטרופולין,3,11249
144623118,8948648,585511888_180526,2026-05-19T08:40:00+00:00,2026-05-19T09:37:59+00:00,2026-05-19,10119,15,249,תחנה מרכזית כפ''ס/רציפים-כפר סבא<->מסוף כרמלית/הכרמל-תל אביב יפו-1#,11249,1,#,מטרופולין,3,11249
144698033,8948649,585888019_180526,2026-05-19T08:55:00+00:00,2026-05-19T09:54:38+00:00,2026-05-19,10120,15,249,מסוף כרמלית-תל אביב יפו<->תחנה מרכזית כפ''ס/הורדה-כפר סבא-2#,11249,2,#,מטרופולין,3,11249
144613506,8948648,584746435_180526,2026-05-19T09:05:00+00:00,2026-05-19T10:02:59+00:00,2026-05-19,10119,15,249,תחנה מרכזית כפ''ס/רציפים-כפר סבא<->מסוף כרמלית/הכרמל-תל אביב יפו-1#,11249,1,#,מטרופולין,3,11249
144619755,8948649,585511895_180526,2026-05-19T09:20:00+00:00,2026-05-19T10:19:38+00:00,2026-05-19,10120,15,249,מסוף כרמלית-תל אביב יפו<->תחנה מרכזית כפ''ס/הורדה-כפר סבא-2#,11249,2,#,מטרופולין,3,11249
144613737,8948648,27531862_180526,2026-05-19T09:30:00+00:00,2026-05-19T10:27:59+00:00,2026-05-19,10119,15,249,תחנה מרכזית כפ''ס/רציפים-כפר סבא<->מסוף כרמלית/הכרמל-תל אביב יפו-1#,11249,1,#,מטרופולין,3,11249
144619756,8948649,585874335_180526,2026-05-19T09:45:00+00:00,2026-05-19T10:44:38+00:00,2026-05-19,10120,15,249,מסוף כרמלית-תל אביב יפו<->תחנה מרכזית כפ''ס/הורדה-כפר סבא-2#,11249,2,#,מטרופולין,3,11249
144612219,8948648,585887542_180526,2026-05-19T09:55:00+00:00,2026-05-19T10:52:59+00:00,2026-05-19,10119,15,249,תחנה מרכזית כפ''ס/רציפים-כפר סבא<->מסוף כרמלית/הכרמל-תל אביב יפו-1#,11249,1,#,מטרופולין,3,11249
144613747,8948649,585888020_180526,2026-05-19T10:05:00+00:00,2026-05-19T11:04:38+00:00,2026-05-19,10120,15,249,מסוף כרמלית-תל אביב יפו<->תחנה מרכזית כפ''ס/הורדה-כפר סבא-2#,11249,2,#,מטרופולין,3,11249
144621132,8948648,585874302_180526,2026-05-19T10:20:00+00:00,2026-05-19T11:17:59+00:00,2026-05-19,10119,15,249,תחנה מרכזית כפ''ס/רציפים-כפר סבא<->מסוף כרמלית/הכרמל-תל אביב יפו-1#,11249,1,#,מטרופולין,3,11249
144613744,8948649,584746454_180526,2026-05-19T10:25:00+00:00,2026-05-19T11:24:38+00:00,2026-05-19,10120,15,249,מסוף כרמלית-תל אביב יפו<->תחנה מרכזית כפ''ס/הורדה-כפר סבא-2#,11249,2,#,מטרופולין,3,11249
144621140,8948649,585874334_180526,2026-05-19T10:45:00+00:00,2026-05-19T11:44:38+00:00,2026-05-19,10120,15,249,מסוף כרמלית-תל אביב יפו<->תחנה מרכזית כפ''ס/הורדה-כפר סבא-2#,11249,2,#,מטרופולין,3,11249
144621134,8948648,585887543_180526,2026-05-19T10:45:00+00:00,2026-05-19T11:42:59+00:00,2026-05-19,10119,15,249,תחנה מרכזית כפ''ס/רציפים-כפר סבא<->מסוף כרמלית/הכרמל-תל אביב יפו-1#,11249,1,#,מטרופולין,3,11249
144613564,8948649,585888021_180526,2026-05-19T11:05:00+00:00,2026-05-19T12:04:38+00:00,2026-05-19,10120,15,249,מסוף כרמלית-תל אביב יפו<->תחנה מרכזית כפ''ס/הורדה-כפר סבא-2#,11249,2,#,מטרופולין,3,11249
144613740,8948648,585887544_180526,2026-05-19T11:10:00+00:00,2026-05-19T12:07:59+00:00,2026-05-19,10119,15,249,תחנה מרכזית כפ''ס/רציפים-כפר סבא<->מסוף כרמלית/הכרמל-תל אביב יפו-1#,11249,1,#,מטרופולין,3,11249
144698032,8948649,585547589_180526,2026-05-19T11:20:00+00:00,2026-05-19T12:19:38+00:00,2026-05-19,10120,15,249,מסוף כרמלית-תל אביב יפו<->תחנה מרכזית כפ''ס/הורדה-כפר סבא-2#,11249,2,#,מטרופולין,3,11249
144623079,8948648,5668751_180526,2026-05-19T11:30:00+00:00,2026-05-19T12:27:59+00:00,2026-05-19,10119,15,249,תחנה מרכזית כפ''ס/רציפים-כפר סבא<->מסוף כרמלית/הכרמל-תל אביב יפו-1#,11249,1,#,מטרופולין,3,11249
144623123,8948649,585874332_180526,2026-05-19T11:35:00+00:00,2026-05-19T12:34:38+00:00,2026-05-19,10120,15,249,מסוף כרמלית-תל אביב יפו<->תחנה מרכזית כפ''ס/הורדה-כפר סבא-2#,11249,2,#,מטרופולין,3,11249
144623119,8948648,585511889_180526,2026-05-19T11:40:00+00:00,2026-05-19T12:37:59+00:00,2026-05-19,10119,15,249,תחנה מרכזית כפ''ס/רציפים-כפר סבא<->מסוף כרמלית/הכרמל-תל אביב יפו-1#,11249,1,#,מטרופולין,3,11249
144623124,8948649,585888022_180526,2026-05-19T11:50:00+00:00,2026-05-19T12:49:38+00:00,2026-05-19,10120,15,249,מסוף כרמלית-תל אביב יפו<->תחנה מרכזית כפ''ס/הורדה-כפר סבא-2#,11249,2,#,מטרופולין,3,11249
144612213,8948648,56900627_180526,2026-05-19T11:50:00+00:00,2026-05-19T12:47:59+00:00,2026-05-19,10119,15,249,תחנה מרכזית כפ''ס/רציפים-כפר סבא<->מסוף כרמלית/הכרמל-תל אביב יפו-1#,11249,1,#,מטרופולין,3,11249
144612230,8948649,585888023_180526,2026-05-19T12:05:00+00:00,2026-05-19T13:04:38+00:00,2026-05-19,10120,15,249,מסוף כרמלית-תל אביב יפו<->תחנה מרכזית כפ''ס/הורדה-כפר סבא-2#,11249,2,#,מטרופולין,3,11249
144613509,8948648,585874304_180526,2026-05-19T12:10:00+00:00,2026-05-19T13:07:59+00:00,2026-05-19,10119,15,249,תחנה מרכזית כפ''ס/רציפים-כפר סבא<->מסוף כרמלית/הכרמל-תל אביב יפו-1#,11249,1,#,מטרופולין,3,11249
144613520,8948649,585546314_180526,2026-05-19T12:20:00+00:00,2026-05-19T13:19:38+00:00,2026-05-19,10120,15,249,מסוף כרמלית-תל אביב יפו<->תחנה מרכזית כפ''ס/הורדה-כפר סבא-2#,11249,2,#,מטרופולין,3,11249
144612220,8948648,585887545_180526,2026-05-19T12:25:00+00:00,2026-05-19T13:22:59+00:00,2026-05-19,10119,15,249,תחנה מרכזית כפ''ס/רציפים-כפר סבא<->מסוף כרמלית/הכרמל-תל אביב יפו-1#,11249,1,#,מטרופולין,3,11249
144613563,8948649,585874331_180526,2026-05-19T12:35:00+00:00,2026-05-19T13:34:38+00:00,2026-05-19,10120,15,249,מסוף כרמלית-תל אביב יפו<->תחנה מרכזית כפ''ס/הורדה-כפר סבא-2#,11249,2,#,מטרופולין,3,11249
144698027,8948648,585887546_180526,2026-05-19T12:40:00+00:00,2026-05-19T13:37:59+00:00,2026-05-19,10119,15,249,תחנה מרכזית כפ''ס/רציפים-כפר סבא<->מסוף כרמלית/הכרמל-תל אביב יפו-1#,11249,1,#,מטרופולין,3,11249
144619757,8948649,585888024_180526,2026-05-19T12:50:00+00:00,2026-05-19T13:49:38+00:00,2026-05-19,10120,15,249,מסוף כרמלית-תל אביב יפו<->תחנה מרכזית כפ''ס/הורדה-כפר סבא-2#,11249,2,#,מטרופולין,3,11249
144612221,8948648,585887547_180526,2026-05-19T12:55:00+00:00,2026-05-19T13:52:59+00:00,2026-05-19,10119,15,249,תחנה מרכזית כפ''ס/רציפים-כפר סבא<->מסוף כרמלית/הכרמל-תל אביב יפו-1#,11249,1,#,מטרופולין,3,11249
144698034,8948649,585888025_180526,2026-05-19T13:05:00+00:00,2026-05-19T14:04:38+00:00,2026-05-19,10120,15,249,מסוף כרמלית-תל אביב יפו<->תחנה מרכזית כפ''ס/הורדה-כפר סבא-2#,11249,2,#,מטרופולין,3,11249
144613739,8948648,585874306_180526,2026-05-19T13:10:00+00:00,2026-05-19T14:07:59+00:00,2026-05-19,10119,15,249,תחנה מרכזית כפ''ס/רציפים-כפר סבא<->מסוף כרמלית/הכרמל-תל אביב יפו-1#,11249,1,#,מטרופולין,3,11249
144613748,8948649,585888026_180526,2026-05-19T13:20:00+00:00,2026-05-19T14:19:38+00:00,2026-05-19,10120,15,249,מסוף כרמלית-תל אביב יפו<->תחנה מרכזית כפ''ס/הורדה-כפר סבא-2#,11249,2,#,מטרופולין,3,11249
144613741,8948648,585887548_180526,2026-05-19T13:25:00+00:00,2026-05-19T14:22:59+00:00,2026-05-19,10119,15,249,תחנה מרכזית כפ''ס/רציפים-כפר סבא<->מסוף כרמלית/הכרמל-תל אביב יפו-1#,11249,1,#,מטרופולין,3,11249
144612229,8948649,585874328_180526,2026-05-19T13:35:00+00:00,2026-05-19T14:34:38+00:00,2026-05-19,10120,15,249,מסוף כרמלית-תל אביב יפו<->תחנה מרכזית כפ''ס/הורדה-כפר סבא-2#,11249,2,#,מטרופולין,3,11249
144615784,8948648,56157396_180526,2026-05-19T13:40:00+00:00,2026-05-19T14:37:59+00:00,2026-05-19,10119,15,249,תחנה מרכזית כפ''ס/רציפים-כפר סבא<->מסוף כרמלית/הכרמל-תל אביב יפו-1#,11249,1,#,מטרופולין,3,11249
144615796,8948649,585888027_180526,2026-05-19T13:50:00+00:00,2026-05-19T14:49:38+00:00,2026-05-19,10120,15,249,מסוף כרמלית-תל אביב יפו<->תחנה מרכזית כפ''ס/הורדה-כפר סבא-2#,11249,2,#,מטרופולין,3,11249
144698028,8948648,585887549_180526,2026-05-19T13:55:00+00:00,2026-05-19T14:52:59+00:00,2026-05-19,10119,15,249,תחנה מרכזית כפ''ס/רציפים-כפר סבא<->מסוף כרמלית/הכרמל-תל אביב יפו-1#,11249,1,#,מטרופולין,3,11249
144621139,8948649,584746459_180526,2026-05-19T14:05:00+00:00,2026-05-19T15:04:38+00:00,2026-05-19,10120,15,249,מסוף כרמלית-תל אביב יפו<->תחנה מרכזית כפ''ס/הורדה-כפר סבא-2#,11249,2,#,מטרופולין,3,11249
144619750,8948648,585874308_180526,2026-05-19T14:10:00+00:00,2026-05-19T15:07:59+00:00,2026-05-19,10119,15,249,תחנה מרכזית כפ''ס/רציפים-כפר סבא<->מסוף כרמלית/הכרמל-תל אביב יפו-1#,11249,1,#,מטרופולין,3,11249
144623126,8948649,8341905_180526,2026-05-19T14:20:00+00:00,2026-05-19T15:19:38+00:00,2026-05-19,10120,15,249,מסוף כרמלית-תל אביב יפו<->תחנה מרכזית כפ''ס/הורדה-כפר סבא-2#,11249,2,#,מטרופולין,3,11249
144615788,8948648,585887550_180526,2026-05-19T14:25:00+00:00,2026-05-19T15:22:59+00:00,2026-05-19,10119,15,249,תחנה מרכזית כפ''ס/רציפים-כפר סבא<->מסוף כרמלית/הכרמל-תל אביב יפו-1#,11249,1,#,מטרופולין,3,11249
144612228,8948649,585874326_180526,2026-05-19T14:35:00+00:00,2026-05-19T15:34:38+00:00,2026-05-19,10120,15,249,מסוף כרמלית-תל אביב יפו<->תחנה מרכזית כפ''ס/הורדה-כפר סבא-2#,11249,2,#,מטרופולין,3,11249
144612215,8948648,585547580_180526,2026-05-19T14:40:00+00:00,2026-05-19T15:37:59+00:00,2026-05-19,10119,15,249,תחנה מרכזית כפ''ס/רציפים-כפר סבא<->מסוף כרמלית/הכרמל-תל אביב יפו-1#,11249,1,#,מטרופולין,3,11249
144613646,8948649,585888028_180526,2026-05-19T14:50:00+00:00,2026-05-19T15:49:38+00:00,2026-05-19,10120,15,249,מסוף כרמלית-תל אביב יפו<->תחנה מרכזית כפ''ס/הורדה-כפר סבא-2#,11249,2,#,מטרופולין,3,11249
144613742,8948648,585887551_180526,2026-05-19T14:55:00+00:00,2026-05-19T15:52:59+00:00,2026-05-19,10119,15,249,תחנה מרכזית כפ''ס/רציפים-כפר סבא<->מסוף כרמלית/הכרמל-תל אביב יפו-1#,11249,1,#,מטרופולין,3,11249
144623125,8948649,585888029_180526,2026-05-19T15:05:00+00:00,2026-05-19T16:04:38+00:00,2026-05-19,10120,15,249,מסוף כרמלית-תל אביב יפו<->תחנה מרכזית כפ''ס/הורדה-כפר סבא-2#,11249,2,#,מטרופולין,3,11249
144615794,8948649,585547583_180526,2026-05-19T15:20:00+00:00,2026-05-19T16:19:38+00:00,2026-05-19,10120,15,249,מסוף כרמלית-תל אביב יפו<->תחנה מרכזית כפ''ס/הורדה-כפר סבא-2#,11249,2,#,מטרופולין,3,11249
144612222,8948648,585887552_180526,2026-05-19T15:25:00+00:00,2026-05-19T16:22:59+00:00,2026-05-19,10119,15,249,תחנה מרכזית כפ''ס/רציפים-כפר סבא<->מסוף כרמלית/הכרמל-תל אביב יפו-1#,11249,1,#,מטרופולין,3,11249
144621143,8948649,585888030_180526,2026-05-19T15:35:00+00:00,2026-05-19T16:34:38+00:00,2026-05-19,10120,15,249,מסוף כרמלית-תל אביב יפו<->תחנה מרכזית כפ''ס/הורדה-כפר סבא-2#,11249,2,#,מטרופולין,3,11249
144621131,8948648,585546312_180526,2026-05-19T15:40:00+00:00,2026-05-19T16:37:59+00:00,2026-05-19,10119,15,249,תחנה מרכזית כפ''ס/רציפים-כפר סבא<->מסוף כרמלית/הכרמל-תל אביב יפו-1#,11249,1,#,מטרופולין,3,11249
144612223,8948648,585887553_180526,2026-05-19T15:55:00+00:00,2026-05-19T16:52:59+00:00,2026-05-19,10119,15,249,תחנה מרכזית כפ''ס/רציפים-כפר סבא<->מסוף כרמלית/הכרמל-תל אביב יפו-1#,11249,1,#,מטרופולין,3,11249
144613749,8948649,585888032_180526,2026-05-19T16:05:00+00:00,2026-05-19T17:04:38+00:00,2026-05-19,10120,15,249,מסוף כרמלית-תל אביב יפו<->תחנה מרכזית כפ''ס/הורדה-כפר סבא-2#,11249,2,#,מטרופולין,3,11249
144613510,8948648,585874312_180526,2026-05-19T16:10:00+00:00,2026-05-19T17:07:59+00:00,2026-05-19,10119,15,249,תחנה מרכזית כפ''ס/רציפים-כפר סבא<->מסוף כרמלית/הכרמל-תל אביב יפו-1#,11249,1,#,מטרופולין,3,11249
144612227,8948649,585546313_180526,2026-05-19T16:20:00+00:00,2026-05-19T17:19:38+00:00,2026-05-19,10120,15,249,מסוף כרמלית-תל אביב יפו<->תחנה מרכזית כפ''ס/הורדה-כפר סבא-2#,11249,2,#,מטרופולין,3,11249
144613745,8948649,585295178_180526,2026-05-19T16:35:00+00:00,2026-05-19T17:34:38+00:00,2026-05-19,10120,15,249,מסוף כרמלית-תל אביב יפו<->תחנה מרכזית כפ''ס/הורדה-כפר סבא-2#,11249,2,#,מטרופולין,3,11249
144621135,8948648,585887554_180526,2026-05-19T16:40:00+00:00,2026-05-19T17:37:59+00:00,2026-05-19,10119,15,249,תחנה מרכזית כפ''ס/רציפים-כפר סבא<->מסוף כרמלית/הכרמל-תל אביב יפו-1#,11249,1,#,מטרופולין,3,11249
144613647,8948649,585888033_180526,2026-05-19T16:50:00+00:00,2026-05-19T17:49:38+00:00,2026-05-19,10120,15,249,מסוף כרמלית-תל אביב יפו<->תחנה מרכזית כפ''ס/הורדה-כפר סבא-2#,11249,2,#,מטרופולין,3,11249
144621144,8948649,585888034_180526,2026-05-19T17:05:00+00:00,2026-05-19T18:04:38+00:00,2026-05-19,10120,15,249,מסוף כרמלית-תל אביב יפו<->תחנה מרכזית כפ''ס/הורדה-כפר סבא-2#,11249,2,#,מטרופולין,3,11249
144621136,8948648,585887555_180526,2026-05-19T17:25:00+00:00,2026-05-19T18:22:59+00:00,2026-05-19,10119,15,249,תחנה מרכזית כפ''ס/רציפים-כפר סבא<->מסוף כרמלית/הכרמל-תל אביב יפו-1#,11249,1,#,מטרופולין,3,11249
144612231,8948649,585888035_180526,2026-05-19T17:35:00+00:00,2026-05-19T18:34:38+00:00,2026-05-19,10120,15,249,מסוף כרמלית-תל אביב יפו<->תחנה מרכזית כפ''ס/הורדה-כפר סבא-2#,11249,2,#,מטרופולין,3,11249
144615797,8948649,585888036_180526,2026-05-19T18:05:00+00:00,2026-05-19T19:04:38+00:00,2026-05-19,10120,15,249,מסוף כרמלית-תל אביב יפו<->תחנה מרכזית כפ''ס/הורדה-כפר סבא-2#,11249,2,#,מטרופולין,3,11249
144621137,8948648,585887556_180526,2026-05-19T18:10:00+00:00,2026-05-19T19:07:59+00:00,2026-05-19,10119,15,249,תחנה מרכזית כפ''ס/רציפים-כפר סבא<->מסוף כרמלית/הכרמל-תל אביב יפו-1#,11249,1,#,מטרופולין,3,11249
144612232,8948649,586152158_180526,2026-05-19T18:45:00+00:00,2026-05-19T19:44:38+00:00,2026-05-19,10120,15,249,מסוף כרמלית-תל אביב יפו<->תחנה מרכזית כפ''ס/הורדה-כפר סבא-2#,11249,2,#,מטרופולין,3,11249
144698029,8948649,13543458_180526,2026-05-19T19:00:00+00:00,2026-05-19T19:59:38+00:00,2026-05-19,10120,15,249,מסוף כרמלית-תל אביב יפו<->תחנה מרכזית כפ''ס/הורדה-כפר סבא-2#,11249,2,#,מטרופולין,3,11249
144698024,8948648,56157405_180526,2026-05-19T19:00:00+00:00,2026-05-19T19:57:59+00:00,2026-05-19,10119,15,249,תחנה מרכזית כפ''ס/רציפים-כפר סבא<->מסוף כרמלית/הכרמל-תל אביב יפו-1#,11249,1,#,מטרופולין,3,11249
144762428,8955056,24060838_190526,2026-05-20T02:30:00+00:00,2026-05-20T03:29:38+00:00,2026-05-20,10120,15,249,מסוף כרמלית-תל אביב יפו<->תחנה מרכזית כפ''ס/הורדה-כפר סבא-2#,11249,2,#,מטרופולין,3,11249
144758872,8955055,24060678_190526,2026-05-20T02:30:00+00:00,2026-05-20T03:27:59+00:00,2026-05-20,10119,15,249,תחנה מרכזית כפ''ס/רציפים-כפר סבא<->מסוף כרמלית/הכרמל-תל אביב יפו-1#,11249,1,#,מטרופולין,3,11249
144761589,8955055,586152157_190526,2026-05-20T02:35:00+00:00,2026-05-20T03:32:59+00:00,2026-05-20,10119,15,249,תחנה מרכזית כפ''ס/רציפים-כפר סבא<->מסוף כרמלית/הכרמל-תל אביב יפו-1#,11249,1,#,מטרופולין,3,11249
144761585,8955055,584746430_190526,2026-05-20T02:45:00+00:00,2026-05-20T03:42:59+00:00,2026-05-20,10119,15,249,תחנה מרכזית כפ''ס/רציפים-כפר סבא<->מסוף כרמלית/הכרמל-תל אביב יפו-1#,11249,1,#,מטרופולין,3,11249
144762439,8955055,5668671_190526,2026-05-20T03:00:00+00:00,2026-05-20T03:57:59+00:00,2026-05-20,10119,15,249,תחנה מרכזית כפ''ס/רציפים-כפר סבא<->מסוף כרמלית/הכרמל-תל אביב יפו-1#,11249,1,#,מטרופולין,3,11249
144762429,8955056,5668796_190526,2026-05-20T03:00:00+00:00,2026-05-20T03:59:38+00:00,2026-05-20,10120,15,249,מסוף כרמלית-תל אביב יפו<->תחנה מרכזית כפ''ס/הורדה-כפר סבא-2#,11249,2,#,מטרופולין,3,11249
144762241,8955055,585874295_190526,2026-05-20T03:10:00+00:00,2026-05-20T04:07:59+00:00,2026-05-20,10119,15,249,תחנה מרכזית כפ''ס/רציפים-כפר סבא<->מסוף כרמלית/הכרמל-תל אביב יפו-1#,11249,1,#,מטרופולין,3,11249
144762238,8955055,56758179_190526,2026-05-20T03:20:00+00:00,2026-05-20T04:17:59+00:00,2026-05-20,10119,15,249,תחנה מרכזית כפ''ס/רציפים-כפר סבא<->מסוף כרמלית/הכרמל-תל אביב יפו-1#,11249,1,#,מטרופולין,3,11249
144759751,8955055,5668676_190526,2026-05-20T03:30:00+00:00,2026-05-20T04:27:59+00:00,2026-05-20,10119,15,249,תחנה מרכזית כפ''ס/רציפים-כפר סבא<->מסוף כרמלית/הכרמל-תל אביב יפו-1#,11249,1,#,מטרופולין,3,11249
144758878,8955056,5668801_190526,2026-05-20T03:30:00+00:00,2026-05-20T04:29:38+00:00,2026-05-20,10120,15,249,מסוף כרמלית-תל אביב יפו<->תחנה מרכזית כפ''ס/הורדה-כפר סבא-2#,11249,2,#,מטרופולין,3,11249
144760678,8955055,11524995_190526,2026-05-20T03:45:00+00:00,2026-05-20T04:42:59+00:00,2026-05-20,10119,15,249,תחנה מרכזית כפ''ס/רציפים-כפר סבא<->מסוף כרמלית/הכרמל-תל אביב יפו-1#,11249,1,#,מטרופולין,3,11249
144762430,8955056,5668806_190526,2026-05-20T04:00:00+00:00,2026-05-20T04:59:38+00:00,2026-05-20,10120,15,249,מסוף כרמלית-תל אביב יפו<->תחנה מרכזית כפ''ס/הורדה-כפר סבא-2#,11249,2,#,מטרופולין,3,11249
144758877,8955055,5938796_190526,2026-05-20T04:00:00+00:00,2026-05-20T04:57:59+00:00,2026-05-20,10119,15,249,תחנה מרכזית כפ''ס/רציפים-כפר סבא<->מסוף כרמלית/הכרמל-תל אביב יפו-1#,11249,1,#,מטרופולין,3,11249
144842765,8955055,585511880_190526,2026-05-20T04:12:00+00:00,2026-05-20T05:09:59+00:00,2026-05-20,10119,15,249,תחנה מרכזית כפ''ס/רציפים-כפר סבא<->מסוף כרמלית/הכרמל-תל אביב יפו-1#,11249,1,#,מטרופולין,3,11249
144758881,8955056,585511851_190526,2026-05-20T04:15:00+00:00,2026-05-20T05:14:38+00:00,2026-05-20,10120,15,249,מסוף כרמלית-תל אביב יפו<->תחנה מרכזית כפ''ס/הורדה-כפר סבא-2#,11249,2,#,מטרופולין,3,11249
144842766,8955055,585511881_190526,2026-05-20T04:24:00+00:00,2026-05-20T05:21:59+00:00,2026-05-20,10119,15,249,תחנה מרכזית כפ''ס/רציפים-כפר סבא<->מסוף כרמלית/הכרמל-תל אביב יפו-1#,11249,1,#,מטרופולין,3,11249
144762513,8955056,5668811_190526,2026-05-20T04:30:00+00:00,2026-05-20T05:29:38+00:00,2026-05-20,10120,15,249,מסוף כרמלית-תל אביב יפו<->תחנה מרכזית כפ''ס/הורדה-כפר סבא-2#,11249,2,#,מטרופולין,3,11249
144760684,8955055,585511823_190526,2026-05-20T04:36:00+00:00,2026-05-20T05:33:59+00:00,2026-05-20,10119,15,249,תחנה מרכזית כפ''ס/רציפים-כפר סבא<->מסוף כרמלית/הכרמל-תל אביב יפו-1#,11249,1,#,מטרופולין,3,11249
144761606,8955056,585511831_190526,2026-05-20T04:45:00+00:00,2026-05-20T05:44:38+00:00,2026-05-20,10120,15,249,מסוף כרמלית-תל אביב יפו<->תחנה מרכזית כפ''ס/הורדה-כפר סבא-2#,11249,2,#,מטרופולין,3,11249
144762443,8955055,585511882_190526,2026-05-20T04:48:00+00:00,2026-05-20T05:45:59+00:00,2026-05-20,10119,15,249,תחנה מרכזית כפ''ס/רציפים-כפר סבא<->מסוף כרמלית/הכרמל-תל אביב יפו-1#,11249,1,#,מטרופולין,3,11249
144760704,8955055,5938806_190526,2026-05-20T05:00:00+00:00,2026-05-20T05:57:59+00:00,2026-05-20,10119,15,249,תחנה מרכזית כפ''ס/רציפים-כפר סבא<->מסוף כרמלית/הכרמל-תל אביב יפו-1#,11249,1,#,מטרופולין,3,11249
144759845,8955056,5668816_190526,2026-05-20T05:00:00+00:00,2026-05-20T05:59:38+00:00,2026-05-20,10120,15,249,מסוף כרמלית-תל אביב יפו<->תחנה מרכזית כפ''ס/הורדה-כפר סבא-2#,11249,2,#,מטרופולין,3,11249
144761586,8955055,585511824_190526,2026-05-20T05:12:00+00:00,2026-05-20T06:09:59+00:00,2026-05-20,10119,15,249,תחנה מרכזית כפ''ס/רציפים-כפר סבא<->מסוף כרמלית/הכרמל-תל אביב יפו-1#,11249,1,#,מטרופולין,3,11249
144759846,8955056,584746448_190526,2026-05-20T05:15:00+00:00,2026-05-20T06:14:38+00:00,2026-05-20,10120,15,249,מסוף כרמלית-תל אביב יפו<->תחנה מרכזית כפ''ס/הורדה-כפר סבא-2#,11249,2,#,מטרופולין,3,11249
144762240,8955055,585511883_190526,2026-05-20T05:24:00+00:00,2026-05-20T06:21:59+00:00,2026-05-20,10119,15,249,תחנה מרכזית כפ''ס/רציפים-כפר סבא<->מסוף כרמלית/הכרמל-תל אביב יפו-1#,11249,1,#,מטרופולין,3,11249
144758879,8955056,5668821_190526,2026-05-20T05:30:00+00:00,2026-05-20T06:29:38+00:00,2026-05-20,10120,15,249,מסוף כרמלית-תל אביב יפו<->תחנה מרכזית כפ''ס/הורדה-כפר סבא-2#,11249,2,#,מטרופולין,3,11249
144762444,8955055,585511884_190526,2026-05-20T05:36:00+00:00,2026-05-20T06:33:59+00:00,2026-05-20,10119,15,249,תחנה מרכזית כפ''ס/רציפים-כפר סבא<->מסוף כרמלית/הכרמל-תל אביב יפו-1#,11249,1,#,מטרופולין,3,11249
144762514,8955056,584746449_190526,2026-05-20T05:45:00+00:00,2026-05-20T06:44:38+00:00,2026-05-20,10120,15,249,מסוף כרמלית-תל אביב יפו<->תחנה מרכזית כפ''ס/הורדה-כפר סבא-2#,11249,2,#,מטרופולין,3,11249
144762442,8955055,585511825_190526,2026-05-20T05:48:00+00:00,2026-05-20T06:45:59+00:00,2026-05-20,10119,15,249,תחנה מרכזית כפ''ס/רציפים-כפר סבא<->מסוף כרמלית/הכרמל-תל אביב יפו-1#,11249,1,#,מטרופולין,3,11249
144761605,8955056,5668826_190526,2026-05-20T06:00:00+00:00,2026-05-20T06:59:38+00:00,2026-05-20,10120,15,249,מסוף כרמלית-תל אביב יפו<->תחנה מרכזית כפ''ס/הורדה-כפר סבא-2#,11249,2,#,מטרופולין,3,11249
144758874,8955055,5668711_190526,2026-05-20T06:00:00+00:00,2026-05-20T06:57:59+00:00,2026-05-20,10119,15,249,תחנה מרכזית כפ''ס/רציפים-כפר סבא<->מסוף כרמלית/הכרמל-תל אביב יפו-1#,11249,1,#,מטרופולין,3,11249
144762447,8955055,585887538_190526,2026-05-20T06:20:00+00:00,2026-05-20T07:17:59+00:00,2026-05-20,10119,15,249,תחנה מרכזית כפ''ס/רציפים-כפר סבא<->מסוף כרמלית/הכרמל-תל אביב יפו-1#,11249,1,#,מטרופולין,3,11249
144760732,8955056,585888016_190526,2026-05-20T06:25:00+00:00,2026-05-20T07:24:38+00:00,2026-05-20,10120,15,249,מסוף כרמלית-תל אביב יפו<->תחנה מרכזית כפ''ס/הורדה-כפר סבא-2#,11249,2,#,מטרופולין,3,11249
144760701,8955055,585887539_190526,2026-05-20T06:40:00+00:00,2026-05-20T07:37:59+00:00,2026-05-20,10119,15,249,תחנה מרכזית כפ''ס/רציפים-כפר סבא<->מסוף כרמלית/הכרמל-תל אביב יפו-1#,11249,1,#,מטרופולין,3,11249
144762518,8955056,585888017_190526,2026-05-20T06:50:00+00:00,2026-05-20T07:49:38+00:00,2026-05-20,10120,15,249,מסוף כרמלית-תל אביב יפו<->תחנה מרכזית כפ''ס/הורדה-כפר סבא-2#,11249,2,#,מטרופולין,3,11249
144762440,8955055,5668721_190526,2026-05-20T07:00:00+00:00,2026-05-20T07:57:59+00:00,2026-05-20,10119,15,249,תחנה מרכזית כפ''ס/רציפים-כפר סבא<->מסוף כרמלית/הכרמל-תל אביב יפו-1#,11249,1,#,מטרופולין,3,11249
144761607,8955056,585874340_190526,2026-05-20T07:15:00+00:00,2026-05-20T08:14:38+00:00,2026-05-20,10120,15,249,מסוף כרמלית-תל אביב יפו<->תחנה מרכזית כפ''ס/הורדה-כפר סבא-2#,11249,2,#,מטרופולין,3,11249
144764631,8955055,585887540_190526,2026-05-20T07:25:00+00:00,2026-05-20T08:22:59+00:00,2026-05-20,10119,15,249,תחנה מרכזית כפ''ס/רציפים-כפר סבא<->מסוף כרמלית/הכרמל-תל אביב יפו-1#,11249,1,#,מטרופולין,3,11249
144760731,8955056,56157572_190526,2026-05-20T07:40:00+00:00,2026-05-20T08:39:38+00:00,2026-05-20,10120,15,249,מסוף כרמלית-תל אביב יפו<->תחנה מרכזית כפ''ס/הורדה-כפר סבא-2#,11249,2,#,מטרופולין,3,11249
144762445,8955055,585874299_190526,2026-05-20T07:50:00+00:00,2026-05-20T08:47:59+00:00,2026-05-20,10119,15,249,תחנה מרכזית כפ''ס/רציפים-כפר סבא<->מסוף כרמלית/הכרמל-תל אביב יפו-1#,11249,1,#,מטרופולין,3,11249
144762519,8955056,585888018_190526,2026-05-20T08:05:00+00:00,2026-05-20T09:04:38+00:00,2026-05-20,10120,15,249,מסוף כרמלית-תל אביב יפו<->תחנה מרכזית כפ''ס/הורדה-כפר סבא-2#,11249,2,#,מטרופולין,3,11249
144842769,8955055,585887541_190526,2026-05-20T08:15:00+00:00,2026-05-20T09:12:59+00:00,2026-05-20,10119,15,249,תחנה מרכזית כפ''ס/רציפים-כפר סבא<->מסוף כרמלית/הכרמל-תל אביב יפו-1#,11249,1,#,מטרופולין,3,11249
144762512,8955056,24060848_190526,2026-05-20T08:30:00+00:00,2026-05-20T09:29:38+00:00,2026-05-20,10120,15,249,מסוף כרמלית-תל אביב יפו<->תחנה מרכזית כפ''ס/הורדה-כפר סבא-2#,11249,2,#,מטרופולין,3,11249
144760699,8955055,585511888_190526,2026-05-20T08:40:00+00:00,2026-05-20T09:37:59+00:00,2026-05-20,10119,15,249,תחנה מרכזית כפ''ס/רציפים-כפר סבא<->מסוף כרמלית/הכרמל-תל אביב יפו-1#,11249,1,#,מטרופולין,3,11249
144764698,8955056,585888019_190526,2026-05-20T08:55:00+00:00,2026-05-20T09:54:38+00:00,2026-05-20,10120,15,249,מסוף כרמלית-תל אביב יפו<->תחנה מרכזית כפ''ס/הורדה-כפר סבא-2#,11249,2,#,מטרופולין,3,11249
144762239,8955055,584746435_190526,2026-05-20T09:05:00+00:00,2026-05-20T10:02:59+00:00,2026-05-20,10119,15,249,תחנה מרכזית כפ''ס/רציפים-כפר סבא<->מסוף כרמלית/הכרמל-תל אביב יפו-1#,11249,1,#,מטרופולין,3,11249
144842772,8955056,585511895_190526,2026-05-20T09:20:00+00:00,2026-05-20T10:19:38+00:00,2026-05-20,10120,15,249,מסוף כרמלית-תל אביב יפו<->תחנה מרכזית כפ''ס/הורדה-כפר סבא-2#,11249,2,#,מטרופולין,3,11249
144761583,8955055,27531862_190526,2026-05-20T09:30:00+00:00,2026-05-20T10:27:59+00:00,2026-05-20,10119,15,249,תחנה מרכזית כפ''ס/רציפים-כפר סבא<->מסוף כרמלית/הכרמל-תל אביב יפו-1#,11249,1,#,מטרופולין,3,11249
144842776,8955056,585874335_190526,2026-05-20T09:45:00+00:00,2026-05-20T10:44:38+00:00,2026-05-20,10120,15,249,מסוף כרמלית-תל אביב יפו<->תחנה מרכזית כפ''ס/הורדה-כפר סבא-2#,11249,2,#,מטרופולין,3,11249
144764632,8955055,585887542_190526,2026-05-20T09:55:00+00:00,2026-05-20T10:52:59+00:00,2026-05-20,10119,15,249,תחנה מרכזית כפ''ס/רציפים-כפר סבא<->מסוף כרמלית/הכרמל-תל אביב יפו-1#,11249,1,#,מטרופולין,3,11249
144761608,8955056,585888020_190526,2026-05-20T10:05:00+00:00,2026-05-20T11:04:38+00:00,2026-05-20,10120,15,249,מסוף כרמלית-תל אביב יפו<->תחנה מרכזית כפ''ס/הורדה-כפר סבא-2#,11249,2,#,מטרופולין,3,11249
144758875,8955055,585874302_190526,2026-05-20T10:20:00+00:00,2026-05-20T11:17:59+00:00,2026-05-20,10119,15,249,תחנה מרכזית כפ''ס/רציפים-כפר סבא<->מסוף כרמלית/הכרמל-תל אביב יפו-1#,11249,1,#,מטרופולין,3,11249
144759847,8955056,584746454_190526,2026-05-20T10:25:00+00:00,2026-05-20T11:24:38+00:00,2026-05-20,10120,15,249,מסוף כרמלית-תל אביב יפו<->תחנה מרכזית כפ''ס/הורדה-כפר סבא-2#,11249,2,#,מטרופולין,3,11249
144764633,8955055,585887543_190526,2026-05-20T10:45:00+00:00,2026-05-20T11:42:59+00:00,2026-05-20,10119,15,249,תחנה מרכזית כפ''ס/רציפים-כפר סבא<->מסוף כרמלית/הכרמל-תל אביב יפו-1#,11249,1,#,מטרופולין,3,11249
144762517,8955056,585874334_190526,2026-05-20T10:45:00+00:00,2026-05-20T11:44:38+00:00,2026-05-20,10120,15,249,מסוף כרמלית-תל אביב יפו<->תחנה מרכזית כפ''ס/הורדה-כפר סבא-2#,11249,2,#,מטרופולין,3,11249
144764699,8955056,585888021_190526,2026-05-20T11:05:00+00:00,2026-05-20T12:04:38+00:00,2026-05-20,10120,15,249,מסוף כרמלית-תל אביב יפו<->תחנה מרכזית כפ''ס/הורדה-כפר סבא-2#,11249,2,#,מטרופולין,3,11249
144761588,8955055,585887544_190526,2026-05-20T11:10:00+00:00,2026-05-20T12:07:59+00:00,2026-05-20,10119,15,249,תחנה מרכזית כפ''ס/רציפים-כפר סבא<->מסוף כרמלית/הכרמל-תל אביב יפו-1#,11249,1,#,מטרופולין,3,11249
144842775,8955056,585547589_190526,2026-05-20T11:20:00+00:00,2026-05-20T12:19:38+00:00,2026-05-20,10120,15,249,מסוף כרמלית-תל אביב יפו<->תחנה מרכזית כפ''ס/הורדה-כפר סבא-2#,11249,2,#,מטרופולין,3,11249
144762237,8955055,5668751_190526,2026-05-20T11:30:00+00:00,2026-05-20T12:27:59+00:00,2026-05-20,10119,15,249,תחנה מרכזית כפ''ס/רציפים-כפר סבא<->מסוף כרמלית/הכרמל-תל אביב יפו-1#,11249,1,#,מטרופולין,3,11249
144764697,8955056,585874332_190526,2026-05-20T11:35:00+00:00,2026-05-20T12:34:38+00:00,2026-05-20,10120,15,249,מסוף כרמלית-תל אביב יפו<->תחנה מרכזית כפ''ס/הורדה-כפר סבא-2#,11249,2,#,מטרופולין,3,11249
144842767,8955055,585511889_190526,2026-05-20T11:40:00+00:00,2026-05-20T12:37:59+00:00,2026-05-20,10119,15,249,תחנה מרכזית כפ''ס/רציפים-כפר סבא<->מסוף כרמלית/הכרמל-תל אביב יפו-1#,11249,1,#,מטרופולין,3,11249
144762520,8955056,585888022_190526,2026-05-20T11:50:00+00:00,2026-05-20T12:49:38+00:00,2026-05-20,10120,15,249,מסוף כרמלית-תל אביב יפו<->תחנה מרכזית כפ''ס/הורדה-כפר סבא-2#,11249,2,#,מטרופולין,3,11249
144762441,8955055,56900627_190526,2026-05-20T11:50:00+00:00,2026-05-20T12:47:59+00:00,2026-05-20,10119,15,249,תחנה מרכזית כפ''ס/רציפים-כפר סבא<->מסוף כרמלית/הכרמל-תל אביב יפו-1#,11249,1,#,מטרופולין,3,11249
144760733,8955056,585888023_190526,2026-05-20T12:05:00+00:00,2026-05-20T13:04:38+00:00,2026-05-20,10120,15,249,מסוף כרמלית-תל אביב יפו<->תחנה מרכזית כפ''ס/הורדה-כפר סבא-2#,11249,2,#,מטרופולין,3,11249
144758876,8955055,585874304_190526,2026-05-20T12:10:00+00:00,2026-05-20T13:07:59+00:00,2026-05-20,10119,15,249,תחנה מרכזית כפ''ס/רציפים-כפר סבא<->מסוף כרמלית/הכרמל-תל אביב יפו-1#,11249,1,#,מטרופולין,3,11249
144762516,8955056,585546314_190526,2026-05-20T12:20:00+00:00,2026-05-20T13:19:38+00:00,2026-05-20,10120,15,249,מסוף כרמלית-תל אביב יפו<->תחנה מרכזית כפ''ס/הורדה-כפר סבא-2#,11249,2,#,מטרופולין,3,11249
144759753,8955055,585887545_190526,2026-05-20T12:25:00+00:00,2026-05-20T13:22:59+00:00,2026-05-20,10119,15,249,תחנה מרכזית כפ''ס/רציפים-כפר סבא<->מסוף כרמלית/הכרמל-תל אביב יפו-1#,11249,1,#,מטרופולין,3,11249
144759849,8955056,585874331_190526,2026-05-20T12:35:00+00:00,2026-05-20T13:34:38+00:00,2026-05-20,10120,15,249,מסוף כרמלית-תל אביב יפו<->תחנה מרכזית כפ''ס/הורדה-כפר סבא-2#,11249,2,#,מטרופולין,3,11249
144764634,8955055,585887546_190526,2026-05-20T12:40:00+00:00,2026-05-20T13:37:59+00:00,2026-05-20,10119,15,249,תחנה מרכזית כפ''ס/רציפים-כפר סבא<->מסוף כרמלית/הכרמל-תל אביב יפו-1#,11249,1,#,מטרופולין,3,11249
144842777,8955056,585888024_190526,2026-05-20T12:50:00+00:00,2026-05-20T13:49:38+00:00,2026-05-20,10120,15,249,מסוף כרמלית-תל אביב יפו<->תחנה מרכזית כפ''ס/הורדה-כפר סבא-2#,11249,2,#,מטרופולין,3,11249
144760702,8955055,585887547_190526,2026-05-20T12:55:00+00:00,2026-05-20T13:52:59+00:00,2026-05-20,10119,15,249,תחנה מרכזית כפ''ס/רציפים-כפר סבא<->מסוף כרמלית/הכרמל-תל אביב יפו-1#,11249,1,#,מטרופולין,3,11249
144760734,8955056,585888025_190526,2026-05-20T13:05:00+00:00,2026-05-20T14:04:38+00:00,2026-05-20,10120,15,249,מסוף כרמלית-תל אביב יפו<->תחנה מרכזית כפ''ס/הורדה-כפר סבא-2#,11249,2,#,מטרופולין,3,11249
144760700,8955055,585874306_190526,2026-05-20T13:10:00+00:00,2026-05-20T14:07:59+00:00,2026-05-20,10119,15,249,תחנה מרכזית כפ''ס/רציפים-כפר סבא<->מסוף כרמלית/הכרמל-תל אביב יפו-1#,11249,1,#,מטרופולין,3,11249
144759850,8955056,585888026_190526,2026-05-20T13:20:00+00:00,2026-05-20T14:19:38+00:00,2026-05-20,10120,15,249,מסוף כרמלית-תל אביב יפו<->תחנה מרכזית כפ''ס/הורדה-כפר סבא-2#,11249,2,#,מטרופולין,3,11249
144762242,8955055,585887548_190526,2026-05-20T13:25:00+00:00,2026-05-20T14:22:59+00:00,2026-05-20,10119,15,249,תחנה מרכזית כפ''ס/רציפים-כפר סבא<->מסוף כרמלית/הכרמל-תל אביב יפו-1#,11249,1,#,מטרופולין,3,11249
144758882,8955056,585874328_190526,2026-05-20T13:35:00+00:00,2026-05-20T14:34:38+00:00,2026-05-20,10120,15,249,מסוף כרמלית-תל אביב יפו<->תחנה מרכזית כפ''ס/הורדה-כפר סבא-2#,11249,2,#,מטרופולין,3,11249
144761584,8955055,56157396_190526,2026-05-20T13:40:00+00:00,2026-05-20T14:37:59+00:00,2026-05-20,10119,15,249,תחנה מרכזית כפ''ס/רציפים-כפר סבא<->מסוף כרמלית/הכרמל-תל אביב יפו-1#,11249,1,#,מטרופולין,3,11249
144764700,8955056,585888027_190526,2026-05-20T13:50:00+00:00,2026-05-20T14:49:38+00:00,2026-05-20,10120,15,249,מסוף כרמלית-תל אביב יפו<->תחנה מרכזית כפ''ס/הורדה-כפר סבא-2#,11249,2,#,מטרופולין,3,11249
144759754,8955055,585887549_190526,2026-05-20T13:55:00+00:00,2026-05-20T14:52:59+00:00,2026-05-20,10119,15,249,תחנה מרכזית כפ''ס/רציפים-כפר סבא<->מסוף כרמלית/הכרמל-תל אביב יפו-1#,11249,1,#,מטרופולין,3,11249
144758880,8955056,584746459_190526,2026-05-20T14:05:00+00:00,2026-05-20T15:04:38+00:00,2026-05-20,10120,15,249,מסוף כרמלית-תל אביב יפו<->תחנה מרכזית כפ''ס/הורדה-כפר סבא-2#,11249,2,#,מטרופולין,3,11249
144762446,8955055,585874308_190526,2026-05-20T14:10:00+00:00,2026-05-20T15:07:59+00:00,2026-05-20,10119,15,249,תחנה מרכזית כפ''ס/רציפים-כפר סבא<->מסוף כרמלית/הכרמל-תל אביב יפו-1#,11249,1,#,מטרופולין,3,11249
144764702,8955056,8341905_190526,2026-05-20T14:20:00+00:00,2026-05-20T15:19:38+00:00,2026-05-20,10120,15,249,מסוף כרמלית-תל אביב יפו<->תחנה מרכזית כפ''ס/הורדה-כפר סבא-2#,11249,2,#,מטרופולין,3,11249
144762243,8955055,585887550_190526,2026-05-20T14:25:00+00:00,2026-05-20T15:22:59+00:00,2026-05-20,10119,15,249,תחנה מרכזית כפ''ס/רציפים-כפר סבא<->מסוף כרמלית/הכרמל-תל אביב יפו-1#,11249,1,#,מטרופולין,3,11249
144759848,8955056,585874326_190526,2026-05-20T14:35:00+00:00,2026-05-20T15:34:38+00:00,2026-05-20,10120,15,249,מסוף כרמלית-תל אביב יפו<->תחנה מרכזית כפ''ס/הורדה-כפר סבא-2#,11249,2,#,מטרופולין,3,11249
144842768,8955055,585547580_190526,2026-05-20T14:40:00+00:00,2026-05-20T15:37:59+00:00,2026-05-20,10119,15,249,תחנה מרכזית כפ''ס/רציפים-כפר סבא<->מסוף כרמלית/הכרמל-תל אביב יפו-1#,11249,1,#,מטרופולין,3,11249
144764701,8955056,585888028_190526,2026-05-20T14:50:00+00:00,2026-05-20T15:49:38+00:00,2026-05-20,10120,15,249,מסוף כרמלית-תל אביב יפו<->תחנה מרכזית כפ''ס/הורדה-כפר סבא-2#,11249,2,#,מטרופולין,3,11249
144842770,8955055,585887551_190526,2026-05-20T14:55:00+00:00,2026-05-20T15:52:59+00:00,2026-05-20,10119,15,249,תחנה מרכזית כפ''ס/רציפים-כפר סבא<->מסוף כרמלית/הכרמל-תל אביב יפו-1#,11249,1,#,מטרופולין,3,11249
144760735,8955056,585888029_190526,2026-05-20T15:05:00+00:00,2026-05-20T16:04:38+00:00,2026-05-20,10120,15,249,מסוף כרמלית-תל אביב יפו<->תחנה מרכזית כפ''ס/הורדה-כפר סבא-2#,11249,2,#,מטרופולין,3,11249
144842774,8955056,585547583_190526,2026-05-20T15:20:00+00:00,2026-05-20T16:19:38+00:00,2026-05-20,10120,15,249,מסוף כרמלית-תל אביב יפו<->תחנה מרכזית כפ''ס/הורדה-כפר סבא-2#,11249,2,#,מטרופולין,3,11249
144759755,8955055,585887552_190526,2026-05-20T15:25:00+00:00,2026-05-20T16:22:59+00:00,2026-05-20,10119,15,249,תחנה מרכזית כפ''ס/רציפים-כפר סבא<->מסוף כרמלית/הכרמל-תל אביב יפו-1#,11249,1,#,מטרופולין,3,11249
144758883,8955056,585888030_190526,2026-05-20T15:35:00+00:00,2026-05-20T16:34:38+00:00,2026-05-20,10120,15,249,מסוף כרמלית-תל אביב יפו<->תחנה מרכזית כפ''ס/הורדה-כפר סבא-2#,11249,2,#,מטרופולין,3,11249
144761587,8955055,585546312_190526,2026-05-20T15:40:00+00:00,2026-05-20T16:37:59+00:00,2026-05-20,10119,15,249,תחנה מרכזית כפ''ס/רציפים-כפר סבא<->מסוף כרמלית/הכרמל-תל אביב יפו-1#,11249,1,#,מטרופולין,3,11249
144759756,8955055,585887553_190526,2026-05-20T15:55:00+00:00,2026-05-20T16:52:59+00:00,2026-05-20,10119,15,249,תחנה מרכזית כפ''ס/רציפים-כפר סבא<->מסוף כרמלית/הכרמל-תל אביב יפו-1#,11249,1,#,מטרופולין,3,11249
144762521,8955056,585888032_190526,2026-05-20T16:05:00+00:00,2026-05-20T17:04:38+00:00,2026-05-20,10120,15,249,מסוף כרמלית-תל אביב יפו<->תחנה מרכזית כפ''ס/הורדה-כפר סבא-2#,11249,2,#,מטרופולין,3,11249
144759752,8955055,585874312_190526,2026-05-20T16:10:00+00:00,2026-05-20T17:07:59+00:00,2026-05-20,10119,15,249,תחנה מרכזית כפ''ס/רציפים-כפר סבא<->מסוף כרמלית/הכרמל-תל אביב יפו-1#,11249,1,#,מטרופולין,3,11249
144842773,8955056,585546313_190526,2026-05-20T16:20:00+00:00,2026-05-20T17:19:38+00:00,2026-05-20,10120,15,249,מסוף כרמלית-תל אביב יפו<->תחנה מרכזית כפ''ס/הורדה-כפר סבא-2#,11249,2,#,מטרופולין,3,11249
144762515,8955056,585295178_190526,2026-05-20T16:35:00+00:00,2026-05-20T17:34:38+00:00,2026-05-20,10120,15,249,מסוף כרמלית-תל אביב יפו<->תחנה מרכזית כפ''ס/הורדה-כפר סבא-2#,11249,2,#,מטרופולין,3,11249
144760703,8955055,585887554_190526,2026-05-20T16:40:00+00:00,2026-05-20T17:37:59+00:00,2026-05-20,10119,15,249,תחנה מרכזית כפ''ס/רציפים-כפר סבא<->מסוף כרמלית/הכרמל-תל אביב יפו-1#,11249,1,#,מטרופולין,3,11249
144842778,8955056,585888033_190526,2026-05-20T16:50:00+00:00,2026-05-20T17:49:38+00:00,2026-05-20,10120,15,249,מסוף כרמלית-תל אביב יפו<->תחנה מרכזית כפ''ס/הורדה-כפר סבא-2#,11249,2,#,מטרופולין,3,11249
144760736,8955056,585888034_190526,2026-05-20T17:05:00+00:00,2026-05-20T18:04:38+00:00,2026-05-20,10120,15,249,מסוף כרמלית-תל אביב יפו<->תחנה מרכזית כפ''ס/הורדה-כפר סבא-2#,11249,2,#,מטרופולין,3,11249
144759757,8955055,585887555_190526,2026-05-20T17:25:00+00:00,2026-05-20T18:22:59+00:00,2026-05-20,10119,15,249,תחנה מרכזית כפ''ס/רציפים-כפר סבא<->מסוף כרמלית/הכרמל-תל אביב יפו-1#,11249,1,#,מטרופולין,3,11249
144760737,8955056,585888035_190526,2026-05-20T17:35:00+00:00,2026-05-20T18:34:38+00:00,2026-05-20,10120,15,249,מסוף כרמלית-תל אביב יפו<->תחנה מרכזית כפ''ס/הורדה-כפר סבא-2#,11249,2,#,מטרופולין,3,11249
144842779,8955056,585888036_190526,2026-05-20T18:05:00+00:00,2026-05-20T19:04:38+00:00,2026-05-20,10120,15,249,מסוף כרמלית-תל אביב יפו<->תחנה מרכזית כפ''ס/הורדה-כפר סבא-2#,11249,2,#,מטרופולין,3,11249
144842771,8955055,585887556_190526,2026-05-20T18:10:00+00:00,2026-05-20T19:07:59+00:00,2026-05-20,10119,15,249,תחנה מרכזית כפ''ס/רציפים-כפר סבא<->מסוף כרמלית/הכרמל-תל אביב יפו-1#,11249,1,#,מטרופולין,3,11249
144842780,8955056,586152158_190526,2026-05-20T18:45:00+00:00,2026-05-20T19:44:38+00:00,2026-05-20,10120,15,249,מסוף כרמלית-תל אביב יפו<->תחנה מרכזית כפ''ס/הורדה-כפר סבא-2#,11249,2,#,מטרופולין,3,11249
144759844,8955056,13543458_190526,2026-05-20T19:00:00+00:00,2026-05-20T19:59:38+00:00,2026-05-20,10120,15,249,מסוף כרמלית-תל אביב יפו<->תחנה מרכזית כפ''ס/הורדה-כפר סבא-2#,11249,2,#,מטרופולין,3,11249
144758873,8955055,56157405_190526,2026-05-20T19:00:00+00:00,2026-05-20T19:57:59+00:00,2026-05-20,10119,15,249,תחנה מרכזית כפ''ס/רציפים-כפר סבא<->מסוף כרמלית/הכרמל-תל אביב יפו-1#,11249,1,#,מטרופולין,3,11249
144913349,8960950,5668815_210526,2026-05-21T04:30:00+00:00,2026-05-21T05:29:38+00:00,2026-05-21,10120,15,249,מסוף כרמלית-תל אביב יפו<->תחנה מרכזית כפ''ס/הורדה-כפר סבא-2#,11249,2,#,מטרופולין,3,11249
144868945,8960949,5668695_210526,2026-05-21T04:30:00+00:00,2026-05-21T05:27:59+00:00,2026-05-21,10119,15,249,תחנה מרכזית כפ''ס/רציפים-כפר סבא<->מסוף כרמלית/הכרמל-תל אביב יפו-1#,11249,1,#,מטרופולין,3,11249
144869159,8960950,5668825_210526,2026-05-21T05:30:00+00:00,2026-05-21T06:29:38+00:00,2026-05-21,10120,15,249,מסוף כרמלית-תל אביב יפו<->תחנה מרכזית כפ''ס/הורדה-כפר סבא-2#,11249,2,#,מטרופולין,3,11249
144868925,8960949,5668710_210526,2026-05-21T05:30:00+00:00,2026-05-21T06:27:59+00:00,2026-05-21,10119,15,249,תחנה מרכזית כפ''ס/רציפים-כפר סבא<->מסוף כרמלית/הכרמל-תל אביב יפו-1#,11249,1,#,מטרופולין,3,11249
144868946,8960949,5668715_210526,2026-05-21T06:00:00+00:00,2026-05-21T06:57:59+00:00,2026-05-21,10119,15,249,תחנה מרכזית כפ''ס/רציפים-כפר סבא<->מסוף כרמלית/הכרמל-תל אביב יפו-1#,11249,1,#,מטרופולין,3,11249
144869160,8960950,5668835_210526,2026-05-21T06:30:00+00:00,2026-05-21T07:29:38+00:00,2026-05-21,10120,15,249,מסוף כרמלית-תל אביב יפו<->תחנה מרכזית כפ''ס/הורדה-כפר סבא-2#,11249,2,#,מטרופולין,3,11249
144869156,8960949,5668725_210526,2026-05-21T07:00:00+00:00,2026-05-21T07:57:59+00:00,2026-05-21,10119,15,249,תחנה מרכזית כפ''ס/רציפים-כפר סבא<->מסוף כרמלית/הכרמל-תל אביב יפו-1#,11249,1,#,מטרופולין,3,11249
144870568,8960950,24060847_210526,2026-05-21T07:30:00+00:00,2026-05-21T08:29:38+00:00,2026-05-21,10120,15,249,מסוף כרמלית-תל אביב יפו<->תחנה מרכזית כפ''ס/הורדה-כפר סבא-2#,11249,2,#,מטרופולין,3,11249
144868947,8960949,5668730_210526,2026-05-21T08:00:00+00:00,2026-05-21T08:57:59+00:00,2026-05-21,10119,15,249,תחנה מרכזית כפ''ס/רציפים-כפר סבא<->מסוף כרמלית/הכרמל-תל אביב יפו-1#,11249,1,#,מטרופולין,3,11249
144868958,8960950,24060852_210526,2026-05-21T08:30:00+00:00,2026-05-21T09:29:38+00:00,2026-05-21,10120,15,249,מסוף כרמלית-תל אביב יפו<->תחנה מרכזית כפ''ס/הורדה-כפר סבא-2#,11249,2,#,מטרופולין,3,11249
144872247,8960949,5668735_210526,2026-05-21T09:00:00+00:00,2026-05-21T09:57:59+00:00,2026-05-21,10119,15,249,תחנה מרכזית כפ''ס/רציפים-כפר סבא<->מסוף כרמלית/הכרמל-תל אביב יפו-1#,11249,1,#,מטרופולין,3,11249
144913348,8960950,24060857_210526,2026-05-21T09:30:00+00:00,2026-05-21T10:29:38+00:00,2026-05-21,10120,15,249,מסוף כרמלית-תל אביב יפו<->תחנה מרכזית כפ''ס/הורדה-כפר סבא-2#,11249,2,#,מטרופולין,3,11249
144872248,8960949,5668740_210526,2026-05-21T10:00:00+00:00,2026-05-21T10:57:59+00:00,2026-05-21,10119,15,249,תחנה מרכזית כפ''ס/רציפים-כפר סבא<->מסוף כרמלית/הכרמל-תל אביב יפו-1#,11249,1,#,מטרופולין,3,11249
144872255,8960950,5668860_210526,2026-05-21T10:30:00+00:00,2026-05-21T11:29:38+00:00,2026-05-21,10120,15,249,מסוף כרמלית-תל אביב יפו<->תחנה מרכזית כפ''ס/הורדה-כפר סבא-2#,11249,2,#,מטרופולין,3,11249
144870503,8960949,5668750_210526,2026-05-21T11:00:00+00:00,2026-05-21T11:57:59+00:00,2026-05-21,10119,15,249,תחנה מרכזית כפ''ס/רציפים-כפר סבא<->מסוף כרמלית/הכרמל-תל אביב יפו-1#,11249,1,#,מטרופולין,3,11249
144913350,8960950,5668870_210526,2026-05-21T11:30:00+00:00,2026-05-21T12:29:38+00:00,2026-05-21,10120,15,249,מסוף כרמלית-תל אביב יפו<->תחנה מרכזית כפ''ס/הורדה-כפר סבא-2#,11249,2,#,מטרופולין,3,11249
144869157,8960949,5668760_210526,2026-05-21T12:00:00+00:00,2026-05-21T12:57:59+00:00,2026-05-21,10119,15,249,תחנה מרכזית כפ''ס/רציפים-כפר סבא<->מסוף כרמלית/הכרמל-תל אביב יפו-1#,11249,1,#,מטרופולין,3,11249
144913351,8960950,584746710_210526,2026-05-21T12:15:00+00:00,2026-05-21T13:14:38+00:00,2026-05-21,10120,15,249,מסוף כרמלית-תל אביב יפו<->תחנה מרכזית כפ''ס/הורדה-כפר סבא-2#,11249,2,#,מטרופולין,3,11249
144871738,8960950,5668885_210526,2026-05-21T13:00:00+00:00,2026-05-21T13:59:38+00:00,2026-05-21,10120,15,249,מסוף כרמלית-תל אביב יפו<->תחנה מרכזית כפ''ס/הורדה-כפר סבא-2#,11249,2,#,מטרופולין,3,11249
144869158,8960949,5668770_210526,2026-05-21T13:00:00+00:00,2026-05-21T13:57:59+00:00,2026-05-21,10119,15,249,תחנה מרכזית כפ''ס/רציפים-כפר סבא<->מסוף כרמלית/הכרמל-תל אביב יפו-1#,11249,1,#,מטרופולין,3,11249
144586036,8941497,41657329_170526,2026-05-18T01:50:00+00:00,2026-05-18T02:56:53+00:00,2026-05-18,5218,15,525,לב הפארק/וייצמן-רעננה<->קניון איילון-רמת גן-1#,10525,1,#,מטרופולין,3,10525
144586575,8941497,586152151_170526,2026-05-18T02:05:00+00:00,2026-05-18T03:11:53+00:00,2026-05-18,5218,15,525,לב הפארק/וייצמן-רעננה<->קניון איילון-רמת גן-1#,10525,1,#,מטרופולין,3,10525
144586037,8941498,585514773_170526,2026-05-18T02:20:00+00:00,2026-05-18T03:24:59+00:00,2026-05-18,5221,15,525,קניון איילון-רמת גן<->קרית הספורט/וייצמן-רעננה-2#,10525,2,#,מטרופולין,3,10525
144552709,8941497,41657334_170526,2026-05-18T02:20:00+00:00,2026-05-18T03:26:53+00:00,2026-05-18,5218,15,525,לב הפארק/וייצמן-רעננה<->קניון איילון-רמת גן-1#,10525,1,#,מטרופולין,3,10525
144586909,8941498,41657454_170526,2026-05-18T02:40:00+00:00,2026-05-18T03:44:59+00:00,2026-05-18,5221,15,525,קניון איילון-רמת גן<->קרית הספורט/וייצמן-רעננה-2#,10525,2,#,מטרופולין,3,10525
144586035,8941497,1347660_170526,2026-05-18T02:45:00+00:00,2026-05-18T03:51:53+00:00,2026-05-18,5218,15,525,לב הפארק/וייצמן-רעננה<->קניון איילון-רמת גן-1#,10525,1,#,מטרופולין,3,10525
144552710,8941498,585887863_170526,2026-05-18T03:00:00+00:00,2026-05-18T04:04:59+00:00,2026-05-18,5221,15,525,קניון איילון-רמת גן<->קרית הספורט/וייצמן-רעננה-2#,10525,2,#,מטרופולין,3,10525
144582868,8941497,585887353_170526,2026-05-18T03:05:00+00:00,2026-05-18T04:11:53+00:00,2026-05-18,5218,15,525,לב הפארק/וייצמן-רעננה<->קניון איילון-רמת גן-1#,10525,1,#,מטרופולין,3,10525
144586576,8941498,41657459_170526,2026-05-18T03:20:00+00:00,2026-05-18T04:24:59+00:00,2026-05-18,5221,15,525,קניון איילון-רמת גן<->קרית הספורט/וייצמן-רעננה-2#,10525,2,#,מטרופולין,3,10525
144582562,8941497,585887354_170526,2026-05-18T03:25:00+00:00,2026-05-18T04:31:53+00:00,2026-05-18,5218,15,525,לב הפארק/וייצמן-רעננה<->קניון איילון-רמת גן-1#,10525,1,#,מטרופולין,3,10525
144582632,8941498,584888439_170526,2026-05-18T03:40:00+00:00,2026-05-18T04:44:59+00:00,2026-05-18,5221,15,525,קניון איילון-רמת גן<->קרית הספורט/וייצמן-רעננה-2#,10525,2,#,מטרופולין,3,10525
144582475,8941497,1347662_170526,2026-05-18T03:45:00+00:00,2026-05-18T04:51:53+00:00,2026-05-18,5218,15,525,לב הפארק/וייצמן-רעננה<->קניון איילון-רמת גן-1#,10525,1,#,מטרופולין,3,10525
144582887,8941498,585238284_170526,2026-05-18T04:00:00+00:00,2026-05-18T05:04:59+00:00,2026-05-18,5221,15,525,קניון איילון-רמת גן<->קרית הספורט/וייצמן-רעננה-2#,10525,2,#,מטרופולין,3,10525
144584776,8941497,585887355_170526,2026-05-18T04:05:00+00:00,2026-05-18T05:11:53+00:00,2026-05-18,5218,15,525,לב הפארק/וייצמן-רעננה<->קניון איילון-רמת גן-1#,10525,1,#,מטרופולין,3,10525
144586911,8941498,585238254_170526,2026-05-18T04:20:00+00:00,2026-05-18T05:24:59+00:00,2026-05-18,5221,15,525,קניון איילון-רמת גן<->קרית הספורט/וייצמן-רעננה-2#,10525,2,#,מטרופולין,3,10525
144584783,8941497,585887356_170526,2026-05-18T04:25:00+00:00,2026-05-18T05:31:53+00:00,2026-05-18,5218,15,525,לב הפארק/וייצמן-רעננה<->קניון איילון-רמת גן-1#,10525,1,#,מטרופולין,3,10525
144582871,8941498,584888440_170526,2026-05-18T04:40:00+00:00,2026-05-18T05:44:59+00:00,2026-05-18,5221,15,525,קניון איילון-רמת גן<->קרית הספורט/וייצמן-רעננה-2#,10525,2,#,מטרופולין,3,10525
144586572,8941497,3835580_170526,2026-05-18T04:45:00+00:00,2026-05-18T05:51:53+00:00,2026-05-18,5218,15,525,לב הפארק/וייצמן-רעננה<->קניון איילון-רמת גן-1#,10525,1,#,מטרופולין,3,10525
144582582,8941498,585238252_170526,2026-05-18T05:00:00+00:00,2026-05-18T06:04:59+00:00,2026-05-18,5221,15,525,קניון איילון-רמת גן<->קרית הספורט/וייצמן-רעננה-2#,10525,2,#,מטרופולין,3,10525
144582563,8941497,585887357_170526,2026-05-18T05:05:00+00:00,2026-05-18T06:11:53+00:00,2026-05-18,5218,15,525,לב הפארק/וייצמן-רעננה<->קניון איילון-רמת גן-1#,10525,1,#,מטרופולין,3,10525
144582633,8941498,585238285_170526,2026-05-18T05:20:00+00:00,2026-05-18T06:24:59+00:00,2026-05-18,5221,15,525,קניון איילון-רמת גן<->קרית הספורט/וייצמן-רעננה-2#,10525,2,#,מטרופולין,3,10525
144586573,8941497,585887358_170526,2026-05-18T05:35:00+00:00,2026-05-18T06:41:53+00:00,2026-05-18,5218,15,525,לב הפארק/וייצמן-רעננה<->קניון איילון-רמת גן-1#,10525,1,#,מטרופולין,3,10525
144586038,8941498,585874147_170526,2026-05-18T05:50:00+00:00,2026-05-18T06:54:59+00:00,2026-05-18,5221,15,525,קניון איילון-רמת גן<->קרית הספורט/וייצמן-רעננה-2#,10525,2,#,מטרופולין,3,10525
144586574,8941497,585887359_170526,2026-05-18T06:05:00+00:00,2026-05-18T07:11:53+00:00,2026-05-18,5218,15,525,לב הפארק/וייצמן-רעננה<->קניון איילון-רמת גן-1#,10525,1,#,מטרופולין,3,10525
144586039,8941498,585887864_170526,2026-05-18T06:20:00+00:00,2026-05-18T07:24:59+00:00,2026-05-18,5221,15,525,קניון איילון-רמת גן<->קרית הספורט/וייצמן-רעננה-2#,10525,2,#,מטרופולין,3,10525
144586779,8941497,1347666_170526,2026-05-18T06:45:00+00:00,2026-05-18T07:51:53+00:00,2026-05-18,5218,15,525,לב הפארק/וייצמן-רעננה<->קניון איילון-רמת גן-1#,10525,1,#,מטרופולין,3,10525
144584858,8941498,585887865_170526,2026-05-18T07:00:00+00:00,2026-05-18T08:04:59+00:00,2026-05-18,5221,15,525,קניון איילון-רמת גן<->קרית הספורט/וייצמן-רעננה-2#,10525,2,#,מטרופולין,3,10525
144584718,8941497,3962209_170526,2026-05-18T07:25:00+00:00,2026-05-18T08:31:53+00:00,2026-05-18,5218,15,525,לב הפארק/וייצמן-רעננה<->קניון איילון-רמת גן-1#,10525,1,#,מטרופולין,3,10525
144586577,8941498,41657489_170526,2026-05-18T07:45:00+00:00,2026-05-18T08:49:59+00:00,2026-05-18,5221,15,525,קניון איילון-רמת גן<->קרית הספורט/וייצמן-רעננה-2#,10525,2,#,מטרופולין,3,10525
144582477,8941497,585887360_170526,2026-05-18T08:05:00+00:00,2026-05-18T09:11:53+00:00,2026-05-18,5218,15,525,לב הפארק/וייצמן-רעננה<->קניון איילון-רמת גן-1#,10525,1,#,מטרופולין,3,10525
144586912,8941498,585874150_170526,2026-05-18T08:30:00+00:00,2026-05-18T09:34:59+00:00,2026-05-18,5221,15,525,קניון איילון-רמת גן<->קרית הספורט/וייצמן-רעננה-2#,10525,2,#,מטרופולין,3,10525
144584727,8941497,584888430_170526,2026-05-18T08:50:00+00:00,2026-05-18T09:56:53+00:00,2026-05-18,5218,15,525,לב הפארק/וייצמן-רעננה<->קניון איילון-רמת גן-1#,10525,1,#,מטרופולין,3,10525
144586579,8941498,585514834_170526,2026-05-18T09:15:00+00:00,2026-05-18T10:19:59+00:00,2026-05-18,5221,15,525,קניון איילון-רמת גן<->קרית הספורט/וייצמן-רעננה-2#,10525,2,#,מטרופולין,3,10525
144586780,8941497,585887361_170526,2026-05-18T09:35:00+00:00,2026-05-18T10:41:53+00:00,2026-05-18,5218,15,525,לב הפארק/וייצמן-רעננה<->קניון איילון-רמת גן-1#,10525,1,#,מטרופולין,3,10525
144582635,8941498,585887866_170526,2026-05-18T10:00:00+00:00,2026-05-18T11:04:59+00:00,2026-05-18,5221,15,525,קניון איילון-רמת גן<->קרית הספורט/וייצמן-רעננה-2#,10525,2,#,מטרופולין,3,10525
144584784,8941497,585887362_170526,2026-05-18T10:20:00+00:00,2026-05-18T11:26:53+00:00,2026-05-18,5218,15,525,לב הפארק/וייצמן-רעננה<->קניון איילון-רמת גן-1#,10525,1,#,מטרופולין,3,10525
144582581,8941498,1347791_170526,2026-05-18T10:25:00+00:00,2026-05-18T11:29:59+00:00,2026-05-18,5221,15,525,קניון איילון-רמת גן<->קרית הספורט/וייצמן-רעננה-2#,10525,2,#,מטרופולין,3,10525
144586578,8941498,50256809_170526,2026-05-18T10:45:00+00:00,2026-05-18T11:49:59+00:00,2026-05-18,5221,15,525,קניון איילון-רמת גן<->קרית הספורט/וייצמן-רעננה-2#,10525,2,#,מטרופולין,3,10525
144582478,8941497,585887363_170526,2026-05-18T11:05:00+00:00,2026-05-18T12:11:53+00:00,2026-05-18,5218,15,525,לב הפארק/וייצמן-רעננה<->קניון איילון-רמת גן-1#,10525,1,#,מטרופולין,3,10525
144586040,8941498,585887867_170526,2026-05-18T11:30:00+00:00,2026-05-18T12:34:59+00:00,2026-05-18,5221,15,525,קניון איילון-רמת גן<->קרית הספורט/וייצמן-רעננה-2#,10525,2,#,מטרופולין,3,10525
144586571,8941497,25803192_170526,2026-05-18T11:50:00+00:00,2026-05-18T12:56:53+00:00,2026-05-18,5218,15,525,לב הפארק/וייצמן-רעננה<->קניון איילון-רמת גן-1#,10525,1,#,מטרופולין,3,10525
144582583,8941498,585887868_170526,2026-05-18T12:15:00+00:00,2026-05-18T13:19:59+00:00,2026-05-18,5221,15,525,קניון איילון-רמת גן<->קרית הספורט/וייצמן-רעננה-2#,10525,2,#,מטרופולין,3,10525
144582564,8941497,585887364_170526,2026-05-18T12:35:00+00:00,2026-05-18T13:41:53+00:00,2026-05-18,5218,15,525,לב הפארק/וייצמן-רעננה<->קניון איילון-רמת גן-1#,10525,1,#,מטרופולין,3,10525
144552711,8941498,585887869_170526,2026-05-18T12:45:00+00:00,2026-05-18T13:49:59+00:00,2026-05-18,5221,15,525,קניון איילון-רמת גן<->קרית הספורט/וייצמן-רעננה-2#,10525,2,#,מטרופולין,3,10525
144584785,8941497,585887365_170526,2026-05-18T13:05:00+00:00,2026-05-18T14:11:53+00:00,2026-05-18,5218,15,525,לב הפארק/וייצמן-רעננה<->קניון איילון-רמת גן-1#,10525,1,#,מטרופולין,3,10525
144584854,8941498,585238301_170526,2026-05-18T13:30:00+00:00,2026-05-18T14:34:59+00:00,2026-05-18,5221,15,525,קניון איילון-רמת גן<->קרית הספורט/וייצמן-רעננה-2#,10525,2,#,מטרופולין,3,10525
144582565,8941497,585887366_170526,2026-05-18T13:35:00+00:00,2026-05-18T14:41:53+00:00,2026-05-18,5218,15,525,לב הפארק/וייצמן-רעננה<->קניון איילון-רמת גן-1#,10525,1,#,מטרופולין,3,10525
144582869,8941497,585887367_170526,2026-05-18T14:05:00+00:00,2026-05-18T15:11:53+00:00,2026-05-18,5218,15,525,לב הפארק/וייצמן-רעננה<->קניון איילון-רמת גן-1#,10525,1,#,מטרופולין,3,10525
144582944,8941498,585512614_170526,2026-05-18T14:15:00+00:00,2026-05-18T15:19:59+00:00,2026-05-18,5221,15,525,קניון איילון-רמת גן<->קרית הספורט/וייצמן-רעננה-2#,10525,2,#,מטרופולין,3,10525
144582566,8941497,585887368_170526,2026-05-18T14:35:00+00:00,2026-05-18T15:41:53+00:00,2026-05-18,5218,15,525,לב הפארק/וייצמן-רעננה<->קניון איילון-רמת גן-1#,10525,1,#,מטרופולין,3,10525
144582945,8941498,585517157_170526,2026-05-18T14:45:00+00:00,2026-05-18T15:49:59+00:00,2026-05-18,5221,15,525,קניון איילון-רמת גן<->קרית הספורט/וייצמן-רעננה-2#,10525,2,#,מטרופולין,3,10525
144582567,8941497,585887369_170526,2026-05-18T15:15:00+00:00,2026-05-18T16:21:53+00:00,2026-05-18,5218,15,525,לב הפארק/וייצמן-רעננה<->קניון איילון-רמת גן-1#,10525,1,#,מטרופולין,3,10525
144582636,8941498,585887871_170526,2026-05-18T15:25:00+00:00,2026-05-18T16:29:59+00:00,2026-05-18,5221,15,525,קניון איילון-רמת גן<->קרית הספורט/וייצמן-רעננה-2#,10525,2,#,מטרופולין,3,10525
144584786,8941497,585887370_170526,2026-05-18T15:55:00+00:00,2026-05-18T17:01:53+00:00,2026-05-18,5218,15,525,לב הפארק/וייצמן-רעננה<->קניון איילון-רמת גן-1#,10525,1,#,מטרופולין,3,10525
144584859,8941498,585887872_170526,2026-05-18T16:05:00+00:00,2026-05-18T17:09:59+00:00,2026-05-18,5221,15,525,קניון איילון-רמת גן<->קרית הספורט/וייצמן-רעננה-2#,10525,2,#,מטרופולין,3,10525
144582561,8941497,41657414_170526,2026-05-18T16:35:00+00:00,2026-05-18T17:41:53+00:00,2026-05-18,5218,15,525,לב הפארק/וייצמן-רעננה<->קניון איילון-רמת גן-1#,10525,1,#,מטרופולין,3,10525
144586910,8941498,41657534_170526,2026-05-18T16:45:00+00:00,2026-05-18T17:49:59+00:00,2026-05-18,5221,15,525,קניון איילון-רמת גן<->קרית הספורט/וייצמן-רעננה-2#,10525,2,#,מטרופולין,3,10525
144582870,8941497,585887371_170526,2026-05-18T17:20:00+00:00,2026-05-18T18:26:53+00:00,2026-05-18,5218,15,525,לב הפארק/וייצמן-רעננה<->קניון איילון-רמת גן-1#,10525,1,#,מטרופולין,3,10525
144586041,8941498,585887873_170526,2026-05-18T17:30:00+00:00,2026-05-18T18:34:59+00:00,2026-05-18,5221,15,525,קניון איילון-רמת גן<->קרית הספורט/וייצמן-רעננה-2#,10525,2,#,מטרופולין,3,10525
144582568,8941497,585887372_170526,2026-05-18T18:05:00+00:00,2026-05-18T19:11:53+00:00,2026-05-18,5218,15,525,לב הפארק/וייצמן-רעננה<->קניון איילון-רמת גן-1#,10525,1,#,מטרופולין,3,10525
144582584,8941498,585887874_170526,2026-05-18T18:15:00+00:00,2026-05-18T19:19:59+00:00,2026-05-18,5221,15,525,קניון איילון-רמת גן<->קרית הספורט/וייצמן-רעננה-2#,10525,2,#,מטרופולין,3,10525
144582560,8941497,3962299_170526,2026-05-18T18:50:00+00:00,2026-05-18T19:56:53+00:00,2026-05-18,5218,15,525,לב הפארק/וייצמן-רעננה<->קניון איילון-רמת גן-1#,10525,1,#,מטרופולין,3,10525
144584857,8941498,585274569_170526,2026-05-18T19:00:00+00:00,2026-05-18T20:04:59+00:00,2026-05-18,5221,15,525,קניון איילון-רמת גן<->קרית הספורט/וייצמן-רעננה-2#,10525,2,#,מטרופולין,3,10525
144582476,8941497,585238244_170526,2026-05-18T19:30:00+00:00,2026-05-18T20:36:53+00:00,2026-05-18,5218,15,525,לב הפארק/וייצמן-רעננה<->קניון איילון-רמת גן-1#,10525,1,#,מטרופולין,3,10525
144552712,8941498,585887875_170526,2026-05-18T19:45:00+00:00,2026-05-18T20:49:59+00:00,2026-05-18,5221,15,525,קניון איילון-רמת גן<->קרית הספורט/וייצמן-רעננה-2#,10525,2,#,מטרופולין,3,10525
144582634,8941498,585514837_170526,2026-05-18T20:30:00+00:00,2026-05-18T21:34:59+00:00,2026-05-18,5221,15,525,קניון איילון-רמת גן<->קרית הספורט/וייצמן-רעננה-2#,10525,2,#,מטרופולין,3,10525
144724667,8947912,41657329_180526,2026-05-19T01:50:00+00:00,2026-05-19T02:56:53+00:00,2026-05-19,5218,15,525,לב הפארק/וייצמן-רעננה<->קניון איילון-רמת גן-1#,10525,1,#,מטרופולין,3,10525
144725362,8947912,586152151_180526,2026-05-19T02:05:00+00:00,2026-05-19T03:11:53+00:00,2026-05-19,5218,15,525,לב הפארק/וייצמן-רעננה<->קניון איילון-רמת גן-1#,10525,1,#,מטרופולין,3,10525
144725358,8947912,41657334_180526,2026-05-19T02:20:00+00:00,2026-05-19T03:26:53+00:00,2026-05-19,5218,15,525,לב הפארק/וייצמן-רעננה<->קניון איילון-רמת גן-1#,10525,1,#,מטרופולין,3,10525
144610383,8947913,585514773_180526,2026-05-19T02:20:00+00:00,2026-05-19T03:24:59+00:00,2026-05-19,5221,15,525,קניון איילון-רמת גן<->קרית הספורט/וייצמן-רעננה-2#,10525,2,#,מטרופולין,3,10525
144730826,8947913,41657454_180526,2026-05-19T02:40:00+00:00,2026-05-19T03:44:59+00:00,2026-05-19,5221,15,525,קניון איילון-רמת גן<->קרית הספורט/וייצמן-רעננה-2#,10525,2,#,מטרופולין,3,10525
144730821,8947912,1347660_180526,2026-05-19T02:45:00+00:00,2026-05-19T03:51:53+00:00,2026-05-19,5218,15,525,לב הפארק/וייצמן-רעננה<->קניון איילון-רמת גן-1#,10525,1,#,מטרופולין,3,10525
144728248,8947913,585887863_180526,2026-05-19T03:00:00+00:00,2026-05-19T04:04:59+00:00,2026-05-19,5221,15,525,קניון איילון-רמת גן<->קרית הספורט/וייצמן-רעננה-2#,10525,2,#,מטרופולין,3,10525
144731706,8947912,585887353_180526,2026-05-19T03:05:00+00:00,2026-05-19T04:11:53+00:00,2026-05-19,5218,15,525,לב הפארק/וייצמן-רעננה<->קניון איילון-רמת גן-1#,10525,1,#,מטרופולין,3,10525
144610494,8947913,41657459_180526,2026-05-19T03:20:00+00:00,2026-05-19T04:24:59+00:00,2026-05-19,5221,15,525,קניון איילון-רמת גן<->קרית הספורט/וייצמן-רעננה-2#,10525,2,#,מטרופולין,3,10525
144731707,8947912,585887354_180526,2026-05-19T03:25:00+00:00,2026-05-19T04:31:53+00:00,2026-05-19,5218,15,525,לב הפארק/וייצמן-רעננה<->קניון איילון-רמת גן-1#,10525,1,#,מטרופולין,3,10525
144730828,8947913,584888439_180526,2026-05-19T03:40:00+00:00,2026-05-19T04:44:59+00:00,2026-05-19,5221,15,525,קניון איילון-רמת גן<->קרית הספורט/וייצמן-רעננה-2#,10525,2,#,מטרופולין,3,10525
144728185,8947912,1347662_180526,2026-05-19T03:45:00+00:00,2026-05-19T04:51:53+00:00,2026-05-19,5218,15,525,לב הפארק/וייצמן-רעננה<->קניון איילון-רמת גן-1#,10525,1,#,מטרופולין,3,10525
144730830,8947913,585238284_180526,2026-05-19T04:00:00+00:00,2026-05-19T05:04:59+00:00,2026-05-19,5221,15,525,קניון איילון-רמת גן<->קרית הספורט/וייצמן-רעננה-2#,10525,2,#,מטרופולין,3,10525
144610484,8947912,585887355_180526,2026-05-19T04:05:00+00:00,2026-05-19T05:11:53+00:00,2026-05-19,5218,15,525,לב הפארק/וייצמן-רעננה<->קניון איילון-רמת גן-1#,10525,1,#,מטרופולין,3,10525
144731805,8947913,585238254_180526,2026-05-19T04:20:00+00:00,2026-05-19T05:24:59+00:00,2026-05-19,5221,15,525,קניון איילון-רמת גן<->קרית הספורט/וייצמן-רעננה-2#,10525,2,#,מטרופולין,3,10525
144724668,8947912,585887356_180526,2026-05-19T04:25:00+00:00,2026-05-19T05:31:53+00:00,2026-05-19,5218,15,525,לב הפארק/וייצמן-רעננה<->קניון איילון-רמת גן-1#,10525,1,#,מטרופולין,3,10525
144728244,8947913,584888440_180526,2026-05-19T04:40:00+00:00,2026-05-19T05:44:59+00:00,2026-05-19,5221,15,525,קניון איילון-רמת גן<->קרית הספורט/וייצמן-רעננה-2#,10525,2,#,מטרופולין,3,10525
144730822,8947912,3835580_180526,2026-05-19T04:45:00+00:00,2026-05-19T05:51:53+00:00,2026-05-19,5218,15,525,לב הפארק/וייצמן-רעננה<->קניון איילון-רמת גן-1#,10525,1,#,מטרופולין,3,10525
144730829,8947913,585238252_180526,2026-05-19T05:00:00+00:00,2026-05-19T06:04:59+00:00,2026-05-19,5221,15,525,קניון איילון-רמת גן<->קרית הספורט/וייצמן-רעננה-2#,10525,2,#,מטרופולין,3,10525
144731749,8947912,585887357_180526,2026-05-19T05:05:00+00:00,2026-05-19T06:11:53+00:00,2026-05-19,5218,15,525,לב הפארק/וייצמן-רעננה<->קניון איילון-רמת גן-1#,10525,1,#,מטרופולין,3,10525
144728245,8947913,585238285_180526,2026-05-19T05:20:00+00:00,2026-05-19T06:24:59+00:00,2026-05-19,5221,15,525,קניון איילון-רמת גן<->קרית הספורט/וייצמן-רעננה-2#,10525,2,#,מטרופולין,3,10525
144724669,8947912,585887358_180526,2026-05-19T05:35:00+00:00,2026-05-19T06:41:53+00:00,2026-05-19,5218,15,525,לב הפארק/וייצמן-רעננה<->קניון איילון-רמת גן-1#,10525,1,#,מטרופולין,3,10525
144696548,8947913,585874147_180526,2026-05-19T05:50:00+00:00,2026-05-19T06:54:59+00:00,2026-05-19,5221,15,525,קניון איילון-רמת גן<->קרית הספורט/וייצמן-רעננה-2#,10525,2,#,מטרופולין,3,10525
144725359,8947912,585887359_180526,2026-05-19T06:05:00+00:00,2026-05-19T07:11:53+00:00,2026-05-19,5218,15,525,לב הפארק/וייצמן-רעננה<->קניון איילון-רמת גן-1#,10525,1,#,מטרופולין,3,10525
144610495,8947913,585887864_180526,2026-05-19T06:20:00+00:00,2026-05-19T07:24:59+00:00,2026-05-19,5221,15,525,קניון איילון-רמת גן<->קרית הספורט/וייצמן-רעננה-2#,10525,2,#,מטרופולין,3,10525
144731695,8947912,1347666_180526,2026-05-19T06:45:00+00:00,2026-05-19T07:51:53+00:00,2026-05-19,5218,15,525,לב הפארק/וייצמן-רעננה<->קניון איילון-רמת גן-1#,10525,1,#,מטרופולין,3,10525
144730831,8947913,585887865_180526,2026-05-19T07:00:00+00:00,2026-05-19T08:04:59+00:00,2026-05-19,5221,15,525,קניון איילון-רמת גן<->קרית הספורט/וייצמן-רעננה-2#,10525,2,#,מטרופולין,3,10525
144731696,8947912,3962209_180526,2026-05-19T07:25:00+00:00,2026-05-19T08:31:53+00:00,2026-05-19,5218,15,525,לב הפארק/וייצמן-רעננה<->קניון איילון-רמת גן-1#,10525,1,#,מטרופולין,3,10525
144724671,8947913,41657489_180526,2026-05-19T07:45:00+00:00,2026-05-19T08:49:59+00:00,2026-05-19,5221,15,525,קניון איילון-רמת גן<->קרית הספורט/וייצמן-רעננה-2#,10525,2,#,מטרופולין,3,10525
144730824,8947912,585887360_180526,2026-05-19T08:05:00+00:00,2026-05-19T09:11:53+00:00,2026-05-19,5218,15,525,לב הפארק/וייצמן-רעננה<->קניון איילון-רמת גן-1#,10525,1,#,מטרופולין,3,10525
144731808,8947913,585874150_180526,2026-05-19T08:30:00+00:00,2026-05-19T09:34:59+00:00,2026-05-19,5221,15,525,קניון איילון-רמת גן<->קרית הספורט/וייצמן-רעננה-2#,10525,2,#,מטרופולין,3,10525
144728186,8947912,584888430_180526,2026-05-19T08:50:00+00:00,2026-05-19T09:56:53+00:00,2026-05-19,5218,15,525,לב הפארק/וייצמן-רעננה<->קניון איילון-רמת גן-1#,10525,1,#,מטרופולין,3,10525
144731806,8947913,585514834_180526,2026-05-19T09:15:00+00:00,2026-05-19T10:19:59+00:00,2026-05-19,5221,15,525,קניון איילון-רמת גן<->קרית הספורט/וייצמן-רעננה-2#,10525,2,#,מטרופולין,3,10525
144725360,8947912,585887361_180526,2026-05-19T09:35:00+00:00,2026-05-19T10:41:53+00:00,2026-05-19,5218,15,525,לב הפארק/וייצמן-רעננה<->קניון איילון-רמת גן-1#,10525,1,#,מטרופולין,3,10525
144728249,8947913,585887866_180526,2026-05-19T10:00:00+00:00,2026-05-19T11:04:59+00:00,2026-05-19,5221,15,525,קניון איילון-רמת גן<->קרית הספורט/וייצמן-רעננה-2#,10525,2,#,מטרופולין,3,10525
144610380,8947912,585887362_180526,2026-05-19T10:20:00+00:00,2026-05-19T11:26:53+00:00,2026-05-19,5218,15,525,לב הפארק/וייצמן-רעננה<->קניון איילון-רמת גן-1#,10525,1,#,מטרופולין,3,10525
144724670,8947913,1347791_180526,2026-05-19T10:25:00+00:00,2026-05-19T11:29:59+00:00,2026-05-19,5221,15,525,קניון איילון-רמת גן<->קרית הספורט/וייצמן-רעננה-2#,10525,2,#,מטרופולין,3,10525
144610382,8947913,50256809_180526,2026-05-19T10:45:00+00:00,2026-05-19T11:49:59+00:00,2026-05-19,5221,15,525,קניון איילון-רמת גן<->קרית הספורט/וייצמן-רעננה-2#,10525,2,#,מטרופולין,3,10525
144731756,8947912,585887363_180526,2026-05-19T11:05:00+00:00,2026-05-19T12:11:53+00:00,2026-05-19,5218,15,525,לב הפארק/וייצמן-רעננה<->קניון איילון-רמת גן-1#,10525,1,#,מטרופולין,3,10525
144696549,8947913,585887867_180526,2026-05-19T11:30:00+00:00,2026-05-19T12:34:59+00:00,2026-05-19,5221,15,525,קניון איילון-רמת גן<->קרית הספורט/וייצמן-רעננה-2#,10525,2,#,מטרופולין,3,10525
144724666,8947912,25803192_180526,2026-05-19T11:50:00+00:00,2026-05-19T12:56:53+00:00,2026-05-19,5218,15,525,לב הפארק/וייצמן-רעננה<->קניון איילון-רמת גן-1#,10525,1,#,מטרופולין,3,10525
144610384,8947913,585887868_180526,2026-05-19T12:15:00+00:00,2026-05-19T13:19:59+00:00,2026-05-19,5221,15,525,קניון איילון-רמת גן<->קרית הספורט/וייצמן-רעננה-2#,10525,2,#,מטרופולין,3,10525
144731770,8947912,585887364_180526,2026-05-19T12:35:00+00:00,2026-05-19T13:41:53+00:00,2026-05-19,5218,15,525,לב הפארק/וייצמן-רעננה<->קניון איילון-רמת גן-1#,10525,1,#,מטרופולין,3,10525
144696550,8947913,585887869_180526,2026-05-19T12:45:00+00:00,2026-05-19T13:49:59+00:00,2026-05-19,5221,15,525,קניון איילון-רמת גן<->קרית הספורט/וייצמן-רעננה-2#,10525,2,#,מטרופולין,3,10525
144610381,8947912,585887365_180526,2026-05-19T13:05:00+00:00,2026-05-19T14:11:53+00:00,2026-05-19,5218,15,525,לב הפארק/וייצמן-רעננה<->קניון איילון-רמת גן-1#,10525,1,#,מטרופולין,3,10525
144728246,8947913,585238301_180526,2026-05-19T13:30:00+00:00,2026-05-19T14:34:59+00:00,2026-05-19,5221,15,525,קניון איילון-רמת גן<->קרית הספורט/וייצמן-רעננה-2#,10525,2,#,מטרופולין,3,10525
144730825,8947912,585887366_180526,2026-05-19T13:35:00+00:00,2026-05-19T14:41:53+00:00,2026-05-19,5218,15,525,לב הפארק/וייצמן-רעננה<->קניון איילון-רמת גן-1#,10525,1,#,מטרופולין,3,10525
144731771,8947912,585887367_180526,2026-05-19T14:05:00+00:00,2026-05-19T15:11:53+00:00,2026-05-19,5218,15,525,לב הפארק/וייצמן-רעננה<->קניון איילון-רמת גן-1#,10525,1,#,מטרופולין,3,10525
144725363,8947913,585512614_180526,2026-05-19T14:15:00+00:00,2026-05-19T15:19:59+00:00,2026-05-19,5221,15,525,קניון איילון-רמת גן<->קרית הספורט/וייצמן-רעננה-2#,10525,2,#,מטרופולין,3,10525
144728187,8947912,585887368_180526,2026-05-19T14:35:00+00:00,2026-05-19T15:41:53+00:00,2026-05-19,5218,15,525,לב הפארק/וייצמן-רעננה<->קניון איילון-רמת גן-1#,10525,1,#,מטרופולין,3,10525
144731807,8947913,585517157_180526,2026-05-19T14:45:00+00:00,2026-05-19T15:49:59+00:00,2026-05-19,5221,15,525,קניון איילון-רמת גן<->קרית הספורט/וייצמן-רעננה-2#,10525,2,#,מטרופולין,3,10525
144728188,8947912,585887369_180526,2026-05-19T15:15:00+00:00,2026-05-19T16:21:53+00:00,2026-05-19,5218,15,525,לב הפארק/וייצמן-רעננה<->קניון איילון-רמת גן-1#,10525,1,#,מטרופולין,3,10525
144610385,8947913,585887871_180526,2026-05-19T15:25:00+00:00,2026-05-19T16:29:59+00:00,2026-05-19,5221,15,525,קניון איילון-רמת גן<->קרית הספורט/וייצמן-רעננה-2#,10525,2,#,מטרופולין,3,10525
144725361,8947912,585887370_180526,2026-05-19T15:55:00+00:00,2026-05-19T17:01:53+00:00,2026-05-19,5218,15,525,לב הפארק/וייצמן-רעננה<->קניון איילון-רמת גן-1#,10525,1,#,מטרופולין,3,10525
144730832,8947913,585887872_180526,2026-05-19T16:05:00+00:00,2026-05-19T17:09:59+00:00,2026-05-19,5221,15,525,קניון איילון-רמת גן<->קרית הספורט/וייצמן-רעננה-2#,10525,2,#,מטרופולין,3,10525
144730823,8947912,41657414_180526,2026-05-19T16:35:00+00:00,2026-05-19T17:41:53+00:00,2026-05-19,5218,15,525,לב הפארק/וייצמן-רעננה<->קניון איילון-רמת גן-1#,10525,1,#,מטרופולין,3,10525
144730827,8947913,41657534_180526,2026-05-19T16:45:00+00:00,2026-05-19T17:49:59+00:00,2026-05-19,5221,15,525,קניון איילון-רמת גן<->קרית הספורט/וייצמן-רעננה-2#,10525,2,#,מטרופולין,3,10525
144610485,8947912,585887371_180526,2026-05-19T17:20:00+00:00,2026-05-19T18:26:53+00:00,2026-05-19,5218,15,525,לב הפארק/וייצמן-רעננה<->קניון איילון-רמת גן-1#,10525,1,#,מטרופולין,3,10525
144725364,8947913,585887873_180526,2026-05-19T17:30:00+00:00,2026-05-19T18:34:59+00:00,2026-05-19,5221,15,525,קניון איילון-רמת גן<->קרית הספורט/וייצמן-רעננה-2#,10525,2,#,מטרופולין,3,10525
144696546,8947912,585887372_180526,2026-05-19T18:05:00+00:00,2026-05-19T19:11:53+00:00,2026-05-19,5218,15,525,לב הפארק/וייצמן-רעננה<->קניון איילון-רמת גן-1#,10525,1,#,מטרופולין,3,10525
144610496,8947913,585887874_180526,2026-05-19T18:15:00+00:00,2026-05-19T19:19:59+00:00,2026-05-19,5221,15,525,קניון איילון-רמת גן<->קרית הספורט/וייצמן-רעננה-2#,10525,2,#,מטרופולין,3,10525
144610483,8947912,3962299_180526,2026-05-19T18:50:00+00:00,2026-05-19T19:56:53+00:00,2026-05-19,5218,15,525,לב הפארק/וייצמן-רעננה<->קניון איילון-רמת גן-1#,10525,1,#,מטרופולין,3,10525
144728247,8947913,585274569_180526,2026-05-19T19:00:00+00:00,2026-05-19T20:04:59+00:00,2026-05-19,5221,15,525,קניון איילון-רמת גן<->קרית הספורט/וייצמן-רעננה-2#,10525,2,#,מטרופולין,3,10525
144610379,8947912,585238244_180526,2026-05-19T19:30:00+00:00,2026-05-19T20:36:53+00:00,2026-05-19,5218,15,525,לב הפארק/וייצמן-רעננה<->קניון איילון-רמת גן-1#,10525,1,#,מטרופולין,3,10525
144696551,8947913,585887875_180526,2026-05-19T19:45:00+00:00,2026-05-19T20:49:59+00:00,2026-05-19,5221,15,525,קניון איילון-רמת גן<->קרית הספורט/וייצמן-רעננה-2#,10525,2,#,מטרופולין,3,10525
144696547,8947913,585514837_180526,2026-05-19T20:30:00+00:00,2026-05-19T21:34:59+00:00,2026-05-19,5221,15,525,קניון איילון-רמת גן<->קרית הספורט/וייצמן-רעננה-2#,10525,2,#,מטרופולין,3,10525
144747483,8954323,41657329_190526,2026-05-20T01:50:00+00:00,2026-05-20T02:56:53+00:00,2026-05-20,5218,15,525,לב הפארק/וייצמן-רעננה<->קניון איילון-רמת גן-1#,10525,1,#,מטרופולין,3,10525
144750742,8954323,586152151_190526,2026-05-20T02:05:00+00:00,2026-05-20T03:11:53+00:00,2026-05-20,5218,15,525,לב הפארק/וייצמן-רעננה<->קניון איילון-רמת גן-1#,10525,1,#,מטרופולין,3,10525
144752568,8954324,585514773_190526,2026-05-20T02:20:00+00:00,2026-05-20T03:24:59+00:00,2026-05-20,5221,15,525,קניון איילון-רמת גן<->קרית הספורט/וייצמן-רעננה-2#,10525,2,#,מטרופולין,3,10525
144747484,8954323,41657334_190526,2026-05-20T02:20:00+00:00,2026-05-20T03:26:53+00:00,2026-05-20,5218,15,525,לב הפארק/וייצמן-רעננה<->קניון איילון-רמת גן-1#,10525,1,#,מטרופולין,3,10525
144752563,8954324,41657454_190526,2026-05-20T02:40:00+00:00,2026-05-20T03:44:59+00:00,2026-05-20,5221,15,525,קניון איילון-רמת גן<->קרית הספורט/וייצמן-רעננה-2#,10525,2,#,מטרופולין,3,10525
144747481,8954323,1347660_190526,2026-05-20T02:45:00+00:00,2026-05-20T03:51:53+00:00,2026-05-20,5218,15,525,לב הפארק/וייצמן-רעננה<->קניון איילון-רמת גן-1#,10525,1,#,מטרופולין,3,10525
144750032,8954324,585887863_190526,2026-05-20T03:00:00+00:00,2026-05-20T04:04:59+00:00,2026-05-20,5221,15,525,קניון איילון-רמת גן<->קרית הספורט/וייצמן-רעננה-2#,10525,2,#,מטרופולין,3,10525
144750860,8954323,585887353_190526,2026-05-20T03:05:00+00:00,2026-05-20T04:11:53+00:00,2026-05-20,5218,15,525,לב הפארק/וייצמן-רעננה<->קניון איילון-רמת גן-1#,10525,1,#,מטרופולין,3,10525
144750754,8954324,41657459_190526,2026-05-20T03:20:00+00:00,2026-05-20T04:24:59+00:00,2026-05-20,5221,15,525,קניון איילון-רמת גן<->קרית הספורט/וייצמן-רעננה-2#,10525,2,#,מטרופולין,3,10525
144749878,8954323,585887354_190526,2026-05-20T03:25:00+00:00,2026-05-20T04:31:53+00:00,2026-05-20,5218,15,525,לב הפארק/וייצמן-רעננה<->קניון איילון-רמת גן-1#,10525,1,#,מטרופולין,3,10525
144750947,8954324,584888439_190526,2026-05-20T03:40:00+00:00,2026-05-20T04:44:59+00:00,2026-05-20,5221,15,525,קניון איילון-רמת גן<->קרית הספורט/וייצמן-רעננה-2#,10525,2,#,מטרופולין,3,10525
144750857,8954323,1347662_190526,2026-05-20T03:45:00+00:00,2026-05-20T04:51:53+00:00,2026-05-20,5218,15,525,לב הפארק/וייצמן-רעננה<->קניון איילון-רמת גן-1#,10525,1,#,מטרופולין,3,10525
144752564,8954324,585238284_190526,2026-05-20T04:00:00+00:00,2026-05-20T05:04:59+00:00,2026-05-20,5221,15,525,קניון איילון-רמת גן<->קרית הספורט/וייצמן-רעננה-2#,10525,2,#,מטרופולין,3,10525
144752552,8954323,585887355_190526,2026-05-20T04:05:00+00:00,2026-05-20T05:11:53+00:00,2026-05-20,5218,15,525,לב הפארק/וייצמן-רעננה<->קניון איילון-רמת גן-1#,10525,1,#,מטרופולין,3,10525
144750948,8954324,585238254_190526,2026-05-20T04:20:00+00:00,2026-05-20T05:24:59+00:00,2026-05-20,5221,15,525,קניון איילון-רמת גן<->קרית הספורט/וייצמן-רעננה-2#,10525,2,#,מטרופולין,3,10525
144750740,8954323,585887356_190526,2026-05-20T04:25:00+00:00,2026-05-20T05:31:53+00:00,2026-05-20,5218,15,525,לב הפארק/וייצמן-רעננה<->קניון איילון-רמת גן-1#,10525,1,#,מטרופולין,3,10525
144747486,8954324,584888440_190526,2026-05-20T04:40:00+00:00,2026-05-20T05:44:59+00:00,2026-05-20,5221,15,525,קניון איילון-רמת גן<->קרית הספורט/וייצמן-רעננה-2#,10525,2,#,מטרופולין,3,10525
144750940,8954323,3835580_190526,2026-05-20T04:45:00+00:00,2026-05-20T05:51:53+00:00,2026-05-20,5218,15,525,לב הפארק/וייצמן-רעננה<->קניון איילון-רמת גן-1#,10525,1,#,מטרופולין,3,10525
144750867,8954324,585238252_190526,2026-05-20T05:00:00+00:00,2026-05-20T06:04:59+00:00,2026-05-20,5221,15,525,קניון איילון-רמת גן<->קרית הספורט/וייצמן-רעננה-2#,10525,2,#,מטרופולין,3,10525
144750741,8954323,585887357_190526,2026-05-20T05:05:00+00:00,2026-05-20T06:11:53+00:00,2026-05-20,5218,15,525,לב הפארק/וייצמן-רעננה<->קניון איילון-רמת גן-1#,10525,1,#,מטרופולין,3,10525
144752565,8954324,585238285_190526,2026-05-20T05:20:00+00:00,2026-05-20T06:24:59+00:00,2026-05-20,5221,15,525,קניון איילון-רמת גן<->קרית הספורט/וייצמן-רעננה-2#,10525,2,#,מטרופולין,3,10525
144752553,8954323,585887358_190526,2026-05-20T05:35:00+00:00,2026-05-20T06:41:53+00:00,2026-05-20,5218,15,525,לב הפארק/וייצמן-רעננה<->קניון איילון-רמת גן-1#,10525,1,#,מטרופולין,3,10525
144750956,8954324,585874147_190526,2026-05-20T05:50:00+00:00,2026-05-20T06:54:59+00:00,2026-05-20,5221,15,525,קניון איילון-רמת גן<->קרית הספורט/וייצמן-רעננה-2#,10525,2,#,מטרופולין,3,10525
144750861,8954323,585887359_190526,2026-05-20T06:05:00+00:00,2026-05-20T07:11:53+00:00,2026-05-20,5218,15,525,לב הפארק/וייצמן-רעננה<->קניון איילון-רמת גן-1#,10525,1,#,מטרופולין,3,10525
144750768,8954324,585887864_190526,2026-05-20T06:20:00+00:00,2026-05-20T07:24:59+00:00,2026-05-20,5221,15,525,קניון איילון-רמת גן<->קרית הספורט/וייצמן-רעננה-2#,10525,2,#,מטרופולין,3,10525
144841355,8954323,1347666_190526,2026-05-20T06:45:00+00:00,2026-05-20T07:51:53+00:00,2026-05-20,5218,15,525,לב הפארק/וייצמן-רעננה<->קניון איילון-רמת גן-1#,10525,1,#,מטרופולין,3,10525
144752569,8954324,585887865_190526,2026-05-20T07:00:00+00:00,2026-05-20T08:04:59+00:00,2026-05-20,5221,15,525,קניון איילון-רמת גן<->קרית הספורט/וייצמן-רעננה-2#,10525,2,#,מטרופולין,3,10525
144747482,8954323,3962209_190526,2026-05-20T07:25:00+00:00,2026-05-20T08:31:53+00:00,2026-05-20,5218,15,525,לב הפארק/וייצמן-רעננה<->קניון איילון-רמת גן-1#,10525,1,#,מטרופולין,3,10525
144750941,8954324,41657489_190526,2026-05-20T07:45:00+00:00,2026-05-20T08:49:59+00:00,2026-05-20,5221,15,525,קניון איילון-רמת גן<->קרית הספורט/וייצמן-רעננה-2#,10525,2,#,מטרופולין,3,10525
144753227,8954323,585887360_190526,2026-05-20T08:05:00+00:00,2026-05-20T09:11:53+00:00,2026-05-20,5218,15,525,לב הפארק/וייצמן-רעננה<->קניון איילון-רמת גן-1#,10525,1,#,מטרופולין,3,10525
144750912,8954324,585874150_190526,2026-05-20T08:30:00+00:00,2026-05-20T09:34:59+00:00,2026-05-20,5221,15,525,קניון איילון-רמת גן<->קרית הספורט/וייצמן-רעננה-2#,10525,2,#,מטרופולין,3,10525
144750735,8954323,584888430_190526,2026-05-20T08:50:00+00:00,2026-05-20T09:56:53+00:00,2026-05-20,5218,15,525,לב הפארק/וייצמן-רעננה<->קניון איילון-רמת גן-1#,10525,1,#,מטרופולין,3,10525
144753391,8954324,585514834_190526,2026-05-20T09:15:00+00:00,2026-05-20T10:19:59+00:00,2026-05-20,5221,15,525,קניון איילון-רמת גן<->קרית הספורט/וייצמן-רעננה-2#,10525,2,#,מטרופולין,3,10525
144750862,8954323,585887361_190526,2026-05-20T09:35:00+00:00,2026-05-20T10:41:53+00:00,2026-05-20,5218,15,525,לב הפארק/וייצמן-רעננה<->קניון איילון-רמת גן-1#,10525,1,#,מטרופולין,3,10525
144750833,8954324,585887866_190526,2026-05-20T10:00:00+00:00,2026-05-20T11:04:59+00:00,2026-05-20,5221,15,525,קניון איילון-רמת גן<->קרית הספורט/וייצמן-רעננה-2#,10525,2,#,מטרופולין,3,10525
144753228,8954323,585887362_190526,2026-05-20T10:20:00+00:00,2026-05-20T11:26:53+00:00,2026-05-20,5218,15,525,לב הפארק/וייצמן-רעננה<->קניון איילון-רמת גן-1#,10525,1,#,מטרופולין,3,10525
144752562,8954324,1347791_190526,2026-05-20T10:25:00+00:00,2026-05-20T11:29:59+00:00,2026-05-20,5221,15,525,קניון איילון-רמת גן<->קרית הספורט/וייצמן-רעננה-2#,10525,2,#,מטרופולין,3,10525
144750767,8954324,50256809_190526,2026-05-20T10:45:00+00:00,2026-05-20T11:49:59+00:00,2026-05-20,5221,15,525,קניון איילון-רמת גן<->קרית הספורט/וייצמן-רעננה-2#,10525,2,#,מטרופולין,3,10525
144749879,8954323,585887363_190526,2026-05-20T11:05:00+00:00,2026-05-20T12:11:53+00:00,2026-05-20,5218,15,525,לב הפארק/וייצמן-רעננה<->קניון איילון-רמת גן-1#,10525,1,#,מטרופולין,3,10525
144752622,8954324,585887867_190526,2026-05-20T11:30:00+00:00,2026-05-20T12:34:59+00:00,2026-05-20,5221,15,525,קניון איילון-רמת גן<->קרית הספורט/וייצמן-רעננה-2#,10525,2,#,מטרופולין,3,10525
144749876,8954323,25803192_190526,2026-05-20T11:50:00+00:00,2026-05-20T12:56:53+00:00,2026-05-20,5218,15,525,לב הפארק/וייצמן-רעננה<->קניון איילון-רמת גן-1#,10525,1,#,מטרופולין,3,10525
144750033,8954324,585887868_190526,2026-05-20T12:15:00+00:00,2026-05-20T13:19:59+00:00,2026-05-20,5221,15,525,קניון איילון-רמת גן<->קרית הספורט/וייצמן-רעננה-2#,10525,2,#,מטרופולין,3,10525
144750863,8954323,585887364_190526,2026-05-20T12:35:00+00:00,2026-05-20T13:41:53+00:00,2026-05-20,5218,15,525,לב הפארק/וייצמן-רעננה<->קניון איילון-רמת גן-1#,10525,1,#,מטרופולין,3,10525
144750034,8954324,585887869_190526,2026-05-20T12:45:00+00:00,2026-05-20T13:49:59+00:00,2026-05-20,5221,15,525,קניון איילון-רמת גן<->קרית הספורט/וייצמן-רעננה-2#,10525,2,#,מטרופולין,3,10525
144749880,8954323,585887365_190526,2026-05-20T13:05:00+00:00,2026-05-20T14:11:53+00:00,2026-05-20,5218,15,525,לב הפארק/וייצמן-רעננה<->קניון איילון-רמת גן-1#,10525,1,#,מטרופולין,3,10525
144750884,8954324,585238301_190526,2026-05-20T13:30:00+00:00,2026-05-20T14:34:59+00:00,2026-05-20,5221,15,525,קניון איילון-רמת גן<->קרית הספורט/וייצמן-רעננה-2#,10525,2,#,מטרופולין,3,10525
144750864,8954323,585887366_190526,2026-05-20T13:35:00+00:00,2026-05-20T14:41:53+00:00,2026-05-20,5218,15,525,לב הפארק/וייצמן-רעננה<->קניון איילון-רמת גן-1#,10525,1,#,מטרופולין,3,10525
144752554,8954323,585887367_190526,2026-05-20T14:05:00+00:00,2026-05-20T15:11:53+00:00,2026-05-20,5218,15,525,לב הפארק/וייצמן-רעננה<->קניון איילון-רמת גן-1#,10525,1,#,מטרופולין,3,10525
144752567,8954324,585512614_190526,2026-05-20T14:15:00+00:00,2026-05-20T15:19:59+00:00,2026-05-20,5221,15,525,קניון איילון-רמת גן<->קרית הספורט/וייצמן-רעננה-2#,10525,2,#,מטרופולין,3,10525
144750865,8954323,585887368_190526,2026-05-20T14:35:00+00:00,2026-05-20T15:41:53+00:00,2026-05-20,5218,15,525,לב הפארק/וייצמן-רעננה<->קניון איילון-רמת גן-1#,10525,1,#,מטרופולין,3,10525
144747487,8954324,585517157_190526,2026-05-20T14:45:00+00:00,2026-05-20T15:49:59+00:00,2026-05-20,5221,15,525,קניון איילון-רמת גן<->קרית הספורט/וייצמן-רעננה-2#,10525,2,#,מטרופולין,3,10525
144841356,8954323,585887369_190526,2026-05-20T15:15:00+00:00,2026-05-20T16:21:53+00:00,2026-05-20,5218,15,525,לב הפארק/וייצמן-רעננה<->קניון איילון-רמת גן-1#,10525,1,#,מטרופולין,3,10525
144750913,8954324,585887871_190526,2026-05-20T15:25:00+00:00,2026-05-20T16:29:59+00:00,2026-05-20,5221,15,525,קניון איילון-רמת גן<->קרית הספורט/וייצמן-רעננה-2#,10525,2,#,מטרופולין,3,10525
144841357,8954323,585887370_190526,2026-05-20T15:55:00+00:00,2026-05-20T17:01:53+00:00,2026-05-20,5218,15,525,לב הפארק/וייצמן-רעננה<->קניון איילון-רמת גן-1#,10525,1,#,מטרופולין,3,10525
144750834,8954324,585887872_190526,2026-05-20T16:05:00+00:00,2026-05-20T17:09:59+00:00,2026-05-20,5221,15,525,קניון איילון-רמת גן<->קרית הספורט/וייצמן-רעננה-2#,10525,2,#,מטרופולין,3,10525
144749877,8954323,41657414_190526,2026-05-20T16:35:00+00:00,2026-05-20T17:41:53+00:00,2026-05-20,5218,15,525,לב הפארק/וייצמן-רעננה<->קניון איילון-רמת גן-1#,10525,1,#,מטרופולין,3,10525
144747485,8954324,41657534_190526,2026-05-20T16:45:00+00:00,2026-05-20T17:49:59+00:00,2026-05-20,5221,15,525,קניון איילון-רמת גן<->קרית הספורט/וייצמן-רעננה-2#,10525,2,#,מטרופולין,3,10525
144750866,8954323,585887371_190526,2026-05-20T17:20:00+00:00,2026-05-20T18:26:53+00:00,2026-05-20,5218,15,525,לב הפארק/וייצמן-רעננה<->קניון איילון-רמת גן-1#,10525,1,#,מטרופולין,3,10525
144750914,8954324,585887873_190526,2026-05-20T17:30:00+00:00,2026-05-20T18:34:59+00:00,2026-05-20,5221,15,525,קניון איילון-רמת גן<->קרית הספורט/וייצמן-רעננה-2#,10525,2,#,מטרופולין,3,10525
144753229,8954323,585887372_190526,2026-05-20T18:05:00+00:00,2026-05-20T19:11:53+00:00,2026-05-20,5218,15,525,לב הפארק/וייצמן-רעננה<->קניון איילון-רמת גן-1#,10525,1,#,מטרופולין,3,10525
144753402,8954324,585887874_190526,2026-05-20T18:15:00+00:00,2026-05-20T19:19:59+00:00,2026-05-20,5221,15,525,קניון איילון-רמת גן<->קרית הספורט/וייצמן-רעננה-2#,10525,2,#,מטרופולין,3,10525
144750858,8954323,3962299_190526,2026-05-20T18:50:00+00:00,2026-05-20T19:56:53+00:00,2026-05-20,5218,15,525,לב הפארק/וייצמן-רעננה<->קניון איילון-רמת גן-1#,10525,1,#,מטרופולין,3,10525
144752566,8954324,585274569_190526,2026-05-20T19:00:00+00:00,2026-05-20T20:04:59+00:00,2026-05-20,5221,15,525,קניון איילון-רמת גן<->קרית הספורט/וייצמן-רעננה-2#,10525,2,#,מטרופולין,3,10525
144750859,8954323,585238244_190526,2026-05-20T19:30:00+00:00,2026-05-20T20:36:53+00:00,2026-05-20,5218,15,525,לב הפארק/וייצמן-רעננה<->קניון איילון-רמת גן-1#,10525,1,#,מטרופולין,3,10525
144753403,8954324,585887875_190526,2026-05-20T19:45:00+00:00,2026-05-20T20:49:59+00:00,2026-05-20,5221,15,525,קניון איילון-רמת גן<->קרית הספורט/וייצמן-רעננה-2#,10525,2,#,מטרופולין,3,10525
144750955,8954324,585514837_190526,2026-05-20T20:30:00+00:00,2026-05-20T21:34:59+00:00,2026-05-20,5221,15,525,קניון איילון-רמת גן<->קרית הספורט/וייצמן-רעננה-2#,10525,2,#,מטרופולין,3,10525
144863820,8960452,47086780_210526,2026-05-21T01:55:00+00:00,2026-05-21T03:01:53+00:00,2026-05-21,5218,15,525,לב הפארק/וייצמן-רעננה<->קניון איילון-רמת גן-1#,10525,1,#,מטרופולין,3,10525
144863832,8960453,47086790_210526,2026-05-21T02:50:00+00:00,2026-05-21T03:54:59+00:00,2026-05-21,5221,15,525,קניון איילון-רמת גן<->קרית הספורט/וייצמן-רעננה-2#,10525,2,#,מטרופולין,3,10525
144863821,8960452,16933851_210526,2026-05-21T03:20:00+00:00,2026-05-21T04:26:53+00:00,2026-05-21,5218,15,525,לב הפארק/וייצמן-רעננה<->קניון איילון-רמת גן-1#,10525,1,#,מטרופולין,3,10525
144912601,8960453,3835670_210526,2026-05-21T03:30:00+00:00,2026-05-21T04:34:59+00:00,2026-05-21,5221,15,525,קניון איילון-רמת גן<->קרית הספורט/וייצמן-רעננה-2#,10525,2,#,מטרופולין,3,10525
144912602,8960453,47086792_210526,2026-05-21T04:45:00+00:00,2026-05-21T05:49:59+00:00,2026-05-21,5221,15,525,קניון איילון-רמת גן<->קרית הספורט/וייצמן-רעננה-2#,10525,2,#,מטרופולין,3,10525
144865571,8960452,47086782_210526,2026-05-21T05:15:00+00:00,2026-05-21T06:21:53+00:00,2026-05-21,5218,15,525,לב הפארק/וייצמן-רעננה<->קניון איילון-רמת גן-1#,10525,1,#,מטרופולין,3,10525
144865814,8960452,47086783_210526,2026-05-21T05:55:00+00:00,2026-05-21T07:01:53+00:00,2026-05-21,5218,15,525,לב הפארק/וייצמן-רעננה<->קניון איילון-רמת גן-1#,10525,1,#,מטרופולין,3,10525
144912603,8960453,47086793_210526,2026-05-21T06:00:00+00:00,2026-05-21T07:04:59+00:00,2026-05-21,5221,15,525,קניון איילון-רמת גן<->קרית הספורט/וייצמן-רעננה-2#,10525,2,#,מטרופולין,3,10525
144866155,8960452,47086784_210526,2026-05-21T07:15:00+00:00,2026-05-21T08:21:53+00:00,2026-05-21,5218,15,525,לב הפארק/וייצמן-רעננה<->קניון איילון-רמת גן-1#,10525,1,#,מטרופולין,3,10525
144863833,8960453,47086794_210526,2026-05-21T08:00:00+00:00,2026-05-21T09:04:59+00:00,2026-05-21,5221,15,525,קניון איילון-רמת גן<->קרית הספורט/וייצמן-רעננה-2#,10525,2,#,מטרופולין,3,10525
144863822,8960452,47086785_210526,2026-05-21T08:35:00+00:00,2026-05-21T09:41:53+00:00,2026-05-21,5218,15,525,לב הפארק/וייצמן-רעננה<->קניון איילון-רמת גן-1#,10525,1,#,מטרופולין,3,10525
144866115,8960452,47086786_210526,2026-05-21T09:15:00+00:00,2026-05-21T10:21:53+00:00,2026-05-21,5218,15,525,לב הפארק/וייצמן-רעננה<->קניון איילון-רמת גן-1#,10525,1,#,מטרופולין,3,10525
144865845,8960453,41657503_210526,2026-05-21T09:45:00+00:00,2026-05-21T10:49:59+00:00,2026-05-21,5221,15,525,קניון איילון-רמת גן<->קרית הספורט/וייצמן-רעננה-2#,10525,2,#,מטרופולין,3,10525
144912604,8960453,47086796_210526,2026-05-21T10:45:00+00:00,2026-05-21T11:49:59+00:00,2026-05-21,5221,15,525,קניון איילון-רמת גן<->קרית הספורט/וייצמן-רעננה-2#,10525,2,#,מטרופולין,3,10525
144865570,8960452,41657393_210526,2026-05-21T11:10:00+00:00,2026-05-21T12:16:53+00:00,2026-05-21,5218,15,525,לב הפארק/וייצמן-רעננה<->קניון איילון-רמת גן-1#,10525,1,#,מטרופולין,3,10525
144864179,8960453,47086797_210526,2026-05-21T11:40:00+00:00,2026-05-21T12:44:59+00:00,2026-05-21,5221,15,525,קניון איילון-רמת גן<->קרית הספורט/וייצמן-רעננה-2#,10525,2,#,מטרופולין,3,10525
144864177,8960452,586152401_210526,2026-05-21T11:40:00+00:00,2026-05-21T12:46:53+00:00,2026-05-21,5218,15,525,לב הפארק/וייצמן-רעננה<->קניון איילון-רמת גן-1#,10525,1,#,מטרופולין,3,10525
