trip_id,source_trip_id,service_day,catalog_number,sign,direction,alternative,line_id,origin_stop_id,destination_stop_id,day_offset,departure_min,arrival_min,duration_min,vehicle_type_ids,distance_km,existing_flag,custom_json,daily_passengers,weekly_passengers,avg_commuters_per_ride_weekly,low_demand_flag
1,1,unknown,70001,1,1,0,,31313,33551,0,0,57,57,urban,15.21,,,,,,True
2,2,unknown,70001,1,2,0,,33550,35315,0,0,57,57,urban,14.884,,,,,,True
3,3,unknown,24004,4,1,0,,35629,30883,0,0,15,15,,5.001,,,,,,True
4,4,unknown,24004,4,2,0,,35628,38586,0,0,17,17,,5.075,,,,,,True
5,5,unknown,69005,5,1,0,,35629,30883,0,0,39,39,,8.079,,,,,,True
6,6,unknown,69005,5,2,0,,35628,38586,0,0,30,30,,8.724,,,,,,True
7,7,unknown,47006,6,1,0,,35629,33559,0,0,26,26,,7.56,,,,,,True
8,8,unknown,47006,6,2,0,,33559,38586,0,0,29,29,,8.583,,,,,,True
9,9,unknown,22007,7,2,0,,37538,26807,0,0,97,97,,18.29,,,,,,True
10,10,unknown,23018,18,1,0,,26945,35335,0,0,56,56,urban,17.749,,,,,,True
11,11,unknown,40028,28,1,0,,20789,33551,0,0,75,75,urban,16.201,,,,,,True
12,12,unknown,40028,28,2,0,,33550,20788,0,0,76,76,urban,17.273,,,,,,True
13,13,unknown,28055,55,1,0,,20277,33551,0,0,72,72,,19.716,,,,,,True
14,14,unknown,28055,55,2,0,,33550,25867,0,0,60,60,,19.063,,,,,,True
15,15,unknown,23056,56,1,0,,20277,31574,0,0,83,83,,22.068,,,,,,True
16,16,unknown,23056,56,2,0,,31052,25867,0,0,79,79,,21.135,,,,,,True
17,17,unknown,14068,68,1,0,,20277,33551,0,0,75,75,,20.409,,,,,,True
18,18,unknown,14068,68,2,0,,33550,25867,0,0,53,53,,20.664,,,,,,True
19,19,unknown,11179,179,2,0,,33599,38586,0,0,50,50,,23.289,,,,,,True
20,20,unknown,10236,236,1,0,,25358,35335,0,0,51,51,urban,16.679,,,,,,True
21,21,unknown,14256,256,2,0,,20001,36639,0,0,43,43,urban,16.346,,,,,,True
22,22,unknown,10277,277,1,0,,35628,2000,0,0,105,105,,60.063,,,,,,True
23,23,unknown,10277,277,2,0,,2007,30883,0,0,100,100,,60.455,,,,,,True
24,24,unknown,19279,279,2,0,,36583,38586,0,0,50,50,,23.212,,,,,,True
25,25,unknown,12281,281,2,0,,61417,30883,0,0,75,75,,40.244,,,,,,True
26,26,unknown,47006,6,1,0,,35629,33559,0,60,86,26,,7.56,,,,,,True
27,27,unknown,20036,36,2,0,,31313,25867,0,240,328,88,,17.287,,,,,,True
28,28,unknown,21037,37,2,0,,31581,27997,0,240,299,59,urban,19.037,,,,,,True
29,29,unknown,23076,76,2,0,,35315,33598,0,240,309,69,urban,15.606,,,,,,True
30,30,unknown,70001,1,1,0,,31313,33551,0,300,357,57,urban,15.21,,,,,,True
31,31,unknown,22007,7,1,0,,26806,31491,0,300,398,98,,16.573,,,,,,True
32,32,unknown,22007,7,2,0,,37538,26807,0,300,397,97,,18.29,,,,,,True
33,33,unknown,37008,8,2,0,,31377,34063,0,300,366,66,urban,18.924,,,,,,True
34,34,unknown,42010,10,3,0,,37538,38924,0,300,310,10,urban,4.0,,,,,,True
35,35,unknown,23018,18,1,0,,26945,35335,0,300,373,73,urban,17.749,,,,,,True
36,36,unknown,23018,18,2,0,,35315,26945,0,300,373,73,urban,17.291,,,,,,True
37,37,unknown,40028,28,1,0,,20789,33551,0,300,375,75,urban,16.201,,,,,,True
38,38,unknown,40028,28,2,0,,33550,20788,0,300,354,54,urban,17.273,,,,,,True
39,39,unknown,20036,36,1,0,,20277,35315,0,300,369,69,,17.54,,,,,,True
40,40,unknown,20036,36,2,0,,31313,25867,0,300,388,88,,17.287,,,,,,True
41,41,unknown,21037,37,1,0,,20001,31574,0,300,341,41,urban,18.78,,,,,,True
42,42,unknown,21037,37,2,0,,31581,27997,0,300,343,43,urban,19.037,,,,,,True
43,43,unknown,28055,55,1,0,,20277,33551,0,300,387,87,,19.716,,,,,,True
44,44,unknown,28055,55,2,0,,33550,25867,0,300,355,55,,19.063,,,,,,True
45,45,unknown,23056,56,2,0,,31052,25867,0,300,381,81,,21.135,,,,,,True
46,46,unknown,21059,59,1,0,,20001,35341,0,300,370,70,urban,18.289,,,,,,True
47,47,unknown,21059,59,2,0,,31313,27997,0,300,350,50,urban,18.79,,,,,,True
48,48,unknown,14068,68,1,0,,20277,33551,0,300,375,75,,20.409,,,,,,True
49,49,unknown,14068,68,2,0,,33550,25867,0,300,353,53,,20.664,,,,,,True
50,50,unknown,15069,69,2,0,,38160,27997,0,300,350,50,urban,13.999,,,,,,True
51,51,unknown,23076,76,1,0,,33599,35335,0,300,364,64,urban,15.827,,,,,,True
52,52,unknown,23076,76,2,0,,35315,33598,0,300,369,69,urban,15.606,,,,,,True
53,53,unknown,17078,78,1,0,,33599,35335,0,300,346,46,urban,20.953,,,,,,True
54,54,unknown,17078,78,2,0,,35315,33598,0,300,371,71,urban,20.373,,,,,,True
55,55,unknown,13139,139,1,0,,38160,39943,0,300,385,85,urban,26.142,,,,,,True
56,56,unknown,11168,168,2,0,,33550,25354,0,300,374,74,urban,15.975,,,,,,True
57,57,unknown,15173,173,1,0,,33567,31738,0,300,370,70,,29.337,,,,,,True
58,58,unknown,10236,236,2,0,,31313,26956,0,300,365,65,urban,16.302,,,,,,True
59,59,unknown,14256,256,1,0,,35475,25937,0,300,352,52,urban,16.116,,,,,,True
60,60,unknown,10277,277,1,0,,35628,2000,0,300,405,105,,60.063,,,,,,True
61,61,unknown,10277,277,2,0,,2007,30883,0,300,400,100,,60.455,,,,,,True
62,62,unknown,16385,385,2,0,,31995,37679,0,300,365,65,,23.388,,,,,,True
63,63,unknown,11436,436,2,0,,38184,20164,0,300,383,83,urban,24.848,,,,,,True
64,64,unknown,14444,444,1,0,,37015,35275,0,300,380,80,,39.549,,,,,,True
65,65,unknown,14444,444,2,0,,37528,37015,0,300,394,94,,40.627,,,,,,True
66,66,unknown,14068,68,2,0,,33550,25867,0,330,387,57,,20.664,,,,,,True
67,67,unknown,70001,1,1,0,,31313,33551,0,360,413,53,urban,15.21,,,,,,True
68,68,unknown,70001,1,2,0,,33550,35315,0,360,408,48,urban,14.884,,,,,,True
69,69,unknown,58002,2,3,0,,31738,31738,0,360,400,40,urban,10.415,,,,,,True
70,70,unknown,92003,3,1,0,,31336,32742,0,360,404,44,minibus,15.095,,,,,,True
71,71,unknown,24004,4,1,0,,35629,30883,0,360,375,15,,5.001,,,,,,True
72,72,unknown,24004,4,2,0,,35628,38586,0,360,377,17,,5.075,,,,,,True
73,73,unknown,69005,5,1,0,,35629,30883,0,360,399,39,,8.079,,,,,,True
74,74,unknown,69005,5,2,0,,35628,38586,0,360,390,30,,8.724,,,,,,True
75,75,unknown,47006,6,1,0,,35629,33559,0,360,386,26,,7.56,,,,,,True
76,76,unknown,47006,6,2,0,,33559,38586,0,360,389,29,,8.583,,,,,,True
77,77,unknown,22007,7,1,0,,26806,31491,0,360,458,98,,16.573,,,,,,True
78,78,unknown,22007,7,2,0,,37538,26807,0,360,457,97,,18.29,,,,,,True
79,79,unknown,37008,8,1,0,,31345,32742,0,360,425,65,urban,19.271,,,,,,True
80,80,unknown,37008,8,2,0,,31377,34063,0,360,413,53,urban,18.924,,,,,,True
81,81,unknown,42010,10,3,0,,37538,38924,0,360,372,12,urban,4.0,,,,,,True
82,82,unknown,34015,15,1,0,,35315,31470,0,360,415,55,minibus,16.789,,,,,,True
83,83,unknown,34015,15,2,0,,31470,35335,0,360,402,42,minibus,16.538,,,,,,True
84,84,unknown,23018,18,1,0,,26945,35335,0,360,433,73,urban,17.749,,,,,,True
85,85,unknown,23018,18,2,0,,35315,26945,0,360,433,73,urban,17.291,,,,,,True
86,86,unknown,40028,28,1,0,,20789,33551,0,360,413,53,urban,16.201,,,,,,True
87,87,unknown,40028,28,2,0,,33550,20788,0,360,436,76,urban,17.273,,,,,,True
88,88,unknown,20036,36,1,0,,20277,35315,0,360,429,69,,17.54,,,,,,True
89,89,unknown,20036,36,2,0,,31313,25867,0,360,448,88,,17.287,,,,,,True
90,90,unknown,21037,37,1,0,,20001,31574,0,360,410,50,urban,18.78,,,,,,True
91,91,unknown,21037,37,2,0,,31581,27997,0,360,414,54,urban,19.037,,,,,,True
92,92,unknown,28055,55,1,0,,20277,33551,0,360,432,72,,19.716,,,,,,True
93,93,unknown,28055,55,2,0,,33550,25867,0,360,427,67,,19.063,,,,,,True
94,94,unknown,23056,56,1,0,,20277,31574,0,360,443,83,,22.068,,,,,,True
95,95,unknown,23056,56,2,0,,31052,25867,0,360,439,79,,21.135,,,,,,True
96,96,unknown,20058,58,2,0,,32771,31738,0,360,445,85,,25.071,,,,,,True
97,97,unknown,21059,59,1,0,,20001,35341,0,360,430,70,urban,18.289,,,,,,True
98,98,unknown,21059,59,2,0,,31313,27997,0,360,415,55,urban,18.79,,,,,,True
99,99,unknown,14068,68,1,0,,20277,33551,0,360,435,75,,20.409,,,,,,True
100,100,unknown,14068,68,2,0,,33550,25867,0,360,420,60,,20.664,,,,,,True
101,101,unknown,15069,69,1,0,,20001,31738,0,360,415,55,urban,14.471,,,,,,True
102,102,unknown,15069,69,2,0,,38160,27997,0,360,398,38,urban,13.999,,,,,,True
103,103,unknown,31075,75,3,0,,31481,35475,0,360,420,60,urban,17.458,,,,,,True
104,104,unknown,23076,76,1,0,,33599,35335,0,360,410,50,urban,15.827,,,,,,True
105,105,unknown,23076,76,2,0,,35315,33598,0,360,415,55,urban,15.606,,,,,,True
106,106,unknown,33077,77,1,0,,31313,31424,0,360,412,52,urban,15.935,,,,,,True
107,107,unknown,33077,77,2,0,,35377,35335,0,360,403,43,urban,15.376,,,,,,True
108,108,unknown,17078,78,1,0,,33599,35335,0,360,420,60,urban,20.953,,,,,,True
109,109,unknown,17078,78,2,0,,35315,33598,0,360,431,71,urban,20.373,,,,,,True
110,110,unknown,37085,85,1,0,,32298,32771,0,360,409,49,,23.868,,,,,,True
111,111,unknown,37085,85,2,0,,32771,31314,0,360,430,70,,23.699,,,,,,True
112,112,unknown,16115,115,1,0,,33550,25867,0,360,450,90,,17.741,,,,,,True
113,113,unknown,16115,115,2,0,,20277,33551,0,360,447,87,,17.818,,,,,,True
114,114,unknown,10137,137,2,0,,14464,15657,0,360,435,75,,9.929,,,,,,True
115,115,unknown,10138,138,1,0,,31344,39943,0,360,421,61,urban,23.767,,,,,,True
116,116,unknown,10138,138,2,0,,31685,31574,0,360,437,77,urban,25.049,,,,,,True
117,117,unknown,13139,139,1,0,,38160,39943,0,360,445,85,urban,26.142,,,,,,True
118,118,unknown,13139,139,2,0,,31685,31738,0,360,475,115,urban,26.47,,,,,,True
119,119,unknown,11168,168,1,0,,22935,33551,0,360,407,47,urban,16.738,,,,,,True
120,120,unknown,11168,168,2,0,,33550,25354,0,360,411,51,urban,15.975,,,,,,True
121,121,unknown,15173,173,1,0,,33567,31738,0,360,430,70,,29.337,,,,,,True
122,122,unknown,15173,173,2,0,,38160,39590,0,360,413,53,,28.673,,,,,,True
123,123,unknown,11179,179,1,0,,35629,33598,0,360,430,70,,23.581,,,,,,True
124,124,unknown,11179,179,2,0,,33599,38586,0,360,413,53,,23.289,,,,,,True
125,125,unknown,12180,180,1,0,,35552,20164,0,360,429,69,,21.351,,,,,,True
126,126,unknown,19205,205,1,0,,31574,26807,0,360,421,61,,21.244,,,,,,True
127,127,unknown,19205,205,2,0,,26806,31574,0,360,433,73,,20.788,,,,,,True
128,128,unknown,10236,236,2,0,,31313,26956,0,360,421,61,urban,16.302,,,,,,True
129,129,unknown,14256,256,1,0,,35475,25937,0,360,401,41,urban,16.116,,,,,,True
130,130,unknown,10277,277,1,0,,35628,2000,0,360,465,105,,60.063,,,,,,True
131,131,unknown,19279,279,1,0,,35629,36583,0,360,435,75,,23.87,,,,,,True
132,132,unknown,19279,279,2,0,,36583,38586,0,360,424,64,,23.212,,,,,,True
133,133,unknown,11280,280,1,0,,35552,20164,0,360,435,75,,23.308,,,,,,True
134,134,unknown,12281,281,1,0,,35628,60817,0,360,430,70,,36.492,,,,,,True
135,135,unknown,12281,281,2,0,,61417,30883,0,360,435,75,,40.244,,,,,,True
136,136,unknown,11379,379,1,0,,35547,27997,0,360,446,86,,26.52,,,,,,True
137,137,unknown,16385,385,2,0,,31995,37679,0,360,425,65,,23.388,,,,,,True
138,138,unknown,11436,436,1,0,,20163,31557,0,360,445,85,urban,26.237,,,,,,True
139,139,unknown,11436,436,2,0,,38184,20164,0,360,420,60,urban,24.848,,,,,,True
140,140,unknown,14444,444,1,0,,37015,35275,0,360,440,80,,39.549,,,,,,True
141,141,unknown,14444,444,2,0,,37528,37015,0,360,454,94,,40.627,,,,,,True
142,142,unknown,42010,10,3,0,,37538,38924,0,390,400,10,urban,4.0,,,,,,True
143,143,unknown,70001,1,1,0,,31313,33551,0,420,488,68,urban,15.21,,,,,,True
144,144,unknown,70001,1,2,0,,33550,35315,0,420,498,78,urban,14.884,,,,,,True
145,145,unknown,58002,2,3,0,,31738,31738,0,420,460,40,urban,10.415,,,,,,True
146,146,unknown,92003,3,1,0,,31336,32742,0,420,470,50,minibus,15.095,,,,,,True
147,147,unknown,92003,3,2,0,,31377,31736,0,420,460,40,minibus,15.13,,,,,,True
148,148,unknown,24004,4,1,0,,35629,30883,0,420,435,15,,5.001,,,,,,True
149,149,unknown,24004,4,2,0,,35628,38586,0,420,435,15,,5.075,,,,,,True
150,150,unknown,69005,5,1,0,,35629,30883,0,420,459,39,,8.079,,,,,,True
151,151,unknown,69005,5,2,0,,35628,38586,0,420,450,30,,8.724,,,,,,True
152,152,unknown,47006,6,1,0,,35629,33559,0,420,446,26,,7.56,,,,,,True
153,153,unknown,47006,6,2,0,,33559,38586,0,420,450,30,,8.583,,,,,,True
154,154,unknown,22007,7,1,0,,26806,31491,0,420,524,104,,16.573,,,,,,True
155,155,unknown,22007,7,2,0,,37538,26807,0,420,517,97,,18.29,,,,,,True
156,156,unknown,37008,8,1,0,,31345,32742,0,420,500,80,urban,19.271,,,,,,True
157,157,unknown,37008,8,2,0,,31377,34063,0,420,494,74,urban,18.924,,,,,,True
158,158,unknown,42010,10,3,0,,37538,38924,0,420,433,13,urban,4.0,,,,,,True
159,159,unknown,34015,15,1,0,,35315,31470,0,420,475,55,minibus,16.789,,,,,,True
160,160,unknown,34015,15,2,0,,31470,35335,0,420,480,60,minibus,16.538,,,,,,True
161,161,unknown,23018,18,1,0,,26945,35335,0,420,493,73,urban,17.749,,,,,,True
162,162,unknown,23018,18,2,0,,35315,26945,0,420,493,73,urban,17.291,,,,,,True
163,163,unknown,40028,28,1,0,,20789,33551,0,420,477,57,urban,16.201,,,,,,True
164,164,unknown,40028,28,2,0,,33550,20788,0,420,496,76,urban,17.273,,,,,,True
165,165,unknown,20036,36,1,0,,20277,35315,0,420,493,73,,17.54,,,,,,True
166,166,unknown,20036,36,2,0,,31313,25867,0,420,508,88,,17.287,,,,,,True
167,167,unknown,21037,37,1,0,,20001,31574,0,420,479,59,urban,18.78,,,,,,True
168,168,unknown,21037,37,2,0,,31581,27997,0,420,496,76,urban,19.037,,,,,,True
169,169,unknown,28055,55,1,0,,20277,33551,0,420,522,102,,19.716,,,,,,True
170,170,unknown,28055,55,2,0,,33550,25867,0,420,527,107,,19.063,,,,,,True
171,171,unknown,23056,56,1,0,,20277,31574,0,420,506,86,,22.068,,,,,,True
172,172,unknown,23056,56,2,0,,31052,25867,0,420,505,85,,21.135,,,,,,True
173,173,unknown,21059,59,1,0,,20001,35341,0,420,480,60,urban,18.289,,,,,,True
174,174,unknown,21059,59,2,0,,31313,27997,0,420,506,86,urban,18.79,,,,,,True
175,175,unknown,14068,68,1,0,,20277,33551,0,420,495,75,,20.409,,,,,,True
176,176,unknown,14068,68,2,0,,33550,25867,0,420,501,81,,20.664,,,,,,True
177,177,unknown,15069,69,1,0,,20001,31738,0,420,476,56,urban,14.471,,,,,,True
178,178,unknown,15069,69,2,0,,38160,27997,0,420,480,60,urban,13.999,,,,,,True
179,179,unknown,31075,75,3,0,,31481,35475,0,420,479,59,urban,17.458,,,,,,True
180,180,unknown,23076,76,1,0,,33599,35335,0,420,488,68,urban,15.827,,,,,,True
181,181,unknown,23076,76,2,0,,35315,33598,0,420,485,65,urban,15.606,,,,,,True
182,182,unknown,33077,77,1,0,,31313,31424,0,420,482,62,urban,15.935,,,,,,True
183,183,unknown,33077,77,2,0,,35377,35335,0,420,463,43,urban,15.376,,,,,,True
184,184,unknown,17078,78,1,0,,33599,35335,0,420,497,77,urban,20.953,,,,,,True
185,185,unknown,17078,78,2,0,,35315,33598,0,420,491,71,urban,20.373,,,,,,True
186,186,unknown,37085,85,1,0,,32298,32771,0,420,481,61,,23.868,,,,,,True
187,187,unknown,37085,85,2,0,,32771,31314,0,420,490,70,,23.699,,,,,,True
188,188,unknown,16115,115,1,0,,33550,25867,0,420,510,90,,17.741,,,,,,True
189,189,unknown,16115,115,2,0,,20277,33551,0,420,507,87,,17.818,,,,,,True
190,190,unknown,10137,137,1,0,,13907,14464,0,420,498,78,,9.406,,,,,,True
191,191,unknown,10137,137,2,0,,14464,15657,0,420,522,102,,9.929,,,,,,True
192,192,unknown,10138,138,1,0,,31344,39943,0,420,491,71,urban,23.767,,,,,,True
193,193,unknown,10138,138,2,0,,31685,31574,0,420,491,71,urban,25.049,,,,,,True
194,194,unknown,13139,139,1,0,,38160,39943,0,420,505,85,urban,26.142,,,,,,True
195,195,unknown,13139,139,2,0,,31685,31738,0,420,535,115,urban,26.47,,,,,,True
196,196,unknown,11168,168,1,0,,22935,33551,0,420,493,73,urban,16.738,,,,,,True
197,197,unknown,11168,168,2,0,,33550,25354,0,420,496,76,urban,15.975,,,,,,True
198,198,unknown,15174,174,1,0,,33567,35105,0,420,531,111,,45.263,,,,,,True
199,199,unknown,11179,179,1,0,,35629,33598,0,420,504,84,,23.581,,,,,,True
200,200,unknown,11179,179,2,0,,33599,38586,0,420,485,65,,23.289,,,,,,True
201,201,unknown,12180,180,1,0,,35552,20164,0,420,489,69,,21.351,,,,,,True
202,202,unknown,12180,180,2,0,,20163,39590,0,420,475,55,,23.197,,,,,,True
203,203,unknown,19205,205,1,0,,31574,26807,0,420,498,78,,21.244,,,,,,True
204,204,unknown,19205,205,2,0,,26806,31574,0,420,490,70,,20.788,,,,,,True
205,205,unknown,10236,236,1,0,,25358,35335,0,420,488,68,urban,16.679,,,,,,True
206,206,unknown,10236,236,2,0,,31313,26956,0,420,485,65,urban,16.302,,,,,,True
207,207,unknown,14256,256,1,0,,35475,25937,0,420,462,42,urban,16.116,,,,,,True
208,208,unknown,14256,256,2,0,,20001,36639,0,420,475,55,urban,16.346,,,,,,True
209,209,unknown,10277,277,1,0,,35628,2000,0,420,525,105,,60.063,,,,,,True
210,210,unknown,10277,277,2,0,,2007,30883,0,420,520,100,,60.455,,,,,,True
211,211,unknown,19279,279,1,0,,35629,36583,0,420,495,75,,23.87,,,,,,True
212,212,unknown,19279,279,2,0,,36583,38586,0,420,489,69,,23.212,,,,,,True
213,213,unknown,11280,280,1,0,,35552,20164,0,420,495,75,,23.308,,,,,,True
214,214,unknown,12281,281,2,0,,61417,30883,0,420,495,75,,40.244,,,,,,True
215,215,unknown,16285,285,1,0,,35628,13116,0,420,520,100,,68.169,,,,,,True
216,216,unknown,11379,379,1,0,,35547,27997,0,420,506,86,,26.52,,,,,,True
217,217,unknown,11436,436,1,0,,20163,31557,0,420,507,87,urban,26.237,,,,,,True
218,218,unknown,11436,436,2,0,,38184,20164,0,420,503,83,urban,24.848,,,,,,True
219,219,unknown,14444,444,2,0,,37528,37015,0,420,514,94,,40.627,,,,,,True
220,220,unknown,47006,6,2,0,,33559,38586,0,440,477,37,,8.583,,,,,,True
221,221,unknown,24004,4,1,0,,35629,30883,0,450,466,16,,5.001,,,,,,True
222,222,unknown,24004,4,2,0,,35628,38586,0,450,466,16,,5.075,,,,,,True
223,223,unknown,69005,5,1,0,,35629,30883,0,450,490,40,,8.079,,,,,,True
224,224,unknown,69005,5,2,0,,35628,38586,0,450,491,41,,8.724,,,,,,True
225,225,unknown,42010,10,3,0,,37538,38924,0,450,460,10,urban,4.0,,,,,,True
226,226,unknown,20036,36,2,0,,31313,25867,0,450,541,91,,17.287,,,,,,True
227,227,unknown,23056,56,2,0,,31052,25867,0,450,548,98,,21.135,,,,,,True
228,228,unknown,14068,68,2,0,,33550,25867,0,450,547,97,,20.664,,,,,,True
229,229,unknown,12180,180,1,0,,35552,20164,0,450,539,89,,21.351,,,,,,True
230,230,unknown,47006,6,2,0,,33559,38586,0,460,505,45,,8.583,,,,,,True
231,231,unknown,70001,1,1,0,,31313,33551,0,480,551,71,urban,15.21,,,,,,True
232,232,unknown,70001,1,2,0,,33550,35315,0,480,558,78,urban,14.884,,,,,,True
233,233,unknown,58002,2,3,0,,31738,31738,0,480,520,40,urban,10.415,,,,,,True
234,234,unknown,92003,3,2,0,,31377,31736,0,480,524,44,minibus,15.13,,,,,,True
235,235,unknown,24004,4,1,0,,35629,30883,0,480,500,20,,5.001,,,,,,True
236,236,unknown,24004,4,2,0,,35628,38586,0,480,507,27,,5.075,,,,,,True
237,237,unknown,69005,5,1,0,,35629,30883,0,480,519,39,,8.079,,,,,,True
238,238,unknown,69005,5,2,0,,35628,38586,0,480,517,37,,8.724,,,,,,True
239,239,unknown,47006,6,1,0,,35629,33559,0,480,514,34,,7.56,,,,,,True
240,240,unknown,47006,6,2,0,,33559,38586,0,480,517,37,,8.583,,,,,,True
241,241,unknown,22007,7,1,0,,26806,31491,0,480,578,98,,16.573,,,,,,True
242,242,unknown,22007,7,2,0,,37538,26807,0,480,577,97,,18.29,,,,,,True
243,243,unknown,37008,8,1,0,,31345,32742,0,480,556,76,urban,19.271,,,,,,True
244,244,unknown,37008,8,2,0,,31377,34063,0,480,566,86,urban,18.924,,,,,,True
245,245,unknown,42010,10,3,0,,37538,38924,0,480,493,13,urban,4.0,,,,,,True
246,246,unknown,34015,15,1,0,,35315,31470,0,480,544,64,minibus,16.789,,,,,,True
247,247,unknown,34015,15,2,0,,31470,35335,0,480,538,58,minibus,16.538,,,,,,True
248,248,unknown,23018,18,1,0,,26945,35335,0,480,553,73,urban,17.749,,,,,,True
249,249,unknown,23018,18,2,0,,35315,26945,0,480,553,73,urban,17.291,,,,,,True
250,250,unknown,40028,28,1,0,,20789,33551,0,480,542,62,urban,16.201,,,,,,True
251,251,unknown,40028,28,2,0,,33550,20788,0,480,556,76,urban,17.273,,,,,,True
252,252,unknown,20036,36,1,0,,20277,35315,0,480,555,75,,17.54,,,,,,True
253,253,unknown,20036,36,2,0,,31313,25867,0,480,573,93,,17.287,,,,,,True
254,254,unknown,21037,37,1,0,,20001,31574,0,480,542,62,urban,18.78,,,,,,True
255,255,unknown,21037,37,2,0,,31581,27997,0,480,556,76,urban,19.037,,,,,,True
256,256,unknown,28055,55,1,0,,20277,33551,0,480,570,90,,19.716,,,,,,True
257,257,unknown,28055,55,2,0,,33550,25867,0,480,585,105,,19.063,,,,,,True
258,258,unknown,23056,56,1,0,,20277,31574,0,480,570,90,,22.068,,,,,,True
259,259,unknown,23056,56,2,0,,31052,25867,0,480,574,94,,21.135,,,,,,True
260,260,unknown,20058,58,2,0,,32771,31738,0,480,565,85,,25.071,,,,,,True
261,261,unknown,21059,59,1,0,,20001,35341,0,480,565,85,urban,18.289,,,,,,True
262,262,unknown,21059,59,2,0,,31313,27997,0,480,573,93,urban,18.79,,,,,,True
263,263,unknown,14068,68,1,0,,20277,33551,0,480,555,75,,20.409,,,,,,True
264,264,unknown,14068,68,2,0,,33550,25867,0,480,570,90,,20.664,,,,,,True
265,265,unknown,15069,69,1,0,,20001,31738,0,480,536,56,urban,14.471,,,,,,True
266,266,unknown,15069,69,2,0,,38160,27997,0,480,558,78,urban,13.999,,,,,,True
267,267,unknown,31075,75,3,0,,31481,35475,0,480,553,73,urban,17.458,,,,,,True
268,268,unknown,23076,76,1,0,,33599,35335,0,480,556,76,urban,15.827,,,,,,True
269,269,unknown,23076,76,2,0,,35315,33598,0,480,547,67,urban,15.606,,,,,,True
270,270,unknown,33077,77,1,0,,31313,31424,0,480,541,61,urban,15.935,,,,,,True
271,271,unknown,33077,77,2,0,,35377,35335,0,480,535,55,urban,15.376,,,,,,True
272,272,unknown,17078,78,1,0,,33599,35335,0,480,548,68,urban,20.953,,,,,,True
273,273,unknown,17078,78,2,0,,35315,33598,0,480,551,71,urban,20.373,,,,,,True
274,274,unknown,37085,85,1,0,,32298,32771,0,480,541,61,,23.868,,,,,,True
275,275,unknown,37085,85,2,0,,32771,31314,0,480,550,70,,23.699,,,,,,True
276,276,unknown,16115,115,1,0,,33550,25867,0,480,574,94,,17.741,,,,,,True
277,277,unknown,16115,115,2,0,,20277,33551,0,480,567,87,,17.818,,,,,,True
278,278,unknown,10137,137,2,0,,14464,15657,0,480,588,108,,9.929,,,,,,True
279,279,unknown,10138,138,1,0,,31344,39943,0,480,567,87,urban,23.767,,,,,,True
280,280,unknown,10138,138,2,0,,31685,31574,0,480,557,77,urban,25.049,,,,,,True
281,281,unknown,13139,139,1,0,,38160,39943,0,480,565,85,urban,26.142,,,,,,True
282,282,unknown,13139,139,2,0,,31685,31738,0,480,595,115,urban,26.47,,,,,,True
283,283,unknown,11168,168,1,0,,22935,33551,0,480,535,55,urban,16.738,,,,,,True
284,284,unknown,11168,168,2,0,,33550,25354,0,480,558,78,urban,15.975,,,,,,True
285,285,unknown,15173,173,2,0,,38160,39590,0,480,532,52,,28.673,,,,,,True
286,286,unknown,11179,179,1,0,,35629,33598,0,480,550,70,,23.581,,,,,,True
287,287,unknown,11179,179,2,0,,33599,38586,0,480,539,59,,23.289,,,,,,True
288,288,unknown,12180,180,1,0,,35552,20164,0,480,571,91,,21.351,,,,,,True
289,289,unknown,19205,205,1,0,,31574,26807,0,480,566,86,,21.244,,,,,,True
290,290,unknown,19205,205,2,0,,26806,31574,0,480,558,78,,20.788,,,,,,True
291,291,unknown,10236,236,1,0,,25358,35335,0,480,544,64,urban,16.679,,,,,,True
292,292,unknown,10236,236,2,0,,31313,26956,0,480,542,62,urban,16.302,,,,,,True
293,293,unknown,14256,256,1,0,,35475,25937,0,480,532,52,urban,16.116,,,,,,True
294,294,unknown,14256,256,2,0,,20001,36639,0,480,521,41,urban,16.346,,,,,,True
295,295,unknown,10277,277,1,0,,35628,2000,0,480,585,105,,60.063,,,,,,True
296,296,unknown,10277,277,2,0,,2007,30883,0,480,580,100,,60.455,,,,,,True
297,297,unknown,19279,279,1,0,,35629,36583,0,480,555,75,,23.87,,,,,,True
298,298,unknown,19279,279,2,0,,36583,38586,0,480,535,55,,23.212,,,,,,True
299,299,unknown,11280,280,1,0,,35552,20164,0,480,553,73,,23.308,,,,,,True
300,300,unknown,12281,281,1,0,,35628,60817,0,480,550,70,,36.492,,,,,,True
301,301,unknown,12281,281,2,0,,61417,30883,0,480,555,75,,40.244,,,,,,True
302,302,unknown,11379,379,1,0,,35547,27997,0,480,572,92,,26.52,,,,,,True
303,303,unknown,11436,436,1,0,,20163,31557,0,480,565,85,urban,26.237,,,,,,True
304,304,unknown,14444,444,1,0,,37015,35275,0,480,560,80,,39.549,,,,,,True
305,305,unknown,14444,444,2,0,,37528,37015,0,480,574,94,,40.627,,,,,,True
306,306,unknown,47006,6,2,0,,33559,38586,0,510,544,34,,8.583,,,,,,True
307,307,unknown,42010,10,3,0,,37538,38924,0,510,520,10,urban,4.0,,,,,,True
308,308,unknown,23056,56,2,0,,31052,25867,0,510,612,102,,21.135,,,,,,True
309,309,unknown,14068,68,1,0,,20277,33551,0,510,585,75,,20.409,,,,,,True
310,310,unknown,14068,68,2,0,,33550,25867,0,510,600,90,,20.664,,,,,,True
311,311,unknown,70001,1,1,0,,31313,33551,0,540,603,63,urban,15.21,,,,,,True
312,312,unknown,70001,1,2,0,,33550,35315,0,540,599,59,urban,14.884,,,,,,True
313,313,unknown,58002,2,3,0,,31738,31738,0,540,580,40,urban,10.415,,,,,,True
314,314,unknown,24004,4,1,0,,35629,30883,0,540,557,17,,5.001,,,,,,True
315,315,unknown,24004,4,2,0,,35628,38586,0,540,558,18,,5.075,,,,,,True
316,316,unknown,69005,5,1,0,,35629,30883,0,540,579,39,,8.079,,,,,,True
317,317,unknown,69005,5,2,0,,35628,38586,0,540,570,30,,8.724,,,,,,True
318,318,unknown,47006,6,1,0,,35629,33559,0,540,566,26,,7.56,,,,,,True
319,319,unknown,47006,6,2,0,,33559,38586,0,540,583,43,,8.583,,,,,,True
320,320,unknown,22007,7,1,0,,26806,31491,0,540,638,98,,16.573,,,,,,True
321,321,unknown,22007,7,2,0,,37538,26807,0,540,637,97,,18.29,,,,,,True
322,322,unknown,37008,8,1,0,,31345,32742,0,540,605,65,urban,19.271,,,,,,True
323,323,unknown,37008,8,2,0,,31377,34063,0,540,605,65,urban,18.924,,,,,,True
324,324,unknown,42010,10,3,0,,37538,38924,0,540,552,12,urban,4.0,,,,,,True
325,325,unknown,34015,15,1,0,,35315,31470,0,540,595,55,minibus,16.789,,,,,,True
326,326,unknown,34015,15,2,0,,31470,35335,0,540,598,58,minibus,16.538,,,,,,True
327,327,unknown,23018,18,1,0,,26945,35335,0,540,613,73,urban,17.749,,,,,,True
328,328,unknown,23018,18,2,0,,35315,26945,0,540,604,64,urban,17.291,,,,,,True
329,329,unknown,40028,28,1,0,,20789,33551,0,540,613,73,urban,16.201,,,,,,True
330,330,unknown,40028,28,2,0,,33550,20788,0,540,616,76,urban,17.273,,,,,,True
331,331,unknown,20036,36,1,0,,20277,35315,0,540,613,73,,17.54,,,,,,True
332,332,unknown,20036,36,2,0,,31313,25867,0,540,628,88,,17.287,,,,,,True
333,333,unknown,21037,37,1,0,,20001,31574,0,540,597,57,urban,18.78,,,,,,True
334,334,unknown,21037,37,2,0,,31581,27997,0,540,611,71,urban,19.037,,,,,,True
335,335,unknown,28055,55,1,0,,20277,33551,0,540,622,82,,19.716,,,,,,True
336,336,unknown,28055,55,2,0,,33550,25867,0,540,633,93,,19.063,,,,,,True
337,337,unknown,23056,56,1,0,,20277,31574,0,540,623,83,,22.068,,,,,,True
338,338,unknown,23056,56,2,0,,31052,25867,0,540,627,87,,21.135,,,,,,True
339,339,unknown,21059,59,1,0,,20001,35341,0,540,607,67,urban,18.289,,,,,,True
340,340,unknown,21059,59,2,0,,31313,27997,0,540,620,80,urban,18.79,,,,,,True
341,341,unknown,14068,68,1,0,,20277,33551,0,540,615,75,,20.409,,,,,,True
342,342,unknown,14068,68,2,0,,33550,25867,0,540,620,80,,20.664,,,,,,True
343,343,unknown,15069,69,1,0,,20001,31738,0,540,596,56,urban,14.471,,,,,,True
344,344,unknown,15069,69,2,0,,38160,27997,0,540,610,70,urban,13.999,,,,,,True
345,345,unknown,31075,75,3,0,,31481,35475,0,540,600,60,urban,17.458,,,,,,True
346,346,unknown,23076,76,1,0,,33599,35335,0,540,604,64,urban,15.827,,,,,,True
347,347,unknown,23076,76,2,0,,35315,33598,0,540,608,68,urban,15.606,,,,,,True
348,348,unknown,33077,77,1,0,,31313,31424,0,540,597,57,urban,15.935,,,,,,True
349,349,unknown,33077,77,2,0,,35377,35335,0,540,592,52,urban,15.376,,,,,,True
350,350,unknown,17078,78,1,0,,33599,35335,0,540,608,68,urban,20.953,,,,,,True
351,351,unknown,17078,78,2,0,,35315,33598,0,540,611,71,urban,20.373,,,,,,True
352,352,unknown,37085,85,1,0,,32298,32771,0,540,601,61,,23.868,,,,,,True
353,353,unknown,37085,85,2,0,,32771,31314,0,540,610,70,,23.699,,,,,,True
354,354,unknown,16115,115,1,0,,33550,25867,0,540,630,90,,17.741,,,,,,True
355,355,unknown,16115,115,2,0,,20277,33551,0,540,627,87,,17.818,,,,,,True
356,356,unknown,10137,137,1,0,,13907,14464,0,540,618,78,,9.406,,,,,,True
357,357,unknown,10137,137,2,0,,14464,15657,0,540,627,87,,9.929,,,,,,True
358,358,unknown,10138,138,1,0,,31344,39943,0,540,614,74,urban,23.767,,,,,,True
359,359,unknown,10138,138,2,0,,31685,31574,0,540,617,77,urban,25.049,,,,,,True
360,360,unknown,13139,139,1,0,,38160,39943,0,540,625,85,urban,26.142,,,,,,True
361,361,unknown,13139,139,2,0,,31685,31738,0,540,655,115,urban,26.47,,,,,,True
362,362,unknown,11168,168,1,0,,22935,33551,0,540,592,52,urban,16.738,,,,,,True
363,363,unknown,11168,168,2,0,,33550,25354,0,540,616,76,urban,15.975,,,,,,True
364,364,unknown,15173,173,1,0,,33567,31738,0,540,610,70,,29.337,,,,,,True
365,365,unknown,11179,179,1,0,,35629,33598,0,540,610,70,,23.581,,,,,,True
366,366,unknown,11179,179,2,0,,33599,38586,0,540,605,65,,23.289,,,,,,True
367,367,unknown,19205,205,1,0,,31574,26807,0,540,615,75,,21.244,,,,,,True
368,368,unknown,19205,205,2,0,,26806,31574,0,540,609,69,,20.788,,,,,,True
369,369,unknown,10236,236,1,0,,25358,35335,0,540,603,63,urban,16.679,,,,,,True
370,370,unknown,10236,236,2,0,,31313,26956,0,540,605,65,urban,16.302,,,,,,True
371,371,unknown,14256,256,1,0,,35475,25937,0,540,592,52,urban,16.116,,,,,,True
372,372,unknown,14256,256,2,0,,20001,36639,0,540,595,55,urban,16.346,,,,,,True
373,373,unknown,10277,277,1,0,,35628,2000,0,540,645,105,,60.063,,,,,,True
374,374,unknown,10277,277,2,0,,2007,30883,0,540,640,100,,60.455,,,,,,True
375,375,unknown,19279,279,1,0,,35629,36583,0,540,615,75,,23.87,,,,,,True
376,376,unknown,19279,279,2,0,,36583,38586,0,540,604,64,,23.212,,,,,,True
377,377,unknown,11280,280,1,0,,35552,20164,0,540,613,73,,23.308,,,,,,True
378,378,unknown,11280,280,2,0,,20163,39590,0,540,606,66,,24.949,,,,,,True
379,379,unknown,16385,385,2,0,,31995,37679,0,540,605,65,,23.388,,,,,,True
380,380,unknown,11436,436,2,0,,38184,20164,0,540,623,83,urban,24.848,,,,,,True
381,381,unknown,14444,444,1,0,,37015,35275,0,540,620,80,,39.549,,,,,,True
382,382,unknown,14444,444,2,0,,37528,37015,0,540,634,94,,40.627,,,,,,True
383,383,unknown,70001,1,1,0,,31313,33551,0,600,660,60,urban,15.21,,,,,,True
384,384,unknown,70001,1,2,0,,33550,35315,0,600,660,60,urban,14.884,,,,,,True
385,385,unknown,58002,2,3,0,,31738,31738,0,600,640,40,urban,10.415,,,,,,True
386,386,unknown,92003,3,1,0,,31336,32742,0,600,650,50,minibus,15.095,,,,,,True
387,387,unknown,24004,4,1,0,,35629,30883,0,600,615,15,,5.001,,,,,,True
388,388,unknown,24004,4,2,0,,35628,38586,0,600,617,17,,5.075,,,,,,True
389,389,unknown,69005,5,1,0,,35629,30883,0,600,639,39,,8.079,,,,,,True
390,390,unknown,69005,5,2,0,,35628,38586,0,600,630,30,,8.724,,,,,,True
391,391,unknown,47006,6,1,0,,35629,33559,0,600,626,26,,7.56,,,,,,True
392,392,unknown,47006,6,2,0,,33559,38586,0,600,631,31,,8.583,,,,,,True
393,393,unknown,22007,7,1,0,,26806,31491,0,600,698,98,,16.573,,,,,,True
394,394,unknown,22007,7,2,0,,37538,26807,0,600,697,97,,18.29,,,,,,True
395,395,unknown,37008,8,1,0,,31345,32742,0,600,669,69,urban,19.271,,,,,,True
396,396,unknown,37008,8,2,0,,31377,34063,0,600,666,66,urban,18.924,,,,,,True
397,397,unknown,42010,10,3,0,,37538,38924,0,600,610,10,urban,4.0,,,,,,True
398,398,unknown,34015,15,1,0,,35315,31470,0,600,655,55,minibus,16.789,,,,,,True
399,399,unknown,34015,15,2,0,,31470,35335,0,600,658,58,minibus,16.538,,,,,,True
400,400,unknown,23018,18,1,0,,26945,35335,0,600,672,72,urban,17.749,,,,,,True
401,401,unknown,23018,18,2,0,,35315,26945,0,600,668,68,urban,17.291,,,,,,True
402,402,unknown,40028,28,1,0,,20789,33551,0,600,676,76,urban,16.201,,,,,,True
403,403,unknown,40028,28,2,0,,33550,20788,0,600,676,76,urban,17.273,,,,,,True
404,404,unknown,20036,36,1,0,,20277,35315,0,600,669,69,,17.54,,,,,,True
405,405,unknown,20036,36,2,0,,31313,25867,0,600,688,88,,17.287,,,,,,True
406,406,unknown,21037,37,1,0,,20001,31574,0,600,655,55,urban,18.78,,,,,,True
407,407,unknown,21037,37,2,0,,31581,27997,0,600,663,63,urban,19.037,,,,,,True
408,408,unknown,28055,55,1,0,,20277,33551,0,600,679,79,,19.716,,,,,,True
409,409,unknown,28055,55,2,0,,33550,25867,0,600,683,83,,19.063,,,,,,True
410,410,unknown,23056,56,1,0,,20277,31574,0,600,683,83,,22.068,,,,,,True
411,411,unknown,23056,56,2,0,,31052,25867,0,600,685,85,,21.135,,,,,,True
412,412,unknown,20058,58,2,0,,32771,31738,0,600,685,85,,25.071,,,,,,True
413,413,unknown,21059,59,1,0,,20001,35341,0,600,669,69,urban,18.289,,,,,,True
414,414,unknown,21059,59,2,0,,31313,27997,0,600,667,67,urban,18.79,,,,,,True
415,415,unknown,14068,68,1,0,,20277,33551,0,600,675,75,,20.409,,,,,,True
416,416,unknown,14068,68,2,0,,33550,25867,0,600,676,76,,20.664,,,,,,True
417,417,unknown,15069,69,1,0,,20001,31738,0,600,656,56,urban,14.471,,,,,,True
418,418,unknown,15069,69,2,0,,38160,27997,0,600,660,60,urban,13.999,,,,,,True
419,419,unknown,31075,75,3,0,,31481,35475,0,600,660,60,urban,17.458,,,,,,True
420,420,unknown,23076,76,1,0,,33599,35335,0,600,659,59,urban,15.827,,,,,,True
421,421,unknown,23076,76,2,0,,35315,33598,0,600,677,77,urban,15.606,,,,,,True
422,422,unknown,33077,77,1,0,,31313,31424,0,600,656,56,urban,15.935,,,,,,True
423,423,unknown,33077,77,2,0,,35377,35335,0,600,660,60,urban,15.376,,,,,,True
424,424,unknown,17078,78,1,0,,33599,35335,0,600,666,66,urban,20.953,,,,,,True
425,425,unknown,17078,78,2,0,,35315,33598,0,600,671,71,urban,20.373,,,,,,True
426,426,unknown,37085,85,1,0,,32298,32771,0,600,653,53,,23.868,,,,,,True
427,427,unknown,37085,85,2,0,,32771,31314,0,600,670,70,,23.699,,,,,,True
428,428,unknown,16115,115,1,0,,33550,25867,0,600,690,90,,17.741,,,,,,True
429,429,unknown,16115,115,2,0,,20277,33551,0,600,687,87,,17.818,,,,,,True
430,430,unknown,10137,137,1,0,,13907,14464,0,600,678,78,,9.406,,,,,,True
431,431,unknown,10138,138,1,0,,31344,39943,0,600,668,68,urban,23.767,,,,,,True
432,432,unknown,10138,138,2,0,,31685,31574,0,600,677,77,urban,25.049,,,,,,True
433,433,unknown,13139,139,1,0,,38160,39943,0,600,685,85,urban,26.142,,,,,,True
434,434,unknown,13139,139,2,0,,31685,31738,0,600,715,115,urban,26.47,,,,,,True
435,435,unknown,11168,168,1,0,,22935,33551,0,600,655,55,urban,16.738,,,,,,True
436,436,unknown,11168,168,2,0,,33550,25354,0,600,680,80,urban,15.975,,,,,,True
437,437,unknown,15173,173,1,0,,33567,31738,0,600,670,70,,29.337,,,,,,True
438,438,unknown,15173,173,2,0,,38160,39590,0,600,658,58,,28.673,,,,,,True
439,439,unknown,15174,174,2,0,,34025,39590,0,600,685,85,,44.505,,,,,,True
440,440,unknown,11179,179,1,0,,35629,33598,0,600,670,70,,23.581,,,,,,True
441,441,unknown,11179,179,2,0,,33599,38586,0,600,665,65,,23.289,,,,,,True
442,442,unknown,19205,205,1,0,,31574,26807,0,600,674,74,,21.244,,,,,,True
443,443,unknown,19205,205,2,0,,26806,31574,0,600,666,66,,20.788,,,,,,True
444,444,unknown,10236,236,1,0,,25358,35335,0,600,660,60,urban,16.679,,,,,,True
445,445,unknown,10236,236,2,0,,31313,26956,0,600,675,75,urban,16.302,,,,,,True
446,446,unknown,14256,256,1,0,,35475,25937,0,600,666,66,urban,16.116,,,,,,True
447,447,unknown,14256,256,2,0,,20001,36639,0,600,652,52,urban,16.346,,,,,,True
448,448,unknown,10277,277,1,0,,35628,2000,0,600,705,105,,60.063,,,,,,True
449,449,unknown,10277,277,2,0,,2007,30883,0,600,700,100,,60.455,,,,,,True
450,450,unknown,19279,279,1,0,,35629,36583,0,600,675,75,,23.87,,,,,,True
451,451,unknown,19279,279,2,0,,36583,38586,0,600,662,62,,23.212,,,,,,True
452,452,unknown,12281,281,1,0,,35628,60817,0,600,665,65,,36.492,,,,,,True
453,453,unknown,12281,281,2,0,,61417,30883,0,600,675,75,,40.244,,,,,,True
454,454,unknown,16285,285,2,0,,12945,30883,0,600,695,95,,68.355,,,,,,True
455,455,unknown,11436,436,1,0,,20163,31557,0,600,685,85,urban,26.237,,,,,,True
456,456,unknown,14444,444,1,0,,37015,35275,0,600,680,80,,39.549,,,,,,True
457,457,unknown,14444,444,2,0,,37528,37015,0,600,694,94,,40.627,,,,,,True
458,458,unknown,70001,1,1,0,,31313,33551,0,660,718,58,urban,15.21,,,,,,True
459,459,unknown,70001,1,2,0,,33550,35315,0,660,717,57,urban,14.884,,,,,,True
460,460,unknown,58002,2,3,0,,31738,31738,0,660,700,40,urban,10.415,,,,,,True
461,461,unknown,92003,3,2,0,,31377,31736,0,660,708,48,minibus,15.13,,,,,,True
462,462,unknown,24004,4,1,0,,35629,30883,0,660,675,15,,5.001,,,,,,True
463,463,unknown,24004,4,2,0,,35628,38586,0,660,676,16,,5.075,,,,,,True
464,464,unknown,69005,5,1,0,,35629,30883,0,660,699,39,,8.079,,,,,,True
465,465,unknown,69005,5,2,0,,35628,38586,0,660,690,30,,8.724,,,,,,True
466,466,unknown,47006,6,1,0,,35629,33559,0,660,686,26,,7.56,,,,,,True
467,467,unknown,47006,6,2,0,,33559,38586,0,660,691,31,,8.583,,,,,,True
468,468,unknown,22007,7,1,0,,26806,31491,0,660,758,98,,16.573,,,,,,True
469,469,unknown,22007,7,2,0,,37538,26807,0,660,764,104,,18.29,,,,,,True
470,470,unknown,37008,8,1,0,,31345,32742,0,660,728,68,urban,19.271,,,,,,True
471,471,unknown,37008,8,2,0,,31377,34063,0,660,728,68,urban,18.924,,,,,,True
472,472,unknown,42010,10,3,0,,37538,38924,0,660,671,11,urban,4.0,,,,,,True
473,473,unknown,34015,15,1,0,,35315,31470,0,660,720,60,minibus,16.789,,,,,,True
474,474,unknown,34015,15,2,0,,31470,35335,0,660,718,58,minibus,16.538,,,,,,True
475,475,unknown,23018,18,1,0,,26945,35335,0,660,733,73,urban,17.749,,,,,,True
476,476,unknown,23018,18,2,0,,35315,26945,0,660,740,80,urban,17.291,,,,,,True
477,477,unknown,40028,28,1,0,,20789,33551,0,660,753,93,urban,16.201,,,,,,True
478,478,unknown,40028,28,2,0,,33550,20788,0,660,736,76,urban,17.273,,,,,,True
479,479,unknown,20036,36,1,0,,20277,35315,0,660,729,69,,17.54,,,,,,True
480,480,unknown,20036,36,2,0,,31313,25867,0,660,748,88,,17.287,,,,,,True
481,481,unknown,21037,37,1,0,,20001,31574,0,660,711,51,urban,18.78,,,,,,True
482,482,unknown,21037,37,2,0,,31581,27997,0,660,715,55,urban,19.037,,,,,,True
483,483,unknown,28055,55,1,0,,20277,33551,0,660,746,86,,19.716,,,,,,True
484,484,unknown,28055,55,2,0,,33550,25867,0,660,743,83,,19.063,,,,,,True
485,485,unknown,23056,56,1,0,,20277,31574,0,660,743,83,,22.068,,,,,,True
486,486,unknown,23056,56,2,0,,31052,25867,0,660,740,80,,21.135,,,,,,True
487,487,unknown,21059,59,1,0,,20001,35341,0,660,735,75,urban,18.289,,,,,,True
488,488,unknown,21059,59,2,0,,31313,27997,0,660,724,64,urban,18.79,,,,,,True
489,489,unknown,14068,68,1,0,,20277,33551,0,660,735,75,,20.409,,,,,,True
490,490,unknown,14068,68,2,0,,33550,25867,0,660,732,72,,20.664,,,,,,True
491,491,unknown,15069,69,1,0,,20001,31738,0,660,715,55,urban,14.471,,,,,,True
492,492,unknown,15069,69,2,0,,38160,27997,0,660,709,49,urban,13.999,,,,,,True
493,493,unknown,31075,75,3,0,,31481,35475,0,660,720,60,urban,17.458,,,,,,True
494,494,unknown,23076,76,1,0,,33599,35335,0,660,731,71,urban,15.827,,,,,,True
495,495,unknown,23076,76,2,0,,35315,33598,0,660,727,67,urban,15.606,,,,,,True
496,496,unknown,33077,77,1,0,,31313,31424,0,660,716,56,urban,15.935,,,,,,True
497,497,unknown,33077,77,2,0,,35377,35335,0,660,717,57,urban,15.376,,,,,,True
498,498,unknown,17078,78,1,0,,33599,35335,0,660,730,70,urban,20.953,,,,,,True
499,499,unknown,17078,78,2,0,,35315,33598,0,660,731,71,urban,20.373,,,,,,True
500,500,unknown,37085,85,1,0,,32298,32771,0,660,714,54,,23.868,,,,,,True
501,501,unknown,37085,85,2,0,,32771,31314,0,660,730,70,,23.699,,,,,,True
502,502,unknown,16115,115,1,0,,33550,25867,0,660,750,90,,17.741,,,,,,True
503,503,unknown,16115,115,2,0,,20277,33551,0,660,747,87,,17.818,,,,,,True
504,504,unknown,10137,137,1,0,,13907,14464,0,660,739,79,,9.406,,,,,,True
505,505,unknown,10137,137,2,0,,14464,15657,0,660,735,75,,9.929,,,,,,True
506,506,unknown,10138,138,1,0,,31344,39943,0,660,741,81,urban,23.767,,,,,,True
507,507,unknown,10138,138,2,0,,31685,31574,0,660,742,82,urban,25.049,,,,,,True
508,508,unknown,13139,139,1,0,,38160,39943,0,660,745,85,urban,26.142,,,,,,True
509,509,unknown,13139,139,2,0,,31685,31738,0,660,775,115,urban,26.47,,,,,,True
510,510,unknown,11168,168,1,0,,22935,33551,0,660,722,62,urban,16.738,,,,,,True
511,511,unknown,11168,168,2,0,,33550,25354,0,660,736,76,urban,15.975,,,,,,True
512,512,unknown,15173,173,2,0,,38160,39590,0,660,718,58,,28.673,,,,,,True
513,513,unknown,11179,179,1,0,,35629,33598,0,660,730,70,,23.581,,,,,,True
514,514,unknown,11179,179,2,0,,33599,38586,0,660,725,65,,23.289,,,,,,True
515,515,unknown,19205,205,1,0,,31574,26807,0,660,730,70,,21.244,,,,,,True
516,516,unknown,19205,205,2,0,,26806,31574,0,660,735,75,,20.788,,,,,,True
517,517,unknown,10236,236,1,0,,25358,35335,0,660,720,60,urban,16.679,,,,,,True
518,518,unknown,10236,236,2,0,,31313,26956,0,660,728,68,urban,16.302,,,,,,True
519,519,unknown,14256,256,1,0,,35475,25937,0,660,712,52,urban,16.116,,,,,,True
520,520,unknown,14256,256,2,0,,20001,36639,0,660,710,50,urban,16.346,,,,,,True
521,521,unknown,10277,277,1,0,,35628,2000,0,660,765,105,,60.063,,,,,,True
522,522,unknown,10277,277,2,0,,2007,30883,0,660,760,100,,60.455,,,,,,True
523,523,unknown,19279,279,1,0,,35629,36583,0,660,735,75,,23.87,,,,,,True
524,524,unknown,19279,279,2,0,,36583,38586,0,660,724,64,,23.212,,,,,,True
525,525,unknown,12281,281,1,0,,35628,60817,0,660,725,65,,36.492,,,,,,True
526,526,unknown,14444,444,1,0,,37015,35275,0,660,740,80,,39.549,,,,,,True
527,527,unknown,14444,444,2,0,,37528,37015,0,660,754,94,,40.627,,,,,,True
528,528,unknown,70001,1,1,0,,31313,33551,0,720,774,54,urban,15.21,,,,,,True
529,529,unknown,70001,1,2,0,,33550,35315,0,720,777,57,urban,14.884,,,,,,True
530,530,unknown,58002,2,3,0,,31738,31738,0,720,760,40,urban,10.415,,,,,,True
531,531,unknown,92003,3,1,0,,31336,32742,0,720,768,48,minibus,15.095,,,,,,True
532,532,unknown,24004,4,1,0,,35629,30883,0,720,738,18,,5.001,,,,,,True
533,533,unknown,24004,4,2,0,,35628,38586,0,720,736,16,,5.075,,,,,,True
534,534,unknown,69005,5,1,0,,35629,30883,0,720,759,39,,8.079,,,,,,True
535,535,unknown,69005,5,2,0,,35628,38586,0,720,750,30,,8.724,,,,,,True
536,536,unknown,47006,6,1,0,,35629,33559,0,720,746,26,,7.56,,,,,,True
537,537,unknown,47006,6,2,0,,33559,38586,0,720,767,47,,8.583,,,,,,True
538,538,unknown,22007,7,1,0,,26806,31491,0,720,819,99,,16.573,,,,,,True
539,539,unknown,22007,7,2,0,,37538,26807,0,720,824,104,,18.29,,,,,,True
540,540,unknown,37008,8,1,0,,31345,32742,0,720,789,69,urban,19.271,,,,,,True
541,541,unknown,37008,8,2,0,,31377,34063,0,720,785,65,urban,18.924,,,,,,True
542,542,unknown,42010,10,3,0,,37538,38924,0,720,731,11,urban,4.0,,,,,,True
543,543,unknown,34015,15,1,0,,35315,31470,0,720,775,55,minibus,16.789,,,,,,True
544,544,unknown,34015,15,2,0,,31470,35335,0,720,772,52,minibus,16.538,,,,,,True
545,545,unknown,23018,18,1,0,,26945,35335,0,720,811,91,urban,17.749,,,,,,True
546,546,unknown,23018,18,2,0,,35315,26945,0,720,793,73,urban,17.291,,,,,,True
547,547,unknown,40028,28,1,0,,20789,33551,0,720,824,104,urban,16.201,,,,,,True
548,548,unknown,40028,28,2,0,,33550,20788,0,720,796,76,urban,17.273,,,,,,True
549,549,unknown,20036,36,1,0,,20277,35315,0,720,789,69,,17.54,,,,,,True
550,550,unknown,20036,36,2,0,,31313,25867,0,720,808,88,,17.287,,,,,,True
551,551,unknown,21037,37,1,0,,20001,31574,0,720,781,61,urban,18.78,,,,,,True
552,552,unknown,21037,37,2,0,,31581,27997,0,720,780,60,urban,19.037,,,,,,True
553,553,unknown,28055,55,1,0,,20277,33551,0,720,808,88,,19.716,,,,,,True
554,554,unknown,28055,55,2,0,,33550,25867,0,720,804,84,,19.063,,,,,,True
555,555,unknown,23056,56,1,0,,20277,31574,0,720,803,83,,22.068,,,,,,True
556,556,unknown,23056,56,2,0,,31052,25867,0,720,802,82,,21.135,,,,,,True
557,557,unknown,20058,58,2,0,,32771,31738,0,720,805,85,,25.071,,,,,,True
558,558,unknown,21059,59,1,0,,20001,35341,0,720,793,73,urban,18.289,,,,,,True
559,559,unknown,21059,59,2,0,,31313,27997,0,720,791,71,urban,18.79,,,,,,True
560,560,unknown,14068,68,1,0,,20277,33551,0,720,795,75,,20.409,,,,,,True
561,561,unknown,14068,68,2,0,,33550,25867,0,720,795,75,,20.664,,,,,,True
562,562,unknown,15069,69,1,0,,20001,31738,0,720,776,56,urban,14.471,,,,,,True
563,563,unknown,15069,69,2,0,,38160,27997,0,720,770,50,urban,13.999,,,,,,True
564,564,unknown,31075,75,3,0,,31481,35475,0,720,780,60,urban,17.458,,,,,,True
565,565,unknown,23076,76,1,0,,33599,35335,0,720,794,74,urban,15.827,,,,,,True
566,566,unknown,23076,76,2,0,,35315,33598,0,720,791,71,urban,15.606,,,,,,True
567,567,unknown,33077,77,1,0,,31313,31424,0,720,782,62,urban,15.935,,,,,,True
568,568,unknown,33077,77,2,0,,35377,35335,0,720,789,69,urban,15.376,,,,,,True
569,569,unknown,17078,78,1,0,,33599,35335,0,720,785,65,urban,20.953,,,,,,True
570,570,unknown,17078,78,2,0,,35315,33598,0,720,791,71,urban,20.373,,,,,,True
571,571,unknown,37085,85,1,0,,32298,32771,0,720,777,57,,23.868,,,,,,True
572,572,unknown,37085,85,2,0,,32771,31314,0,720,790,70,,23.699,,,,,,True
573,573,unknown,16115,115,1,0,,33550,25867,0,720,810,90,,17.741,,,,,,True
574,574,unknown,16115,115,2,0,,20277,33551,0,720,807,87,,17.818,,,,,,True
575,575,unknown,10137,137,1,0,,13907,14464,0,720,798,78,,9.406,,,,,,True
576,576,unknown,10137,137,2,0,,14464,15657,0,720,807,87,,9.929,,,,,,True
577,577,unknown,10138,138,1,0,,31344,39943,0,720,794,74,urban,23.767,,,,,,True
578,578,unknown,10138,138,2,0,,31685,31574,0,720,797,77,urban,25.049,,,,,,True
579,579,unknown,13139,139,1,0,,38160,39943,0,720,805,85,urban,26.142,,,,,,True
580,580,unknown,13139,139,2,0,,31685,31738,0,720,835,115,urban,26.47,,,,,,True
581,581,unknown,11168,168,1,0,,22935,33551,0,720,790,70,urban,16.738,,,,,,True
582,582,unknown,11168,168,2,0,,33550,25354,0,720,795,75,urban,15.975,,,,,,True
583,583,unknown,15174,174,1,0,,33567,35105,0,720,831,111,,45.263,,,,,,True
584,584,unknown,11179,179,1,0,,35629,33598,0,720,790,70,,23.581,,,,,,True
585,585,unknown,11179,179,2,0,,33599,38586,0,720,787,67,,23.289,,,,,,True
586,586,unknown,19205,205,1,0,,31574,26807,0,720,791,71,,21.244,,,,,,True
587,587,unknown,19205,205,2,0,,26806,31574,0,720,792,72,,20.788,,,,,,True
588,588,unknown,10236,236,1,0,,25358,35335,0,720,790,70,urban,16.679,,,,,,True
589,589,unknown,10236,236,2,0,,31313,26956,0,720,785,65,urban,16.302,,,,,,True
590,590,unknown,14256,256,1,0,,35475,25937,0,720,778,58,urban,16.116,,,,,,True
591,591,unknown,14256,256,2,0,,20001,36639,0,720,770,50,urban,16.346,,,,,,True
592,592,unknown,10277,277,1,0,,35628,2000,0,720,825,105,,60.063,,,,,,True
593,593,unknown,10277,277,2,0,,2007,30883,0,720,820,100,,60.455,,,,,,True
594,594,unknown,19279,279,1,0,,35629,36583,0,720,795,75,,23.87,,,,,,True
595,595,unknown,19279,279,2,0,,36583,38586,0,720,784,64,,23.212,,,,,,True
596,596,unknown,11280,280,1,0,,35552,20164,0,720,793,73,,23.308,,,,,,True
597,597,unknown,12281,281,1,0,,35628,60817,0,720,790,70,,36.492,,,,,,True
598,598,unknown,12281,281,2,0,,61417,30883,0,720,795,75,,40.244,,,,,,True
599,599,unknown,16285,285,1,0,,35628,13116,0,720,820,100,,68.169,,,,,,True
600,600,unknown,14444,444,1,0,,37015,35275,0,720,800,80,,39.549,,,,,,True
601,601,unknown,14444,444,2,0,,37528,37015,0,720,814,94,,40.627,,,,,,True
602,602,unknown,47006,6,1,0,,35629,33559,0,750,783,33,,7.56,,,,,,True
603,603,unknown,70001,1,1,0,,31313,33551,0,780,837,57,urban,15.21,,,,,,True
604,604,unknown,70001,1,2,0,,33550,35315,0,780,837,57,urban,14.884,,,,,,True
605,605,unknown,58002,2,3,0,,31738,31738,0,780,820,40,urban,10.415,,,,,,True
606,606,unknown,92003,3,1,0,,31336,32742,0,780,830,50,minibus,15.095,,,,,,True
607,607,unknown,92003,3,2,0,,31377,31736,0,780,824,44,minibus,15.13,,,,,,True
608,608,unknown,24004,4,1,0,,35629,30883,0,780,804,24,,5.001,,,,,,True
609,609,unknown,24004,4,2,0,,35628,38586,0,780,810,30,,5.075,,,,,,True
610,610,unknown,69005,5,1,0,,35629,30883,0,780,819,39,,8.079,,,,,,True
611,611,unknown,69005,5,2,0,,35628,38586,0,780,814,34,,8.724,,,,,,True
612,612,unknown,47006,6,1,0,,35629,33559,0,780,810,30,,7.56,,,,,,True
613,613,unknown,47006,6,2,0,,33559,38586,0,780,814,34,,8.583,,,,,,True
614,614,unknown,22007,7,1,0,,26806,31491,0,780,878,98,,16.573,,,,,,True
615,615,unknown,22007,7,2,0,,37538,26807,0,780,877,97,,18.29,,,,,,True
616,616,unknown,37008,8,1,0,,31345,32742,0,780,851,71,urban,19.271,,,,,,True
617,617,unknown,37008,8,2,0,,31377,34063,0,780,850,70,urban,18.924,,,,,,True
618,618,unknown,42010,10,3,0,,37538,38924,0,780,790,10,urban,4.0,,,,,,True
619,619,unknown,34015,15,1,0,,35315,31470,0,780,844,64,minibus,16.789,,,,,,True
620,620,unknown,34015,15,2,0,,31470,35335,0,780,835,55,minibus,16.538,,,,,,True
621,621,unknown,23018,18,1,0,,26945,35335,0,780,853,73,urban,17.749,,,,,,True
622,622,unknown,23018,18,2,0,,35315,26945,0,780,853,73,urban,17.291,,,,,,True
623,623,unknown,40028,28,1,0,,20789,33551,0,780,878,98,urban,16.201,,,,,,True
624,624,unknown,40028,28,2,0,,33550,20788,0,780,856,76,urban,17.273,,,,,,True
625,625,unknown,20036,36,1,0,,20277,35315,0,780,855,75,,17.54,,,,,,True
626,626,unknown,20036,36,2,0,,31313,25867,0,780,868,88,,17.287,,,,,,True
627,627,unknown,21037,37,1,0,,20001,31574,0,780,838,58,urban,18.78,,,,,,True
628,628,unknown,21037,37,2,0,,31581,27997,0,780,842,62,urban,19.037,,,,,,True
629,629,unknown,28055,55,1,0,,20277,33551,0,780,869,89,,19.716,,,,,,True
630,630,unknown,28055,55,2,0,,33550,25867,0,780,866,86,,19.063,,,,,,True
631,631,unknown,23056,56,1,0,,20277,31574,0,780,863,83,,22.068,,,,,,True
632,632,unknown,23056,56,2,0,,31052,25867,0,780,861,81,,21.135,,,,,,True
633,633,unknown,21059,59,1,0,,20001,35341,0,780,856,76,urban,18.289,,,,,,True
634,634,unknown,21059,59,2,0,,31313,27997,0,780,858,78,urban,18.79,,,,,,True
635,635,unknown,14068,68,1,0,,20277,33551,0,780,855,75,,20.409,,,,,,True
636,636,unknown,14068,68,2,0,,33550,25867,0,780,854,74,,20.664,,,,,,True
637,637,unknown,15069,69,1,0,,20001,31738,0,780,836,56,urban,14.471,,,,,,True
638,638,unknown,15069,69,2,0,,38160,27997,0,780,830,50,urban,13.999,,,,,,True
639,639,unknown,31075,75,3,0,,31481,35475,0,780,840,60,urban,17.458,,,,,,True
640,640,unknown,23076,76,1,0,,33599,35335,0,780,864,84,urban,15.827,,,,,,True
641,641,unknown,23076,76,2,0,,35315,33598,0,780,854,74,urban,15.606,,,,,,True
642,642,unknown,33077,77,1,0,,31313,31424,0,780,841,61,urban,15.935,,,,,,True
643,643,unknown,33077,77,2,0,,35377,35335,0,780,835,55,urban,15.376,,,,,,True
644,644,unknown,17078,78,1,0,,33599,35335,0,780,848,68,urban,20.953,,,,,,True
645,645,unknown,17078,78,2,0,,35315,33598,0,780,851,71,urban,20.373,,,,,,True
646,646,unknown,37085,85,1,0,,32298,32771,0,780,840,60,,23.868,,,,,,True
647,647,unknown,37085,85,2,0,,32771,31314,0,780,850,70,,23.699,,,,,,True
648,648,unknown,16115,115,1,0,,33550,25867,0,780,870,90,,17.741,,,,,,True
649,649,unknown,16115,115,2,0,,20277,33551,0,780,867,87,,17.818,,,,,,True
650,650,unknown,10137,137,1,0,,13907,14464,0,780,858,78,,9.406,,,,,,True
651,651,unknown,10137,137,2,0,,14464,15657,0,780,862,82,,9.929,,,,,,True
652,652,unknown,10138,138,1,0,,31344,39943,0,780,854,74,urban,23.767,,,,,,True
653,653,unknown,10138,138,2,0,,31685,31574,0,780,857,77,urban,25.049,,,,,,True
654,654,unknown,13139,139,1,0,,38160,39943,0,780,865,85,urban,26.142,,,,,,True
655,655,unknown,13139,139,2,0,,31685,31738,0,780,895,115,urban,26.47,,,,,,True
656,656,unknown,11168,168,1,0,,22935,33551,0,780,853,73,urban,16.738,,,,,,True
657,657,unknown,11168,168,2,0,,33550,25354,0,780,854,74,urban,15.975,,,,,,True
658,658,unknown,15173,173,1,0,,33567,31738,0,780,855,75,,29.337,,,,,,True
659,659,unknown,11179,179,1,0,,35629,33598,0,780,850,70,,23.581,,,,,,True
660,660,unknown,11179,179,2,0,,33599,38586,0,780,858,78,,23.289,,,,,,True
661,661,unknown,12180,180,1,0,,35552,20164,0,780,854,74,,21.351,,,,,,True
662,662,unknown,12180,180,2,0,,20163,39590,0,780,835,55,,23.197,,,,,,True
663,663,unknown,19205,205,1,0,,31574,26807,0,780,857,77,,21.244,,,,,,True
664,664,unknown,19205,205,2,0,,26806,31574,0,780,853,73,,20.788,,,,,,True
665,665,unknown,10236,236,1,0,,25358,35335,0,780,847,67,urban,16.679,,,,,,True
666,666,unknown,10236,236,2,0,,31313,26956,0,780,845,65,urban,16.302,,,,,,True
667,667,unknown,14256,256,1,0,,35475,25937,0,780,832,52,urban,16.116,,,,,,True
668,668,unknown,14256,256,2,0,,20001,36639,0,780,830,50,urban,16.346,,,,,,True
669,669,unknown,10277,277,1,0,,35628,2000,0,780,885,105,,60.063,,,,,,True
670,670,unknown,10277,277,2,0,,2007,30883,0,780,880,100,,60.455,,,,,,True
671,671,unknown,19279,279,1,0,,35629,36583,0,780,855,75,,23.87,,,,,,True
672,672,unknown,19279,279,2,0,,36583,38586,0,780,844,64,,23.212,,,,,,True
673,673,unknown,11280,280,1,0,,35552,20164,0,780,859,79,,23.308,,,,,,True
674,674,unknown,12281,281,1,0,,35628,60817,0,780,850,70,,36.492,,,,,,True
675,675,unknown,12281,281,2,0,,61417,30883,0,780,855,75,,40.244,,,,,,True
676,676,unknown,16385,385,1,0,,39945,31995,0,780,825,45,,25.111,,,,,,True
677,677,unknown,11436,436,2,0,,38184,20164,0,780,863,83,urban,24.848,,,,,,True
678,678,unknown,14444,444,1,0,,37015,35275,0,780,860,80,,39.549,,,,,,True
679,679,unknown,14444,444,2,0,,37528,37015,0,780,874,94,,40.627,,,,,,True
680,680,unknown,24004,4,1,0,,35629,30883,0,810,838,28,,5.001,,,,,,True
681,681,unknown,24004,4,2,0,,35628,38586,0,810,833,23,,5.075,,,,,,True
682,682,unknown,69005,5,1,0,,35629,30883,0,810,849,39,,8.079,,,,,,True
683,683,unknown,69005,5,2,0,,35628,38586,0,810,842,32,,8.724,,,,,,True
684,684,unknown,47006,6,1,0,,35629,33559,0,810,839,29,,7.56,,,,,,True
685,685,unknown,47006,6,2,0,,33559,38586,0,810,843,33,,8.583,,,,,,True
686,686,unknown,14068,68,1,0,,20277,33551,0,810,885,75,,20.409,,,,,,True
687,687,unknown,14068,68,2,0,,33550,25867,0,810,888,78,,20.664,,,,,,True
688,688,unknown,70001,1,1,0,,31313,33551,0,840,900,60,urban,15.21,,,,,,True
689,689,unknown,70001,1,2,0,,33550,35315,0,840,896,56,urban,14.884,,,,,,True
690,690,unknown,58002,2,3,0,,31738,31738,0,840,880,40,urban,10.415,,,,,,True
691,691,unknown,92003,3,1,0,,31336,32742,0,840,890,50,minibus,15.095,,,,,,True
692,692,unknown,92003,3,2,0,,31377,31736,0,840,884,44,minibus,15.13,,,,,,True
693,693,unknown,24004,4,1,0,,35629,30883,0,840,859,19,,5.001,,,,,,True
694,694,unknown,24004,4,2,0,,35628,38586,0,840,859,19,,5.075,,,,,,True
695,695,unknown,69005,5,1,0,,35629,30883,0,840,879,39,,8.079,,,,,,True
696,696,unknown,69005,5,2,0,,35628,38586,0,840,870,30,,8.724,,,,,,True
697,697,unknown,47006,6,1,0,,35629,33559,0,840,866,26,,7.56,,,,,,True
698,698,unknown,47006,6,2,0,,33559,38586,0,840,869,29,,8.583,,,,,,True
699,699,unknown,22007,7,1,0,,26806,31491,0,840,938,98,,16.573,,,,,,True
700,700,unknown,22007,7,2,0,,37538,26807,0,840,943,103,,18.29,,,,,,True
701,701,unknown,37008,8,1,0,,31345,32742,0,840,910,70,urban,19.271,,,,,,True
702,702,unknown,37008,8,2,0,,31377,34063,0,840,910,70,urban,18.924,,,,,,True
703,703,unknown,42010,10,3,0,,37538,38924,0,840,852,12,urban,4.0,,,,,,True
704,704,unknown,34015,15,1,0,,35315,31470,0,840,896,56,minibus,16.789,,,,,,True
705,705,unknown,34015,15,2,0,,31470,35335,0,840,898,58,minibus,16.538,,,,,,True
706,706,unknown,23018,18,1,0,,26945,35335,0,840,909,69,urban,17.749,,,,,,True
707,707,unknown,23018,18,2,0,,35315,26945,0,840,913,73,urban,17.291,,,,,,True
708,708,unknown,40028,28,1,0,,20789,33551,0,840,915,75,urban,16.201,,,,,,True
709,709,unknown,40028,28,2,0,,33550,20788,0,840,916,76,urban,17.273,,,,,,True
710,710,unknown,20036,36,1,0,,20277,35315,0,840,919,79,,17.54,,,,,,True
711,711,unknown,20036,36,2,0,,31313,25867,0,840,928,88,,17.287,,,,,,True
712,712,unknown,21037,37,1,0,,20001,31574,0,840,898,58,urban,18.78,,,,,,True
713,713,unknown,21037,37,2,0,,31581,27997,0,840,907,67,urban,19.037,,,,,,True
714,714,unknown,28055,55,1,0,,20277,33551,0,840,932,92,,19.716,,,,,,True
715,715,unknown,28055,55,2,0,,33550,25867,0,840,928,88,,19.063,,,,,,True
716,716,unknown,23056,56,1,0,,20277,31574,0,840,929,89,,22.068,,,,,,True
717,717,unknown,23056,56,2,0,,31052,25867,0,840,919,79,,21.135,,,,,,True
718,718,unknown,20058,58,1,0,,38160,32771,0,840,910,70,,24.926,,,,,,True
719,719,unknown,21059,59,1,0,,20001,35341,0,840,914,74,urban,18.289,,,,,,True
720,720,unknown,21059,59,2,0,,31313,27997,0,840,916,76,urban,18.79,,,,,,True
721,721,unknown,14068,68,1,0,,20277,33551,0,840,915,75,,20.409,,,,,,True
722,722,unknown,14068,68,2,0,,33550,25867,0,840,916,76,,20.664,,,,,,True
723,723,unknown,15069,69,1,0,,20001,31738,0,840,896,56,urban,14.471,,,,,,True
724,724,unknown,15069,69,2,0,,38160,27997,0,840,893,53,urban,13.999,,,,,,True
725,725,unknown,31075,75,3,0,,31481,35475,0,840,900,60,urban,17.458,,,,,,True
726,726,unknown,23076,76,1,0,,33599,35335,0,840,910,70,urban,15.827,,,,,,True
727,727,unknown,23076,76,2,0,,35315,33598,0,840,908,68,urban,15.606,,,,,,True
728,728,unknown,33077,77,1,0,,31313,31424,0,840,897,57,urban,15.935,,,,,,True
729,729,unknown,33077,77,2,0,,35377,35335,0,840,898,58,urban,15.376,,,,,,True
730,730,unknown,17078,78,1,0,,33599,35335,0,840,908,68,urban,20.953,,,,,,True
731,731,unknown,17078,78,2,0,,35315,33598,0,840,911,71,urban,20.373,,,,,,True
732,732,unknown,37085,85,1,0,,32298,32771,0,840,899,59,,23.868,,,,,,True
733,733,unknown,37085,85,2,0,,32771,31314,0,840,910,70,,23.699,,,,,,True
734,734,unknown,16115,115,1,0,,33550,25867,0,840,930,90,,17.741,,,,,,True
735,735,unknown,16115,115,2,0,,20277,33551,0,840,927,87,,17.818,,,,,,True
736,736,unknown,10137,137,1,0,,13907,14464,0,840,908,68,,9.406,,,,,,True
737,737,unknown,10137,137,2,0,,14464,15657,0,840,909,69,,9.929,,,,,,True
738,738,unknown,10138,138,1,0,,31344,39943,0,840,913,73,urban,23.767,,,,,,True
739,739,unknown,10138,138,2,0,,31685,31574,0,840,917,77,urban,25.049,,,,,,True
740,740,unknown,13139,139,1,0,,38160,39943,0,840,925,85,urban,26.142,,,,,,True
741,741,unknown,13139,139,2,0,,31685,31738,0,840,955,115,urban,26.47,,,,,,True
742,742,unknown,11168,168,1,0,,22935,33551,0,840,916,76,urban,16.738,,,,,,True
743,743,unknown,11168,168,2,0,,33550,25354,0,840,908,68,urban,15.975,,,,,,True
744,744,unknown,15173,173,2,0,,38160,39590,0,840,895,55,,28.673,,,,,,True
745,745,unknown,15174,174,2,0,,34025,39590,0,840,925,85,,44.505,,,,,,True
746,746,unknown,11179,179,1,0,,35629,33598,0,840,913,73,,23.581,,,,,,True
747,747,unknown,11179,179,2,0,,33599,38586,0,840,911,71,,23.289,,,,,,True
748,748,unknown,12180,180,2,0,,20163,39590,0,840,903,63,,23.197,,,,,,True
749,749,unknown,19205,205,1,0,,31574,26807,0,840,916,76,,21.244,,,,,,True
750,750,unknown,19205,205,2,0,,26806,31574,0,840,914,74,,20.788,,,,,,True
751,751,unknown,10236,236,1,0,,25358,35335,0,840,913,73,urban,16.679,,,,,,True
752,752,unknown,10236,236,2,0,,31313,26956,0,840,899,59,urban,16.302,,,,,,True
753,753,unknown,14256,256,1,0,,35475,25937,0,840,894,54,urban,16.116,,,,,,True
754,754,unknown,14256,256,2,0,,20001,36639,0,840,896,56,urban,16.346,,,,,,True
755,755,unknown,10277,277,1,0,,35628,2000,0,840,950,110,,60.063,,,,,,True
756,756,unknown,10277,277,2,0,,2007,30883,0,840,974,134,,60.455,,,,,,True
757,757,unknown,19279,279,1,0,,35629,36583,0,840,915,75,,23.87,,,,,,True
758,758,unknown,19279,279,2,0,,36583,38586,0,840,910,70,,23.212,,,,,,True
759,759,unknown,11280,280,1,0,,35552,20164,0,840,917,77,,23.308,,,,,,True
760,760,unknown,11280,280,2,0,,20163,39590,0,840,909,69,,24.949,,,,,,True
761,761,unknown,12281,281,1,0,,35628,60817,0,840,910,70,,36.492,,,,,,True
762,762,unknown,12281,281,2,0,,61417,30883,0,840,915,75,,40.244,,,,,,True
763,763,unknown,16285,285,2,0,,12945,30883,0,840,938,98,,68.355,,,,,,True
764,764,unknown,11379,379,2,0,,20001,39590,0,840,915,75,,27.12,,,,,,True
765,765,unknown,14444,444,1,0,,37015,35275,0,840,920,80,,39.549,,,,,,True
766,766,unknown,14444,444,2,0,,37528,37015,0,840,934,94,,40.627,,,,,,True
767,767,unknown,24004,4,2,0,,35628,38586,0,870,888,18,,5.075,,,,,,True
768,768,unknown,47006,6,1,0,,35629,33559,0,870,896,26,,7.56,,,,,,True
769,769,unknown,47006,6,2,0,,33559,38586,0,870,903,33,,8.583,,,,,,True
770,770,unknown,14068,68,1,0,,20277,33551,0,870,945,75,,20.409,,,,,,True
771,771,unknown,70001,1,1,0,,31313,33551,0,900,966,66,urban,15.21,,,,,,True
772,772,unknown,70001,1,2,0,,33550,35315,0,900,980,80,urban,14.884,,,,,,True
773,773,unknown,58002,2,3,0,,31738,31738,0,900,940,40,urban,10.415,,,,,,True
774,774,unknown,92003,3,2,0,,31377,31736,0,900,944,44,minibus,15.13,,,,,,True
775,775,unknown,24004,4,1,0,,35629,30883,0,900,918,18,,5.001,,,,,,True
776,776,unknown,24004,4,2,0,,35628,38586,0,900,921,21,,5.075,,,,,,True
777,777,unknown,69005,5,1,0,,35629,30883,0,900,939,39,,8.079,,,,,,True
778,778,unknown,69005,5,2,0,,35628,38586,0,900,932,32,,8.724,,,,,,True
779,779,unknown,47006,6,1,0,,35629,33559,0,900,927,27,,7.56,,,,,,True
780,780,unknown,47006,6,2,0,,33559,38586,0,900,947,47,,8.583,,,,,,True
781,781,unknown,22007,7,1,0,,26806,31491,0,900,998,98,,16.573,,,,,,True
782,782,unknown,22007,7,2,0,,37538,26807,0,900,997,97,,18.29,,,,,,True
783,783,unknown,37008,8,1,0,,31345,32742,0,900,981,81,urban,19.271,,,,,,True
784,784,unknown,37008,8,2,0,,31377,34063,0,900,991,91,urban,18.924,,,,,,True
785,785,unknown,42010,10,3,0,,37538,38924,0,900,933,33,urban,4.0,,,,,,True
786,786,unknown,34015,15,1,0,,35315,31470,0,900,961,61,minibus,16.789,,,,,,True
787,787,unknown,34015,15,2,0,,31470,35335,0,900,966,66,minibus,16.538,,,,,,True
788,788,unknown,23018,18,1,0,,26945,35335,0,900,973,73,urban,17.749,,,,,,True
789,789,unknown,23018,18,2,0,,35315,26945,0,900,973,73,urban,17.291,,,,,,True
790,790,unknown,40028,28,1,0,,20789,33551,0,900,975,75,urban,16.201,,,,,,True
791,791,unknown,40028,28,2,0,,33550,20788,0,900,976,76,urban,17.273,,,,,,True
792,792,unknown,20036,36,1,0,,20277,35315,0,900,977,77,,17.54,,,,,,True
793,793,unknown,20036,36,2,0,,31313,25867,0,900,988,88,,17.287,,,,,,True
794,794,unknown,21037,37,1,0,,20001,31574,0,900,962,62,urban,18.78,,,,,,True
795,795,unknown,21037,37,2,0,,31581,27997,0,900,970,70,urban,19.037,,,,,,True
796,796,unknown,28055,55,1,0,,20277,33551,0,900,1012,112,,19.716,,,,,,True
797,797,unknown,28055,55,2,0,,33550,25867,0,900,993,93,,19.063,,,,,,True
798,798,unknown,23056,56,1,0,,20277,31574,0,900,999,99,,22.068,,,,,,True
799,799,unknown,23056,56,2,0,,31052,25867,0,900,985,85,,21.135,,,,,,True
800,800,unknown,21059,59,1,0,,20001,35341,0,900,989,89,urban,18.289,,,,,,True
801,801,unknown,21059,59,2,0,,31313,27997,0,900,990,90,urban,18.79,,,,,,True
802,802,unknown,14068,68,1,0,,20277,33551,0,900,985,85,,20.409,,,,,,True
803,803,unknown,14068,68,2,0,,33550,25867,0,900,987,87,,20.664,,,,,,True
804,804,unknown,15069,69,1,0,,20001,31738,0,900,955,55,urban,14.471,,,,,,True
805,805,unknown,15069,69,2,0,,38160,27997,0,900,956,56,urban,13.999,,,,,,True
806,806,unknown,31075,75,3,0,,31481,35475,0,900,960,60,urban,17.458,,,,,,True
807,807,unknown,23076,76,1,0,,33599,35335,0,900,972,72,urban,15.827,,,,,,True
808,808,unknown,23076,76,2,0,,35315,33598,0,900,966,66,urban,15.606,,,,,,True
809,809,unknown,33077,77,1,0,,31313,31424,0,900,949,49,urban,15.935,,,,,,True
810,810,unknown,33077,77,2,0,,35377,35335,0,900,951,51,urban,15.376,,,,,,True
811,811,unknown,17078,78,1,0,,33599,35335,0,900,987,87,urban,20.953,,,,,,True
812,812,unknown,17078,78,2,0,,35315,33598,0,900,971,71,urban,20.373,,,,,,True
813,813,unknown,37085,85,1,0,,32298,32771,0,900,967,67,,23.868,,,,,,True
814,814,unknown,37085,85,2,0,,32771,31314,0,900,970,70,,23.699,,,,,,True
815,815,unknown,16115,115,1,0,,33550,25867,0,900,990,90,,17.741,,,,,,True
816,816,unknown,16115,115,2,0,,20277,33551,0,900,987,87,,17.818,,,,,,True
817,817,unknown,10137,137,1,0,,13907,14464,0,900,978,78,,9.406,,,,,,True
818,818,unknown,10138,138,1,0,,31344,39943,0,900,974,74,urban,23.767,,,,,,True
819,819,unknown,10138,138,2,0,,31685,31574,0,900,977,77,urban,25.049,,,,,,True
820,820,unknown,13139,139,1,0,,38160,39943,0,900,985,85,urban,26.142,,,,,,True
821,821,unknown,13139,139,2,0,,31685,31738,0,900,1015,115,urban,26.47,,,,,,True
822,822,unknown,11168,168,1,0,,22935,33551,0,900,985,85,urban,16.738,,,,,,True
823,823,unknown,11168,168,2,0,,33550,25354,0,900,974,74,urban,15.975,,,,,,True
824,824,unknown,15173,173,1,0,,33567,31738,0,900,980,80,,29.337,,,,,,True
825,825,unknown,15174,174,2,0,,34025,39590,0,900,985,85,,44.505,,,,,,True
826,826,unknown,11179,179,1,0,,35629,33598,0,900,970,70,,23.581,,,,,,True
827,827,unknown,11179,179,2,0,,33599,38586,0,900,965,65,,23.289,,,,,,True
828,828,unknown,12180,180,2,0,,20163,39590,0,900,974,74,,23.197,,,,,,True
829,829,unknown,19205,205,1,0,,31574,26807,0,900,992,92,,21.244,,,,,,True
830,830,unknown,19205,205,2,0,,26806,31574,0,900,999,99,,20.788,,,,,,True
831,831,unknown,10236,236,1,0,,25358,35335,0,900,978,78,urban,16.679,,,,,,True
832,832,unknown,10236,236,2,0,,31313,26956,0,900,966,66,urban,16.302,,,,,,True
833,833,unknown,14256,256,1,0,,35475,25937,0,900,959,59,urban,16.116,,,,,,True
834,834,unknown,14256,256,2,0,,20001,36639,0,900,948,48,urban,16.346,,,,,,True
835,835,unknown,10277,277,1,0,,35628,2000,0,900,1005,105,,60.063,,,,,,True
836,836,unknown,10277,277,2,0,,2007,30883,0,900,1040,140,,60.455,,,,,,True
837,837,unknown,19279,279,1,0,,35629,36583,0,900,982,82,,23.87,,,,,,True
838,838,unknown,19279,279,2,0,,36583,38586,0,900,976,76,,23.212,,,,,,True
839,839,unknown,11280,280,1,0,,35552,20164,0,900,987,87,,23.308,,,,,,True
840,840,unknown,12281,281,1,0,,35628,60817,0,900,970,70,,36.492,,,,,,True
841,841,unknown,12281,281,2,0,,61417,30883,0,900,975,75,,40.244,,,,,,True
842,842,unknown,11379,379,2,0,,20001,39590,0,900,981,81,,27.12,,,,,,True
843,843,unknown,11436,436,1,0,,20163,31557,0,900,985,85,urban,26.237,,,,,,True
844,844,unknown,11436,436,2,0,,38184,20164,0,900,983,83,urban,24.848,,,,,,True
845,845,unknown,14444,444,1,0,,37015,35275,0,900,980,80,,39.549,,,,,,True
846,846,unknown,14444,444,2,0,,37528,37015,0,900,994,94,,40.627,,,,,,True
847,847,unknown,11453,453,1,0,,38530,3375,0,900,985,85,,54.299,,,,,,True
848,848,unknown,24004,4,1,0,,35629,30883,0,930,957,27,,5.001,,,,,,True
849,849,unknown,24004,4,2,0,,35628,38586,0,930,956,26,,5.075,,,,,,True
850,850,unknown,47006,6,1,0,,35629,33559,0,930,964,34,,7.56,,,,,,True
851,851,unknown,47006,6,2,0,,33559,38586,0,930,967,37,,8.583,,,,,,True
852,852,unknown,42010,10,3,0,,37538,38924,0,930,940,10,urban,4.0,,,,,,True
853,853,unknown,14068,68,1,0,,20277,33551,0,930,1005,75,,20.409,,,,,,True
854,854,unknown,70001,1,1,0,,31313,33551,0,960,1025,65,urban,15.21,,,,,,True
855,855,unknown,70001,1,2,0,,33550,35315,0,960,1020,60,urban,14.884,,,,,,True
856,856,unknown,58002,2,3,0,,31738,31738,0,960,1000,40,urban,10.415,,,,,,True
857,857,unknown,92003,3,1,0,,31336,32742,0,960,1015,55,minibus,15.095,,,,,,True
858,858,unknown,92003,3,2,0,,31377,31736,0,960,1004,44,minibus,15.13,,,,,,True
859,859,unknown,24004,4,1,0,,35629,30883,0,960,980,20,,5.001,,,,,,True
860,860,unknown,24004,4,2,0,,35628,38586,0,960,982,22,,5.075,,,,,,True
861,861,unknown,69005,5,1,0,,35629,30883,0,960,999,39,,8.079,,,,,,True
862,862,unknown,69005,5,2,0,,35628,38586,0,960,994,34,,8.724,,,,,,True
863,863,unknown,47006,6,1,0,,35629,33559,0,960,986,26,,7.56,,,,,,True
864,864,unknown,47006,6,2,0,,33559,38586,0,960,995,35,,8.583,,,,,,True
865,865,unknown,22007,7,1,0,,26806,31491,0,960,1058,98,,16.573,,,,,,True
866,866,unknown,22007,7,2,0,,37538,26807,0,960,1057,97,,18.29,,,,,,True
867,867,unknown,37008,8,1,0,,31345,32742,0,960,1040,80,urban,19.271,,,,,,True
868,868,unknown,37008,8,2,0,,31377,34063,0,960,1045,85,urban,18.924,,,,,,True
869,869,unknown,42010,10,3,0,,37538,38924,0,960,975,15,urban,4.0,,,,,,True
870,870,unknown,34015,15,1,0,,35315,31470,0,960,1018,58,minibus,16.789,,,,,,True
871,871,unknown,34015,15,2,0,,31470,35335,0,960,1034,74,minibus,16.538,,,,,,True
872,872,unknown,23018,18,1,0,,26945,35335,0,960,1033,73,urban,17.749,,,,,,True
873,873,unknown,23018,18,2,0,,35315,26945,0,960,1050,90,urban,17.291,,,,,,True
874,874,unknown,40028,28,1,0,,20789,33551,0,960,1035,75,urban,16.201,,,,,,True
875,875,unknown,40028,28,2,0,,33550,20788,0,960,1036,76,urban,17.273,,,,,,True
876,876,unknown,20036,36,1,0,,20277,35315,0,960,1029,69,,17.54,,,,,,True
877,877,unknown,20036,36,2,0,,31313,25867,0,960,1048,88,,17.287,,,,,,True
878,878,unknown,21037,37,1,0,,20001,31574,0,960,1026,66,urban,18.78,,,,,,True
879,879,unknown,21037,37,2,0,,31581,27997,0,960,1032,72,urban,19.037,,,,,,True
880,880,unknown,28055,55,1,0,,20277,33551,0,960,1072,112,,19.716,,,,,,True
881,881,unknown,28055,55,2,0,,33550,25867,0,960,1065,105,,19.063,,,,,,True
882,882,unknown,23056,56,1,0,,20277,31574,0,960,1054,94,,22.068,,,,,,True
883,883,unknown,23056,56,2,0,,31052,25867,0,960,1050,90,,21.135,,,,,,True
884,884,unknown,20058,58,1,0,,38160,32771,0,960,1030,70,,24.926,,,,,,True
885,885,unknown,21059,59,1,0,,20001,35341,0,960,1049,89,urban,18.289,,,,,,True
886,886,unknown,21059,59,2,0,,31313,27997,0,960,1050,90,urban,18.79,,,,,,True
887,887,unknown,14068,68,1,0,,20277,33551,0,960,1053,93,,20.409,,,,,,True
888,888,unknown,14068,68,2,0,,33550,25867,0,960,1053,93,,20.664,,,,,,True
889,889,unknown,15069,69,1,0,,20001,31738,0,960,1034,74,urban,14.471,,,,,,True
890,890,unknown,15069,69,2,0,,38160,27997,0,960,1025,65,urban,13.999,,,,,,True
891,891,unknown,31075,75,3,0,,31481,35475,0,960,1033,73,urban,17.458,,,,,,True
892,892,unknown,23076,76,1,0,,33599,35335,0,960,1045,85,urban,15.827,,,,,,True
893,893,unknown,23076,76,2,0,,35315,33598,0,960,1040,80,urban,15.606,,,,,,True
894,894,unknown,33077,77,1,0,,31313,31424,0,960,1026,66,urban,15.935,,,,,,True
895,895,unknown,33077,77,2,0,,35377,35335,0,960,1013,53,urban,15.376,,,,,,True
896,896,unknown,17078,78,1,0,,33599,35335,0,960,1045,85,urban,20.953,,,,,,True
897,897,unknown,17078,78,2,0,,35315,33598,0,960,1031,71,urban,20.373,,,,,,True
898,898,unknown,37085,85,1,0,,32298,32771,0,960,1021,61,,23.868,,,,,,True
899,899,unknown,37085,85,2,0,,32771,31314,0,960,1030,70,,23.699,,,,,,True
900,900,unknown,16115,115,1,0,,33550,25867,0,960,1050,90,,17.741,,,,,,True
901,901,unknown,16115,115,2,0,,20277,33551,0,960,1049,89,,17.818,,,,,,True
902,902,unknown,10137,137,1,0,,13907,14464,0,960,1038,78,,9.406,,,,,,True
903,903,unknown,10138,138,1,0,,31344,39943,0,960,1049,89,urban,23.767,,,,,,True
904,904,unknown,10138,138,2,0,,31685,31574,0,960,1037,77,urban,25.049,,,,,,True
905,905,unknown,13139,139,1,0,,38160,39943,0,960,1045,85,urban,26.142,,,,,,True
906,906,unknown,13139,139,2,0,,31685,31738,0,960,1075,115,urban,26.47,,,,,,True
907,907,unknown,11168,168,1,0,,22935,33551,0,960,1040,80,urban,16.738,,,,,,True
908,908,unknown,11168,168,2,0,,33550,25354,0,960,1049,89,urban,15.975,,,,,,True
909,909,unknown,15173,173,2,0,,38160,39590,0,960,1018,58,,28.673,,,,,,True
910,910,unknown,11179,179,1,0,,35629,33598,0,960,1030,70,,23.581,,,,,,True
911,911,unknown,11179,179,2,0,,33599,38586,0,960,1025,65,,23.289,,,,,,True
912,912,unknown,19205,205,1,0,,31574,26807,0,960,1045,85,,21.244,,,,,,True
913,913,unknown,19205,205,2,0,,26806,31574,0,960,1057,97,,20.788,,,,,,True
914,914,unknown,10236,236,1,0,,25358,35335,0,960,1047,87,urban,16.679,,,,,,True
915,915,unknown,10236,236,2,0,,31313,26956,0,960,1040,80,urban,16.302,,,,,,True
916,916,unknown,14256,256,1,0,,35475,25937,0,960,1024,64,urban,16.116,,,,,,True
917,917,unknown,14256,256,2,0,,20001,36639,0,960,1015,55,urban,16.346,,,,,,True
918,918,unknown,10277,277,1,0,,35628,2000,0,960,1080,120,,60.063,,,,,,True
919,919,unknown,10277,277,2,0,,2007,30883,0,960,1098,138,,60.455,,,,,,True
920,920,unknown,19279,279,1,0,,35629,36583,0,960,1041,81,,23.87,,,,,,True
921,921,unknown,19279,279,2,0,,36583,38586,0,960,1024,64,,23.212,,,,,,True
922,922,unknown,11280,280,1,0,,35552,20164,0,960,1045,85,,23.308,,,,,,True
923,923,unknown,12281,281,1,0,,35628,60817,0,960,1050,90,,36.492,,,,,,True
924,924,unknown,12281,281,2,0,,61417,30883,0,960,1035,75,,40.244,,,,,,True
925,925,unknown,11379,379,2,0,,20001,39590,0,960,1035,75,,27.12,,,,,,True
926,926,unknown,11436,436,1,0,,20163,31557,0,960,1045,85,urban,26.237,,,,,,True
927,927,unknown,11436,436,2,0,,38184,20164,0,960,1051,91,urban,24.848,,,,,,True
928,928,unknown,14444,444,1,0,,37015,35275,0,960,1040,80,,39.549,,,,,,True
929,929,unknown,14444,444,2,0,,37528,37015,0,960,1054,94,,40.627,,,,,,True
930,930,unknown,47006,6,2,0,,33559,38586,0,990,1019,29,,8.583,,,,,,True
931,931,unknown,42010,10,3,0,,37538,38924,0,990,1000,10,urban,4.0,,,,,,True
932,932,unknown,14068,68,1,0,,20277,33551,0,990,1083,93,,20.409,,,,,,True
933,933,unknown,14068,68,2,0,,33550,25867,0,990,1080,90,,20.664,,,,,,True
934,934,unknown,16115,115,1,0,,33550,25867,0,990,1080,90,,17.741,,,,,,True
935,935,unknown,70001,1,1,0,,31313,33551,0,1020,1073,53,urban,15.21,,,,,,True
936,936,unknown,70001,1,2,0,,33550,35315,0,1020,1076,56,urban,14.884,,,,,,True
937,937,unknown,58002,2,3,0,,31738,31738,0,1020,1060,40,urban,10.415,,,,,,True
938,938,unknown,24004,4,1,0,,35629,30883,0,1020,1037,17,,5.001,,,,,,True
939,939,unknown,24004,4,2,0,,35628,38586,0,1020,1037,17,,5.075,,,,,,True
940,940,unknown,69005,5,1,0,,35629,30883,0,1020,1059,39,,8.079,,,,,,True
941,941,unknown,69005,5,2,0,,35628,38586,0,1020,1050,30,,8.724,,,,,,True
942,942,unknown,47006,6,1,0,,35629,33559,0,1020,1046,26,,7.56,,,,,,True
943,943,unknown,47006,6,2,0,,33559,38586,0,1020,1051,31,,8.583,,,,,,True
944,944,unknown,22007,7,1,0,,26806,31491,0,1020,1118,98,,16.573,,,,,,True
945,945,unknown,22007,7,2,0,,37538,26807,0,1020,1117,97,,18.29,,,,,,True
946,946,unknown,37008,8,1,0,,31345,32742,0,1020,1096,76,urban,19.271,,,,,,True
947,947,unknown,37008,8,2,0,,31377,34063,0,1020,1098,78,urban,18.924,,,,,,True
948,948,unknown,42010,10,3,0,,37538,38924,0,1020,1033,13,urban,4.0,,,,,,True
949,949,unknown,34015,15,1,0,,35315,31470,0,1020,1088,68,minibus,16.789,,,,,,True
950,950,unknown,34015,15,2,0,,31470,35335,0,1020,1078,58,minibus,16.538,,,,,,True
951,951,unknown,23018,18,1,0,,26945,35335,0,1020,1093,73,urban,17.749,,,,,,True
952,952,unknown,23018,18,2,0,,35315,26945,0,1020,1093,73,urban,17.291,,,,,,True
953,953,unknown,40028,28,1,0,,20789,33551,0,1020,1095,75,urban,16.201,,,,,,True
954,954,unknown,40028,28,2,0,,33550,20788,0,1020,1096,76,urban,17.273,,,,,,True
955,955,unknown,20036,36,1,0,,20277,35315,0,1020,1105,85,,17.54,,,,,,True
956,956,unknown,20036,36,2,0,,31313,25867,0,1020,1108,88,,17.287,,,,,,True
957,957,unknown,21037,37,1,0,,20001,31574,0,1020,1085,65,urban,18.78,,,,,,True
958,958,unknown,21037,37,2,0,,31581,27997,0,1020,1085,65,urban,19.037,,,,,,True
959,959,unknown,28055,55,1,0,,20277,33551,0,1020,1127,107,,19.716,,,,,,True
960,960,unknown,28055,55,2,0,,33550,25867,0,1020,1119,99,,19.063,,,,,,True
961,961,unknown,23056,56,1,0,,20277,31574,0,1020,1113,93,,22.068,,,,,,True
962,962,unknown,23056,56,2,0,,31052,25867,0,1020,1107,87,,21.135,,,,,,True
963,963,unknown,20058,58,1,0,,38160,32771,0,1020,1090,70,,24.926,,,,,,True
964,964,unknown,21059,59,1,0,,20001,35341,0,1020,1100,80,urban,18.289,,,,,,True
965,965,unknown,21059,59,2,0,,31313,27997,0,1020,1097,77,urban,18.79,,,,,,True
966,966,unknown,14068,68,1,0,,20277,33551,0,1020,1111,91,,20.409,,,,,,True
967,967,unknown,14068,68,2,0,,33550,25867,0,1020,1105,85,,20.664,,,,,,True
968,968,unknown,15069,69,1,0,,20001,31738,0,1020,1076,56,urban,14.471,,,,,,True
969,969,unknown,15069,69,2,0,,38160,27997,0,1020,1075,55,urban,13.999,,,,,,True
970,970,unknown,31075,75,3,0,,31481,35475,0,1020,1079,59,urban,17.458,,,,,,True
971,971,unknown,23076,76,1,0,,33599,35335,0,1020,1101,81,urban,15.827,,,,,,True
972,972,unknown,23076,76,2,0,,35315,33598,0,1020,1089,69,urban,15.606,,,,,,True
973,973,unknown,33077,77,1,0,,31313,31424,0,1020,1085,65,urban,15.935,,,,,,True
974,974,unknown,33077,77,2,0,,35377,35335,0,1020,1073,53,urban,15.376,,,,,,True
975,975,unknown,17078,78,1,0,,33599,35335,0,1020,1088,68,urban,20.953,,,,,,True
976,976,unknown,17078,78,2,0,,35315,33598,0,1020,1091,71,urban,20.373,,,,,,True
977,977,unknown,37085,85,1,0,,32298,32771,0,1020,1083,63,,23.868,,,,,,True
978,978,unknown,37085,85,2,0,,32771,31314,0,1020,1090,70,,23.699,,,,,,True
979,979,unknown,16115,115,1,0,,33550,25867,0,1020,1110,90,,17.741,,,,,,True
980,980,unknown,16115,115,2,0,,20277,33551,0,1020,1107,87,,17.818,,,,,,True
981,981,unknown,10137,137,1,0,,13907,14464,0,1020,1098,78,,9.406,,,,,,True
982,982,unknown,10138,138,1,0,,31344,39943,0,1020,1095,75,urban,23.767,,,,,,True
983,983,unknown,10138,138,2,0,,31685,31574,0,1020,1097,77,urban,25.049,,,,,,True
984,984,unknown,13139,139,1,0,,38160,39943,0,1020,1105,85,urban,26.142,,,,,,True
985,985,unknown,13139,139,2,0,,31685,31738,0,1020,1135,115,urban,26.47,,,,,,True
986,986,unknown,11168,168,1,0,,22935,33551,0,1020,1099,79,urban,16.738,,,,,,True
987,987,unknown,11168,168,2,0,,33550,25354,0,1020,1094,74,urban,15.975,,,,,,True
988,988,unknown,15173,173,1,0,,33567,31738,0,1020,1100,80,,29.337,,,,,,True
989,989,unknown,11179,179,1,0,,35629,33598,0,1020,1090,70,,23.581,,,,,,True
990,990,unknown,11179,179,2,0,,33599,38586,0,1020,1090,70,,23.289,,,,,,True
991,991,unknown,12180,180,2,0,,20163,39590,0,1020,1082,62,,23.197,,,,,,True
992,992,unknown,19205,205,1,0,,31574,26807,0,1020,1096,76,,21.244,,,,,,True
993,993,unknown,19205,205,2,0,,26806,31574,0,1020,1107,87,,20.788,,,,,,True
994,994,unknown,10236,236,1,0,,25358,35335,0,1020,1084,64,urban,16.679,,,,,,True
995,995,unknown,10236,236,2,0,,31313,26956,0,1020,1095,75,urban,16.302,,,,,,True
996,996,unknown,14256,256,1,0,,35475,25937,0,1020,1081,61,urban,16.116,,,,,,True
997,997,unknown,14256,256,2,0,,20001,36639,0,1020,1075,55,urban,16.346,,,,,,True
998,998,unknown,10277,277,1,0,,35628,2000,0,1020,1125,105,,60.063,,,,,,True
999,999,unknown,10277,277,2,0,,2007,30883,0,1020,1160,140,,60.455,,,,,,True
1000,1000,unknown,19279,279,1,0,,35629,36583,0,1020,1098,78,,23.87,,,,,,True
1001,1001,unknown,19279,279,2,0,,36583,38586,0,1020,1084,64,,23.212,,,,,,True
1002,1002,unknown,11280,280,1,0,,35552,20164,0,1020,1109,89,,23.308,,,,,,True
1003,1003,unknown,12281,281,1,0,,35628,60817,0,1020,1090,70,,36.492,,,,,,True
1004,1004,unknown,12281,281,2,0,,61417,30883,0,1020,1095,75,,40.244,,,,,,True
1005,1005,unknown,16285,285,1,0,,35628,13116,0,1020,1136,116,,68.169,,,,,,True
1006,1006,unknown,11379,379,2,0,,20001,39590,0,1020,1095,75,,27.12,,,,,,True
1007,1007,unknown,16385,385,1,0,,39945,31995,0,1020,1085,65,,25.111,,,,,,True
1008,1008,unknown,11436,436,1,0,,20163,31557,0,1020,1105,85,urban,26.237,,,,,,True
1009,1009,unknown,14444,444,1,0,,37015,35275,0,1020,1100,80,,39.549,,,,,,True
1010,1010,unknown,11453,453,2,0,,203,38527,0,1020,1103,83,,54.494,,,,,,True
1011,1011,unknown,42010,10,3,0,,37538,38924,0,1050,1060,10,urban,4.0,,,,,,True
1012,1012,unknown,14068,68,1,0,,20277,33551,0,1050,1125,75,,20.409,,,,,,True
1013,1013,unknown,14068,68,2,0,,33550,25867,0,1050,1128,78,,20.664,,,,,,True
1014,1014,unknown,16115,115,1,0,,33550,25867,0,1050,1140,90,,17.741,,,,,,True
1015,1015,unknown,70001,1,1,0,,31313,33551,0,1080,1130,50,urban,15.21,,,,,,True
1016,1016,unknown,70001,1,2,0,,33550,35315,0,1080,1133,53,urban,14.884,,,,,,True
1017,1017,unknown,58002,2,3,0,,31738,31738,0,1080,1120,40,urban,10.415,,,,,,True
1018,1018,unknown,92003,3,1,0,,31336,32742,0,1080,1130,50,minibus,15.095,,,,,,True
1019,1019,unknown,24004,4,1,0,,35629,30883,0,1080,1098,18,,5.001,,,,,,True
1020,1020,unknown,24004,4,2,0,,35628,38586,0,1080,1098,18,,5.075,,,,,,True
1021,1021,unknown,69005,5,1,0,,35629,30883,0,1080,1119,39,,8.079,,,,,,True
1022,1022,unknown,69005,5,2,0,,35628,38586,0,1080,1110,30,,8.724,,,,,,True
1023,1023,unknown,47006,6,1,0,,35629,33559,0,1080,1106,26,,7.56,,,,,,True
1024,1024,unknown,47006,6,2,0,,33559,38586,0,1080,1109,29,,8.583,,,,,,True
1025,1025,unknown,22007,7,1,0,,26806,31491,0,1080,1178,98,,16.573,,,,,,True
1026,1026,unknown,22007,7,2,0,,37538,26807,0,1080,1177,97,,18.29,,,,,,True
1027,1027,unknown,37008,8,1,0,,31345,32742,0,1080,1150,70,urban,19.271,,,,,,True
1028,1028,unknown,37008,8,2,0,,31377,34063,0,1080,1147,67,urban,18.924,,,,,,True
1029,1029,unknown,42010,10,3,0,,37538,38924,0,1080,1093,13,urban,4.0,,,,,,True
1030,1030,unknown,34015,15,1,0,,35315,31470,0,1080,1140,60,minibus,16.789,,,,,,True
1031,1031,unknown,34015,15,2,0,,31470,35335,0,1080,1138,58,minibus,16.538,,,,,,True
1032,1032,unknown,23018,18,1,0,,26945,35335,0,1080,1153,73,urban,17.749,,,,,,True
1033,1033,unknown,23018,18,2,0,,35315,26945,0,1080,1153,73,urban,17.291,,,,,,True
1034,1034,unknown,40028,28,1,0,,20789,33551,0,1080,1167,87,urban,16.201,,,,,,True
1035,1035,unknown,40028,28,2,0,,33550,20788,0,1080,1162,82,urban,17.273,,,,,,True
1036,1036,unknown,20036,36,1,0,,20277,35315,0,1080,1159,79,,17.54,,,,,,True
1037,1037,unknown,20036,36,2,0,,31313,25867,0,1080,1168,88,,17.287,,,,,,True
1038,1038,unknown,21037,37,1,0,,20001,31574,0,1080,1141,61,urban,18.78,,,,,,True
1039,1039,unknown,21037,37,2,0,,31581,27997,0,1080,1140,60,urban,19.037,,,,,,True
1040,1040,unknown,28055,55,1,0,,20277,33551,0,1080,1173,93,,19.716,,,,,,True
1041,1041,unknown,28055,55,2,0,,33550,25867,0,1080,1171,91,,19.063,,,,,,True
1042,1042,unknown,23056,56,1,0,,20277,31574,0,1080,1170,90,,22.068,,,,,,True
1043,1043,unknown,23056,56,2,0,,31052,25867,0,1080,1165,85,,21.135,,,,,,True
1044,1044,unknown,21059,59,1,0,,20001,35341,0,1080,1154,74,urban,18.289,,,,,,True
1045,1045,unknown,21059,59,2,0,,31313,27997,0,1080,1157,77,urban,18.79,,,,,,True
1046,1046,unknown,14068,68,1,0,,20277,33551,0,1080,1158,78,,20.409,,,,,,True
1047,1047,unknown,14068,68,2,0,,33550,25867,0,1080,1158,78,,20.664,,,,,,True
1048,1048,unknown,15069,69,1,0,,20001,31738,0,1080,1135,55,urban,14.471,,,,,,True
1049,1049,unknown,15069,69,2,0,,38160,27997,0,1080,1130,50,urban,13.999,,,,,,True
1050,1050,unknown,31075,75,3,0,,31481,35475,0,1080,1140,60,urban,17.458,,,,,,True
1051,1051,unknown,23076,76,1,0,,33599,35335,0,1080,1162,82,urban,15.827,,,,,,True
1052,1052,unknown,23076,76,2,0,,35315,33598,0,1080,1152,72,urban,15.606,,,,,,True
1053,1053,unknown,33077,77,1,0,,31313,31424,0,1080,1139,59,urban,15.935,,,,,,True
1054,1054,unknown,33077,77,2,0,,35377,35335,0,1080,1133,53,urban,15.376,,,,,,True
1055,1055,unknown,17078,78,1,0,,33599,35335,0,1080,1151,71,urban,20.953,,,,,,True
1056,1056,unknown,17078,78,2,0,,35315,33598,0,1080,1151,71,urban,20.373,,,,,,True
1057,1057,unknown,37085,85,1,0,,32298,32771,0,1080,1141,61,,23.868,,,,,,True
1058,1058,unknown,37085,85,2,0,,32771,31314,0,1080,1150,70,,23.699,,,,,,True
1059,1059,unknown,16115,115,1,0,,33550,25867,0,1080,1170,90,,17.741,,,,,,True
1060,1060,unknown,16115,115,2,0,,20277,33551,0,1080,1167,87,,17.818,,,,,,True
1061,1061,unknown,10137,137,1,0,,13907,14464,0,1080,1172,92,,9.406,,,,,,True
1062,1062,unknown,10138,138,1,0,,31344,39943,0,1080,1150,70,urban,23.767,,,,,,True
1063,1063,unknown,10138,138,2,0,,31685,31574,0,1080,1159,79,urban,25.049,,,,,,True
1064,1064,unknown,13139,139,1,0,,38160,39943,0,1080,1165,85,urban,26.142,,,,,,True
1065,1065,unknown,13139,139,2,0,,31685,31738,0,1080,1195,115,urban,26.47,,,,,,True
1066,1066,unknown,11168,168,1,0,,22935,33551,0,1080,1155,75,urban,16.738,,,,,,True
1067,1067,unknown,11168,168,2,0,,33550,25354,0,1080,1154,74,urban,15.975,,,,,,True
1068,1068,unknown,15173,173,2,0,,38160,39590,0,1080,1138,58,,28.673,,,,,,True
1069,1069,unknown,11179,179,1,0,,35629,33598,0,1080,1150,70,,23.581,,,,,,True
1070,1070,unknown,11179,179,2,0,,33599,38586,0,1080,1145,65,,23.289,,,,,,True
1071,1071,unknown,19205,205,1,0,,31574,26807,0,1080,1156,76,,21.244,,,,,,True
1072,1072,unknown,19205,205,2,0,,26806,31574,0,1080,1153,73,,20.788,,,,,,True
1073,1073,unknown,10236,236,1,0,,25358,35335,0,1080,1150,70,urban,16.679,,,,,,True
1074,1074,unknown,10236,236,2,0,,31313,26956,0,1080,1150,70,urban,16.302,,,,,,True
1075,1075,unknown,14256,256,1,0,,35475,25937,0,1080,1138,58,urban,16.116,,,,,,True
1076,1076,unknown,14256,256,2,0,,20001,36639,0,1080,1135,55,urban,16.346,,,,,,True
1077,1077,unknown,10277,277,1,0,,35628,2000,0,1080,1185,105,,60.063,,,,,,True
1078,1078,unknown,10277,277,2,0,,2007,30883,0,1080,1220,140,,60.455,,,,,,True
1079,1079,unknown,19279,279,1,0,,35629,36583,0,1080,1155,75,,23.87,,,,,,True
1080,1080,unknown,19279,279,2,0,,36583,38586,0,1080,1144,64,,23.212,,,,,,True
1081,1081,unknown,11280,280,1,0,,35552,20164,0,1080,1161,81,,23.308,,,,,,True
1082,1082,unknown,11280,280,2,0,,20163,39590,0,1080,1151,71,,24.949,,,,,,True
1083,1083,unknown,12281,281,1,0,,35628,60817,0,1080,1150,70,,36.492,,,,,,True
1084,1084,unknown,12281,281,2,0,,61417,30883,0,1080,1155,75,,40.244,,,,,,True
1085,1085,unknown,11379,379,2,0,,20001,39590,0,1080,1155,75,,27.12,,,,,,True
1086,1086,unknown,11436,436,2,0,,38184,20164,0,1080,1165,85,urban,24.848,,,,,,True
1087,1087,unknown,14444,444,1,0,,37015,35275,0,1080,1160,80,,39.549,,,,,,True
1088,1088,unknown,14444,444,2,0,,37528,37015,0,1080,1174,94,,40.627,,,,,,True
1089,1089,unknown,23056,56,1,0,,20277,31574,0,1110,1193,83,,22.068,,,,,,True
1090,1090,unknown,14068,68,1,0,,20277,33551,0,1110,1185,75,,20.409,,,,,,True
1091,1091,unknown,70001,1,1,0,,31313,33551,0,1140,1192,52,urban,15.21,,,,,,True
1092,1092,unknown,70001,1,2,0,,33550,35315,0,1140,1191,51,urban,14.884,,,,,,True
1093,1093,unknown,92003,3,1,0,,31336,32742,0,1140,1190,50,minibus,15.095,,,,,,True
1094,1094,unknown,92003,3,2,0,,31377,31736,0,1140,1185,45,minibus,15.13,,,,,,True
1095,1095,unknown,24004,4,1,0,,35629,30883,0,1140,1158,18,,5.001,,,,,,True
1096,1096,unknown,24004,4,2,0,,35628,38586,0,1140,1159,19,,5.075,,,,,,True
1097,1097,unknown,69005,5,1,0,,35629,30883,0,1140,1179,39,,8.079,,,,,,True
1098,1098,unknown,69005,5,2,0,,35628,38586,0,1140,1172,32,,8.724,,,,,,True
1099,1099,unknown,47006,6,1,0,,35629,33559,0,1140,1166,26,,7.56,,,,,,True
1100,1100,unknown,47006,6,2,0,,33559,38586,0,1140,1169,29,,8.583,,,,,,True
1101,1101,unknown,22007,7,1,0,,26806,31491,0,1140,1238,98,,16.573,,,,,,True
1102,1102,unknown,22007,7,2,0,,37538,26807,0,1140,1237,97,,18.29,,,,,,True
1103,1103,unknown,37008,8,1,0,,31345,32742,0,1140,1205,65,urban,19.271,,,,,,True
1104,1104,unknown,37008,8,2,0,,31377,34063,0,1140,1209,69,urban,18.924,,,,,,True
1105,1105,unknown,42010,10,3,0,,37538,38924,0,1140,1150,10,urban,4.0,,,,,,True
1106,1106,unknown,34015,15,1,0,,35315,31470,0,1140,1196,56,minibus,16.789,,,,,,True
1107,1107,unknown,34015,15,2,0,,31470,35335,0,1140,1198,58,minibus,16.538,,,,,,True
1108,1108,unknown,23018,18,1,0,,26945,35335,0,1140,1209,69,urban,17.749,,,,,,True
1109,1109,unknown,23018,18,2,0,,35315,26945,0,1140,1213,73,urban,17.291,,,,,,True
1110,1110,unknown,40028,28,1,0,,20789,33551,0,1140,1215,75,urban,16.201,,,,,,True
1111,1111,unknown,40028,28,2,0,,33550,20788,0,1140,1216,76,urban,17.273,,,,,,True
1112,1112,unknown,20036,36,1,0,,20277,35315,0,1140,1212,72,,17.54,,,,,,True
1113,1113,unknown,20036,36,2,0,,31313,25867,0,1140,1228,88,,17.287,,,,,,True
1114,1114,unknown,21037,37,1,0,,20001,31574,0,1140,1194,54,urban,18.78,,,,,,True
1115,1115,unknown,21037,37,2,0,,31581,27997,0,1140,1198,58,urban,19.037,,,,,,True
1116,1116,unknown,28055,55,1,0,,20277,33551,0,1140,1225,85,,19.716,,,,,,True
1117,1117,unknown,28055,55,2,0,,33550,25867,0,1140,1225,85,,19.063,,,,,,True
1118,1118,unknown,23056,56,1,0,,20277,31574,0,1140,1223,83,,22.068,,,,,,True
1119,1119,unknown,23056,56,2,0,,31052,25867,0,1140,1219,79,,21.135,,,,,,True
1120,1120,unknown,20058,58,1,0,,38160,32771,0,1140,1210,70,,24.926,,,,,,True
1121,1121,unknown,21059,59,1,0,,20001,35341,0,1140,1214,74,urban,18.289,,,,,,True
1122,1122,unknown,21059,59,2,0,,31313,27997,0,1140,1207,67,urban,18.79,,,,,,True
1123,1123,unknown,14068,68,1,0,,20277,33551,0,1140,1215,75,,20.409,,,,,,True
1124,1124,unknown,14068,68,2,0,,33550,25867,0,1140,1209,69,,20.664,,,,,,True
1125,1125,unknown,15069,69,1,0,,20001,31738,0,1140,1200,60,urban,14.471,,,,,,True
1126,1126,unknown,15069,69,2,0,,38160,27997,0,1140,1191,51,urban,13.999,,,,,,True
1127,1127,unknown,31075,75,3,0,,31481,35475,0,1140,1200,60,urban,17.458,,,,,,True
1128,1128,unknown,23076,76,1,0,,33599,35335,0,1140,1205,65,urban,15.827,,,,,,True
1129,1129,unknown,23076,76,2,0,,35315,33598,0,1140,1209,69,urban,15.606,,,,,,True
1130,1130,unknown,33077,77,1,0,,31313,31424,0,1140,1199,59,urban,15.935,,,,,,True
1131,1131,unknown,33077,77,2,0,,35377,35335,0,1140,1196,56,urban,15.376,,,,,,True
1132,1132,unknown,17078,78,1,0,,33599,35335,0,1140,1206,66,urban,20.953,,,,,,True
1133,1133,unknown,17078,78,2,0,,35315,33598,0,1140,1211,71,urban,20.373,,,,,,True
1134,1134,unknown,37085,85,1,0,,32298,32771,0,1140,1201,61,,23.868,,,,,,True
1135,1135,unknown,37085,85,2,0,,32771,31314,0,1140,1210,70,,23.699,,,,,,True
1136,1136,unknown,16115,115,1,0,,33550,25867,0,1140,1230,90,,17.741,,,,,,True
1137,1137,unknown,16115,115,2,0,,20277,33551,0,1140,1227,87,,17.818,,,,,,True
1138,1138,unknown,10138,138,1,0,,31344,39943,0,1140,1205,65,urban,23.767,,,,,,True
1139,1139,unknown,10138,138,2,0,,31685,31574,0,1140,1217,77,urban,25.049,,,,,,True
1140,1140,unknown,13139,139,1,0,,38160,39943,0,1140,1225,85,urban,26.142,,,,,,True
1141,1141,unknown,13139,139,2,0,,31685,31738,0,1140,1255,115,urban,26.47,,,,,,True
1142,1142,unknown,11168,168,1,0,,22935,33551,0,1140,1200,60,urban,16.738,,,,,,True
1143,1143,unknown,11168,168,2,0,,33550,25354,0,1140,1211,71,urban,15.975,,,,,,True
1144,1144,unknown,15173,173,1,0,,33567,31738,0,1140,1207,67,,29.337,,,,,,True
1145,1145,unknown,11179,179,1,0,,35629,33598,0,1140,1210,70,,23.581,,,,,,True
1146,1146,unknown,11179,179,2,0,,33599,38586,0,1140,1205,65,,23.289,,,,,,True
1147,1147,unknown,12180,180,2,0,,20163,39590,0,1140,1203,63,,23.197,,,,,,True
1148,1148,unknown,19205,205,1,0,,31574,26807,0,1140,1216,76,,21.244,,,,,,True
1149,1149,unknown,19205,205,2,0,,26806,31574,0,1140,1213,73,,20.788,,,,,,True
1150,1150,unknown,10236,236,1,0,,25358,35335,0,1140,1200,60,urban,16.679,,,,,,True
1151,1151,unknown,10236,236,2,0,,31313,26956,0,1140,1210,70,urban,16.302,,,,,,True
1152,1152,unknown,14256,256,1,0,,35475,25937,0,1140,1192,52,urban,16.116,,,,,,True
1153,1153,unknown,14256,256,2,0,,20001,36639,0,1140,1195,55,urban,16.346,,,,,,True
1154,1154,unknown,10277,277,1,0,,35628,2000,0,1140,1245,105,,60.063,,,,,,True
1155,1155,unknown,10277,277,2,0,,2007,30883,0,1140,1240,100,,60.455,,,,,,True
1156,1156,unknown,19279,279,1,0,,35629,36583,0,1140,1215,75,,23.87,,,,,,True
1157,1157,unknown,19279,279,2,0,,36583,38586,0,1140,1190,50,,23.212,,,,,,True
1158,1158,unknown,11280,280,1,0,,35552,20164,0,1140,1213,73,,23.308,,,,,,True
1159,1159,unknown,11280,280,2,0,,20163,39590,0,1140,1204,64,,24.949,,,,,,True
1160,1160,unknown,12281,281,1,0,,35628,60817,0,1140,1210,70,,36.492,,,,,,True
1161,1161,unknown,12281,281,2,0,,61417,30883,0,1140,1215,75,,40.244,,,,,,True
1162,1162,unknown,16285,285,1,0,,35628,13116,0,1140,1240,100,,68.169,,,,,,True
1163,1163,unknown,16285,285,2,0,,12945,30883,0,1140,1235,95,,68.355,,,,,,True
1164,1164,unknown,11377,377,1,0,,35628,237,0,1140,1255,115,,60.821,,,,,,True
1165,1165,unknown,16385,385,1,0,,39945,31995,0,1140,1200,60,,25.111,,,,,,True
1166,1166,unknown,11436,436,1,0,,20163,31557,0,1140,1225,85,urban,26.237,,,,,,True
1167,1167,unknown,14444,444,1,0,,37015,35275,0,1140,1220,80,,39.549,,,,,,True
1168,1168,unknown,14444,444,2,0,,37528,37015,0,1140,1234,94,,40.627,,,,,,True
1169,1169,unknown,70001,1,1,0,,31313,33551,0,1200,1250,50,urban,15.21,,,,,,True
1170,1170,unknown,70001,1,2,0,,33550,35315,0,1200,1249,49,urban,14.884,,,,,,True
1171,1171,unknown,92003,3,2,0,,31377,31736,0,1200,1240,40,minibus,15.13,,,,,,True
1172,1172,unknown,24004,4,1,0,,35629,30883,0,1200,1216,16,,5.001,,,,,,True
1173,1173,unknown,24004,4,2,0,,35628,38586,0,1200,1217,17,,5.075,,,,,,True
1174,1174,unknown,69005,5,1,0,,35629,30883,0,1200,1239,39,,8.079,,,,,,True
1175,1175,unknown,69005,5,2,0,,35628,38586,0,1200,1230,30,,8.724,,,,,,True
1176,1176,unknown,47006,6,1,0,,35629,33559,0,1200,1227,27,,7.56,,,,,,True
1177,1177,unknown,47006,6,2,0,,33559,38586,0,1200,1229,29,,8.583,,,,,,True
1178,1178,unknown,22007,7,1,0,,26806,31491,0,1200,1298,98,,16.573,,,,,,True
1179,1179,unknown,22007,7,2,0,,37538,26807,0,1200,1297,97,,18.29,,,,,,True
1180,1180,unknown,37008,8,1,0,,31345,32742,0,1200,1269,69,urban,19.271,,,,,,True
1181,1181,unknown,37008,8,2,0,,31377,34063,0,1200,1260,60,urban,18.924,,,,,,True
1182,1182,unknown,34015,15,1,0,,35315,31470,0,1200,1255,55,minibus,16.789,,,,,,True
1183,1183,unknown,34015,15,2,0,,31470,35335,0,1200,1258,58,minibus,16.538,,,,,,True
1184,1184,unknown,23018,18,1,0,,26945,35335,0,1200,1273,73,urban,17.749,,,,,,True
1185,1185,unknown,23018,18,2,0,,35315,26945,0,1200,1276,76,urban,17.291,,,,,,True
1186,1186,unknown,40028,28,1,0,,20789,33551,0,1200,1275,75,urban,16.201,,,,,,True
1187,1187,unknown,40028,28,2,0,,33550,20788,0,1200,1276,76,urban,17.273,,,,,,True
1188,1188,unknown,20036,36,1,0,,20277,35315,0,1200,1269,69,,17.54,,,,,,True
1189,1189,unknown,20036,36,2,0,,31313,25867,0,1200,1288,88,,17.287,,,,,,True
1190,1190,unknown,21037,37,1,0,,20001,31574,0,1200,1253,53,urban,18.78,,,,,,True
1191,1191,unknown,21037,37,2,0,,31581,27997,0,1200,1259,59,urban,19.037,,,,,,True
1192,1192,unknown,28055,55,1,0,,20277,33551,0,1200,1279,79,,19.716,,,,,,True
1193,1193,unknown,28055,55,2,0,,33550,25867,0,1200,1282,82,,19.063,,,,,,True
1194,1194,unknown,23056,56,1,0,,20277,31574,0,1200,1283,83,,22.068,,,,,,True
1195,1195,unknown,23056,56,2,0,,31052,25867,0,1200,1279,79,,21.135,,,,,,True
1196,1196,unknown,21059,59,1,0,,20001,35341,0,1200,1266,66,urban,18.289,,,,,,True
1197,1197,unknown,21059,59,2,0,,31313,27997,0,1200,1259,59,urban,18.79,,,,,,True
1198,1198,unknown,14068,68,1,0,,20277,33551,0,1200,1275,75,,20.409,,,,,,True
1199,1199,unknown,14068,68,2,0,,33550,25867,0,1200,1265,65,,20.664,,,,,,True
1200,1200,unknown,15069,69,1,0,,20001,31738,0,1200,1255,55,urban,14.471,,,,,,True
1201,1201,unknown,15069,69,2,0,,38160,27997,0,1200,1252,52,urban,13.999,,,,,,True
1202,1202,unknown,31075,75,3,0,,31481,35475,0,1200,1260,60,urban,17.458,,,,,,True
1203,1203,unknown,23076,76,1,0,,33599,35335,0,1200,1263,63,urban,15.827,,,,,,True
1204,1204,unknown,23076,76,2,0,,35315,33598,0,1200,1260,60,urban,15.606,,,,,,True
1205,1205,unknown,33077,77,1,0,,31313,31424,0,1200,1259,59,urban,15.935,,,,,,True
1206,1206,unknown,33077,77,2,0,,35377,35335,0,1200,1253,53,urban,15.376,,,,,,True
1207,1207,unknown,17078,78,1,0,,33599,35335,0,1200,1268,68,urban,20.953,,,,,,True
1208,1208,unknown,17078,78,2,0,,35315,33598,0,1200,1257,57,urban,20.373,,,,,,True
1209,1209,unknown,37085,85,1,0,,32298,32771,0,1200,1250,50,,23.868,,,,,,True
1210,1210,unknown,37085,85,2,0,,32771,31314,0,1200,1270,70,,23.699,,,,,,True
1211,1211,unknown,16115,115,1,0,,33550,25867,0,1200,1290,90,,17.741,,,,,,True
1212,1212,unknown,16115,115,2,0,,20277,33551,0,1200,1287,87,,17.818,,,,,,True
1213,1213,unknown,10138,138,1,0,,31344,39943,0,1200,1265,65,urban,23.767,,,,,,True
1214,1214,unknown,10138,138,2,0,,31685,31574,0,1200,1277,77,urban,25.049,,,,,,True
1215,1215,unknown,13139,139,1,0,,38160,39943,0,1200,1285,85,urban,26.142,,,,,,True
1216,1216,unknown,13139,139,2,0,,31685,31738,0,1200,1315,115,urban,26.47,,,,,,True
1217,1217,unknown,11168,168,1,0,,22935,33551,0,1200,1265,65,urban,16.738,,,,,,True
1218,1218,unknown,11168,168,2,0,,33550,25354,0,1200,1274,74,urban,15.975,,,,,,True
1219,1219,unknown,15173,173,2,0,,38160,39590,0,1200,1258,58,,28.673,,,,,,True
1220,1220,unknown,11179,179,1,0,,35629,33598,0,1200,1270,70,,23.581,,,,,,True
1221,1221,unknown,11179,179,2,0,,33599,38586,0,1200,1265,65,,23.289,,,,,,True
1222,1222,unknown,12180,180,2,0,,20163,39590,0,1200,1256,56,,23.197,,,,,,True
1223,1223,unknown,19205,205,1,0,,31574,26807,0,1200,1276,76,,21.244,,,,,,True
1224,1224,unknown,19205,205,2,0,,26806,31574,0,1200,1275,75,,20.788,,,,,,True
1225,1225,unknown,10236,236,1,0,,25358,35335,0,1200,1259,59,urban,16.679,,,,,,True
1226,1226,unknown,10236,236,2,0,,31313,26956,0,1200,1262,62,urban,16.302,,,,,,True
1227,1227,unknown,14256,256,1,0,,35475,25937,0,1200,1248,48,urban,16.116,,,,,,True
1228,1228,unknown,14256,256,2,0,,20001,36639,0,1200,1257,57,urban,16.346,,,,,,True
1229,1229,unknown,10277,277,1,0,,35628,2000,0,1200,1305,105,,60.063,,,,,,True
1230,1230,unknown,10277,277,2,0,,2007,30883,0,1200,1300,100,,60.455,,,,,,True
1231,1231,unknown,19279,279,1,0,,35629,36583,0,1200,1275,75,,23.87,,,,,,True
1232,1232,unknown,19279,279,2,0,,36583,38586,0,1200,1258,58,,23.212,,,,,,True
1233,1233,unknown,11280,280,1,0,,35552,20164,0,1200,1273,73,,23.308,,,,,,True
1234,1234,unknown,11280,280,2,0,,20163,39590,0,1200,1263,63,,24.949,,,,,,True
1235,1235,unknown,12281,281,1,0,,35628,60817,0,1200,1270,70,,36.492,,,,,,True
1236,1236,unknown,12281,281,2,0,,61417,30883,0,1200,1275,75,,40.244,,,,,,True
1237,1237,unknown,16285,285,2,0,,12945,30883,0,1200,1295,95,,68.355,,,,,,True
1238,1238,unknown,11377,377,1,0,,35628,237,0,1200,1305,105,,60.821,,,,,,True
1239,1239,unknown,14444,444,1,0,,37015,35275,0,1200,1280,80,,39.549,,,,,,True
1240,1240,unknown,70001,1,1,0,,31313,33551,0,1260,1317,57,urban,15.21,,,,,,True
1241,1241,unknown,70001,1,2,0,,33550,35315,0,1260,1317,57,urban,14.884,,,,,,True
1242,1242,unknown,24004,4,1,0,,35629,30883,0,1260,1275,15,,5.001,,,,,,True
1243,1243,unknown,24004,4,2,0,,35628,38586,0,1260,1275,15,,5.075,,,,,,True
1244,1244,unknown,69005,5,1,0,,35629,30883,0,1260,1299,39,,8.079,,,,,,True
1245,1245,unknown,69005,5,2,0,,35628,38586,0,1260,1298,38,,8.724,,,,,,True
1246,1246,unknown,47006,6,1,0,,35629,33559,0,1260,1288,28,,7.56,,,,,,True
1247,1247,unknown,47006,6,2,0,,33559,38586,0,1260,1289,29,,8.583,,,,,,True
1248,1248,unknown,22007,7,1,0,,26806,31491,0,1260,1358,98,,16.573,,,,,,True
1249,1249,unknown,22007,7,2,0,,37538,26807,0,1260,1357,97,,18.29,,,,,,True
1250,1250,unknown,37008,8,1,0,,31345,32742,0,1260,1325,65,urban,19.271,,,,,,True
1251,1251,unknown,37008,8,2,0,,31377,34063,0,1260,1316,56,urban,18.924,,,,,,True
1252,1252,unknown,34015,15,1,0,,35315,31470,0,1260,1316,56,minibus,16.789,,,,,,True
1253,1253,unknown,34015,15,2,0,,31470,35335,0,1260,1318,58,minibus,16.538,,,,,,True
1254,1254,unknown,23018,18,1,0,,26945,35335,0,1260,1333,73,urban,17.749,,,,,,True
1255,1255,unknown,23018,18,2,0,,35315,26945,0,1260,1321,61,urban,17.291,,,,,,True
1256,1256,unknown,40028,28,1,0,,20789,33551,0,1260,1335,75,urban,16.201,,,,,,True
1257,1257,unknown,40028,28,2,0,,33550,20788,0,1260,1336,76,urban,17.273,,,,,,True
1258,1258,unknown,20036,36,1,0,,20277,35315,0,1260,1329,69,,17.54,,,,,,True
1259,1259,unknown,20036,36,2,0,,31313,25867,0,1260,1348,88,,17.287,,,,,,True
1260,1260,unknown,21037,37,1,0,,20001,31574,0,1260,1313,53,urban,18.78,,,,,,True
1261,1261,unknown,21037,37,2,0,,31581,27997,0,1260,1308,48,urban,19.037,,,,,,True
1262,1262,unknown,28055,55,1,0,,20277,33551,0,1260,1337,77,,19.716,,,,,,True
1263,1263,unknown,28055,55,2,0,,33550,25867,0,1260,1337,77,,19.063,,,,,,True
1264,1264,unknown,23056,56,1,0,,20277,31574,0,1260,1343,83,,22.068,,,,,,True
1265,1265,unknown,23056,56,2,0,,31052,25867,0,1260,1339,79,,21.135,,,,,,True
1266,1266,unknown,21059,59,1,0,,20001,35341,0,1260,1314,54,urban,18.289,,,,,,True
1267,1267,unknown,21059,59,2,0,,31313,27997,0,1260,1315,55,urban,18.79,,,,,,True
1268,1268,unknown,14068,68,1,0,,20277,33551,0,1260,1335,75,,20.409,,,,,,True
1269,1269,unknown,14068,68,2,0,,33550,25867,0,1260,1320,60,,20.664,,,,,,True
1270,1270,unknown,15069,69,1,0,,20001,31738,0,1260,1315,55,urban,14.471,,,,,,True
1271,1271,unknown,15069,69,2,0,,38160,27997,0,1260,1305,45,urban,13.999,,,,,,True
1272,1272,unknown,31075,75,3,0,,31481,35475,0,1260,1320,60,urban,17.458,,,,,,True
1273,1273,unknown,23076,76,1,0,,33599,35335,0,1260,1314,54,urban,15.827,,,,,,True
1274,1274,unknown,23076,76,2,0,,35315,33598,0,1260,1329,69,urban,15.606,,,,,,True
1275,1275,unknown,33077,77,1,0,,31313,31424,0,1260,1319,59,urban,15.935,,,,,,True
1276,1276,unknown,33077,77,2,0,,35377,35335,0,1260,1305,45,urban,15.376,,,,,,True
1277,1277,unknown,17078,78,1,0,,33599,35335,0,1260,1318,58,urban,20.953,,,,,,True
1278,1278,unknown,17078,78,2,0,,35315,33598,0,1260,1331,71,urban,20.373,,,,,,True
1279,1279,unknown,37085,85,1,0,,32298,32771,0,1260,1321,61,,23.868,,,,,,True
1280,1280,unknown,37085,85,2,0,,32771,31314,0,1260,1330,70,,23.699,,,,,,True
1281,1281,unknown,16115,115,1,0,,33550,25867,0,1260,1350,90,,17.741,,,,,,True
1282,1282,unknown,16115,115,2,0,,20277,33551,0,1260,1347,87,,17.818,,,,,,True
1283,1283,unknown,10138,138,1,0,,31344,39943,0,1260,1334,74,urban,23.767,,,,,,True
1284,1284,unknown,10138,138,2,0,,31685,31574,0,1260,1337,77,urban,25.049,,,,,,True
1285,1285,unknown,13139,139,1,0,,38160,39943,0,1260,1345,85,urban,26.142,,,,,,True
1286,1286,unknown,11168,168,1,0,,22935,33551,0,1260,1317,57,urban,16.738,,,,,,True
1287,1287,unknown,11168,168,2,0,,33550,25354,0,1260,1322,62,urban,15.975,,,,,,True
1288,1288,unknown,15173,173,1,0,,33567,31738,0,1260,1317,57,,29.337,,,,,,True
1289,1289,unknown,11179,179,1,0,,35629,33598,0,1260,1330,70,,23.581,,,,,,True
1290,1290,unknown,11179,179,2,0,,33599,38586,0,1260,1315,55,,23.289,,,,,,True
1291,1291,unknown,12180,180,2,0,,20163,39590,0,1260,1313,53,,23.197,,,,,,True
1292,1292,unknown,19205,205,1,0,,31574,26807,0,1260,1336,76,,21.244,,,,,,True
1293,1293,unknown,19205,205,2,0,,26806,31574,0,1260,1333,73,,20.788,,,,,,True
1294,1294,unknown,10236,236,1,0,,25358,35335,0,1260,1318,58,urban,16.679,,,,,,True
1295,1295,unknown,10236,236,2,0,,31313,26956,0,1260,1323,63,urban,16.302,,,,,,True
1296,1296,unknown,14256,256,1,0,,35475,25937,0,1260,1312,52,urban,16.116,,,,,,True
1297,1297,unknown,14256,256,2,0,,20001,36639,0,1260,1315,55,urban,16.346,,,,,,True
1298,1298,unknown,10277,277,1,0,,35628,2000,0,1260,1365,105,,60.063,,,,,,True
1299,1299,unknown,10277,277,2,0,,2007,30883,0,1260,1360,100,,60.455,,,,,,True
1300,1300,unknown,19279,279,1,0,,35629,36583,0,1260,1335,75,,23.87,,,,,,True
1301,1301,unknown,19279,279,2,0,,36583,38586,0,1260,1315,55,,23.212,,,,,,True
1302,1302,unknown,11280,280,2,0,,20163,39590,0,1260,1324,64,,24.949,,,,,,True
1303,1303,unknown,12281,281,1,0,,35628,60817,0,1260,1330,70,,36.492,,,,,,True
1304,1304,unknown,12281,281,2,0,,61417,30883,0,1260,1335,75,,40.244,,,,,,True
1305,1305,unknown,14444,444,2,0,,37528,37015,0,1260,1354,94,,40.627,,,,,,True
1306,1306,unknown,70001,1,1,0,,31313,33551,0,1320,1377,57,urban,15.21,,,,,,True
1307,1307,unknown,70001,1,2,0,,33550,35315,0,1320,1377,57,urban,14.884,,,,,,True
1308,1308,unknown,24004,4,1,0,,35629,30883,0,1320,1335,15,,5.001,,,,,,True
1309,1309,unknown,24004,4,2,0,,35628,38586,0,1320,1335,15,,5.075,,,,,,True
1310,1310,unknown,69005,5,1,0,,35629,30883,0,1320,1359,39,,8.079,,,,,,True
1311,1311,unknown,69005,5,2,0,,35628,38586,0,1320,1350,30,,8.724,,,,,,True
1312,1312,unknown,47006,6,1,0,,35629,33559,0,1320,1346,26,,7.56,,,,,,True
1313,1313,unknown,47006,6,2,0,,33559,38586,0,1320,1349,29,,8.583,,,,,,True
1314,1314,unknown,22007,7,1,0,,26806,31491,0,1320,1418,98,,16.573,,,,,,True
1315,1315,unknown,22007,7,2,0,,37538,26807,0,1320,1417,97,,18.29,,,,,,True
1316,1316,unknown,37008,8,1,0,,31345,32742,0,1320,1385,65,urban,19.271,,,,,,True
1317,1317,unknown,37008,8,2,0,,31377,34063,0,1320,1375,55,urban,18.924,,,,,,True
1318,1318,unknown,34015,15,1,0,,35315,31470,0,1320,1378,58,minibus,16.789,,,,,,True
1319,1319,unknown,34015,15,2,0,,31470,35335,0,1320,1378,58,minibus,16.538,,,,,,True
1320,1320,unknown,23018,18,1,0,,26945,35335,0,1320,1393,73,urban,17.749,,,,,,True
1321,1321,unknown,23018,18,2,0,,35315,26945,0,1320,1393,73,urban,17.291,,,,,,True
1322,1322,unknown,40028,28,1,0,,20789,33551,0,1320,1379,59,urban,16.201,,,,,,True
1323,1323,unknown,40028,28,2,0,,33550,20788,0,1320,1396,76,urban,17.273,,,,,,True
1324,1324,unknown,20036,36,1,0,,20277,35315,0,1320,1389,69,,17.54,,,,,,True
1325,1325,unknown,20036,36,2,0,,31313,25867,0,1320,1408,88,,17.287,,,,,,True
1326,1326,unknown,21037,37,1,0,,20001,31574,0,1320,1368,48,urban,18.78,,,,,,True
1327,1327,unknown,21037,37,2,0,,31581,27997,0,1320,1370,50,urban,19.037,,,,,,True
1328,1328,unknown,28055,55,1,0,,20277,33551,0,1320,1392,72,,19.716,,,,,,True
1329,1329,unknown,28055,55,2,0,,33550,25867,0,1320,1392,72,,19.063,,,,,,True
1330,1330,unknown,23056,56,1,0,,20277,31574,0,1320,1403,83,,22.068,,,,,,True
1331,1331,unknown,23056,56,2,0,,31052,25867,0,1320,1399,79,,21.135,,,,,,True
1332,1332,unknown,21059,59,1,0,,20001,35341,0,1320,1372,52,urban,18.289,,,,,,True
1333,1333,unknown,21059,59,2,0,,31313,27997,0,1320,1373,53,urban,18.79,,,,,,True
1334,1334,unknown,14068,68,1,0,,20277,33551,0,1320,1395,75,,20.409,,,,,,True
1335,1335,unknown,14068,68,2,0,,33550,25867,0,1320,1377,57,,20.664,,,,,,True
1336,1336,unknown,15069,69,1,0,,20001,31738,0,1320,1375,55,urban,14.471,,,,,,True
1337,1337,unknown,15069,69,2,0,,38160,27997,0,1320,1370,50,urban,13.999,,,,,,True
1338,1338,unknown,31075,75,3,0,,31481,35475,0,1320,1365,45,urban,17.458,,,,,,True
1339,1339,unknown,23076,76,1,0,,33599,35335,0,1320,1371,51,urban,15.827,,,,,,True
1340,1340,unknown,23076,76,2,0,,35315,33598,0,1320,1370,50,urban,15.606,,,,,,True
1341,1341,unknown,33077,77,1,0,,31313,31424,0,1320,1369,49,urban,15.935,,,,,,True
1342,1342,unknown,33077,77,2,0,,35377,35335,0,1320,1373,53,urban,15.376,,,,,,True
1343,1343,unknown,17078,78,1,0,,33599,35335,0,1320,1388,68,urban,20.953,,,,,,True
1344,1344,unknown,17078,78,2,0,,35315,33598,0,1320,1391,71,urban,20.373,,,,,,True
1345,1345,unknown,37085,85,1,0,,32298,32771,0,1320,1367,47,,23.868,,,,,,True
1346,1346,unknown,16115,115,1,0,,33550,25867,0,1320,1410,90,,17.741,,,,,,True
1347,1347,unknown,16115,115,2,0,,20277,33551,0,1320,1407,87,,17.818,,,,,,True
1348,1348,unknown,13139,139,1,0,,38160,39943,0,1320,1386,66,urban,26.142,,,,,,True
1349,1349,unknown,13139,139,2,0,,31685,31738,0,1320,1435,115,urban,26.47,,,,,,True
1350,1350,unknown,11168,168,1,0,,22935,33551,0,1320,1372,52,urban,16.738,,,,,,True
1351,1351,unknown,11168,168,2,0,,33550,25354,0,1320,1396,76,urban,15.975,,,,,,True
1352,1352,unknown,15173,173,2,0,,38160,39590,0,1320,1378,58,,28.673,,,,,,True
1353,1353,unknown,11179,179,1,0,,35629,33598,0,1320,1390,70,,23.581,,,,,,True
1354,1354,unknown,11179,179,2,0,,33599,38586,0,1320,1375,55,,23.289,,,,,,True
1355,1355,unknown,12180,180,2,0,,20163,39590,0,1320,1374,54,,23.197,,,,,,True
1356,1356,unknown,19205,205,1,0,,31574,26807,0,1320,1396,76,,21.244,,,,,,True
1357,1357,unknown,19205,205,2,0,,26806,31574,0,1320,1393,73,,20.788,,,,,,True
1358,1358,unknown,10236,236,1,0,,25358,35335,0,1320,1375,55,urban,16.679,,,,,,True
1359,1359,unknown,10236,236,2,0,,31313,26956,0,1320,1378,58,urban,16.302,,,,,,True
1360,1360,unknown,14256,256,1,0,,35475,25937,0,1320,1373,53,urban,16.116,,,,,,True
1361,1361,unknown,14256,256,2,0,,20001,36639,0,1320,1368,48,urban,16.346,,,,,,True
1362,1362,unknown,10277,277,1,0,,35628,2000,0,1320,1425,105,,60.063,,,,,,True
1363,1363,unknown,10277,277,2,0,,2007,30883,0,1320,1420,100,,60.455,,,,,,True
1364,1364,unknown,19279,279,1,0,,35629,36583,0,1320,1395,75,,23.87,,,,,,True
1365,1365,unknown,19279,279,2,0,,36583,38586,0,1320,1373,53,,23.212,,,,,,True
1366,1366,unknown,11280,280,2,0,,20163,39590,0,1320,1380,60,,24.949,,,,,,True
1367,1367,unknown,12281,281,1,0,,35628,60817,0,1320,1390,70,,36.492,,,,,,True
1368,1368,unknown,12281,281,2,0,,61417,30883,0,1320,1395,75,,40.244,,,,,,True
1369,1369,unknown,11377,377,2,0,,180,30883,0,1320,1420,100,,61.487,,,,,,True
1370,1370,unknown,70001,1,1,0,,31313,33551,0,1380,1437,57,urban,15.21,,,,,,True
1371,1371,unknown,70001,1,2,0,,33550,35315,0,1380,1437,57,urban,14.884,,,,,,True
1372,1372,unknown,24004,4,1,0,,35629,30883,0,1380,1395,15,,5.001,,,,,,True
1373,1373,unknown,24004,4,2,0,,35628,38586,0,1380,1395,15,,5.075,,,,,,True
1374,1374,unknown,69005,5,1,0,,35629,30883,0,1380,1419,39,,8.079,,,,,,True
1375,1375,unknown,69005,5,2,0,,35628,38586,0,1380,1410,30,,8.724,,,,,,True
1376,1376,unknown,47006,6,1,0,,35629,33559,0,1380,1406,26,,7.56,,,,,,True
1377,1377,unknown,47006,6,2,0,,33559,38586,0,1380,1409,29,,8.583,,,,,,True
1378,1378,unknown,22007,7,1,0,,26806,31491,0,1380,1478,98,,16.573,,,,,,True
1379,1379,unknown,22007,7,2,0,,37538,26807,0,1380,1477,97,,18.29,,,,,,True
1380,1380,unknown,37008,8,1,0,,31345,32742,0,1380,1445,65,urban,19.271,,,,,,True
1381,1381,unknown,37008,8,2,0,,31377,34063,0,1380,1446,66,urban,18.924,,,,,,True
1382,1382,unknown,23018,18,1,0,,26945,35335,0,1380,1453,73,urban,17.749,,,,,,True
1383,1383,unknown,23018,18,2,0,,35315,26945,0,1380,1434,54,urban,17.291,,,,,,True
1384,1384,unknown,40028,28,1,0,,20789,33551,0,1380,1455,75,urban,16.201,,,,,,True
1385,1385,unknown,40028,28,2,0,,33550,20788,0,1380,1456,76,urban,17.273,,,,,,True
1386,1386,unknown,20036,36,1,0,,20277,35315,0,1380,1449,69,,17.54,,,,,,True
1387,1387,unknown,20036,36,2,0,,31313,25867,0,1380,1468,88,,17.287,,,,,,True
1388,1388,unknown,21037,37,1,0,,20001,31574,0,1380,1427,47,urban,18.78,,,,,,True
1389,1389,unknown,21037,37,2,0,,31581,27997,0,1380,1427,47,urban,19.037,,,,,,True
1390,1390,unknown,28055,55,1,0,,20277,33551,0,1380,1452,72,,19.716,,,,,,True
1391,1391,unknown,28055,55,2,0,,33550,25867,0,1380,1442,62,,19.063,,,,,,True
1392,1392,unknown,23056,56,1,0,,20277,31574,0,1380,1463,83,,22.068,,,,,,True
1393,1393,unknown,23056,56,2,0,,31052,25867,0,1380,1459,79,,21.135,,,,,,True
1394,1394,unknown,21059,59,1,0,,20001,35341,0,1380,1433,53,urban,18.289,,,,,,True
1395,1395,unknown,14068,68,1,0,,20277,33551,0,1380,1455,75,,20.409,,,,,,True
1396,1396,unknown,14068,68,2,0,,33550,25867,0,1380,1433,53,,20.664,,,,,,True
1397,1397,unknown,15069,69,1,0,,20001,31738,0,1380,1435,55,urban,14.471,,,,,,True
1398,1398,unknown,15069,69,2,0,,38160,27997,0,1380,1422,42,urban,13.999,,,,,,True
1399,1399,unknown,23076,76,1,0,,33599,35335,0,1380,1430,50,urban,15.827,,,,,,True
1400,1400,unknown,23076,76,2,0,,35315,33598,0,1380,1432,52,urban,15.606,,,,,,True
1401,1401,unknown,33077,77,1,0,,31313,31424,0,1380,1429,49,urban,15.935,,,,,,True
1402,1402,unknown,33077,77,2,0,,35377,35335,0,1380,1433,53,urban,15.376,,,,,,True
1403,1403,unknown,17078,78,1,0,,33599,35335,0,1380,1430,50,urban,20.953,,,,,,True
1404,1404,unknown,17078,78,2,0,,35315,33598,0,1380,1451,71,urban,20.373,,,,,,True
1405,1405,unknown,16115,115,2,0,,20277,33551,0,1380,1467,87,,17.818,,,,,,True
1406,1406,unknown,11168,168,1,0,,22935,33551,0,1380,1445,65,urban,16.738,,,,,,True
1407,1407,unknown,11179,179,1,0,,35629,33598,0,1380,1450,70,,23.581,,,,,,True
1408,1408,unknown,11179,179,2,0,,33599,38586,0,1380,1445,65,,23.289,,,,,,True
1409,1409,unknown,19205,205,2,0,,26806,31574,0,1380,1444,64,,20.788,,,,,,True
1410,1410,unknown,10236,236,1,0,,25358,35335,0,1380,1431,51,urban,16.679,,,,,,True
1411,1411,unknown,10236,236,2,0,,31313,26956,0,1380,1438,58,urban,16.302,,,,,,True
1412,1412,unknown,14256,256,1,0,,35475,25937,0,1380,1428,48,urban,16.116,,,,,,True
1413,1413,unknown,14256,256,2,0,,20001,36639,0,1380,1435,55,urban,16.346,,,,,,True
1414,1414,unknown,10277,277,1,0,,35628,2000,0,1380,1485,105,,60.063,,,,,,True
1415,1415,unknown,10277,277,2,0,,2007,30883,0,1380,1480,100,,60.455,,,,,,True
1416,1416,unknown,19279,279,1,0,,35629,36583,0,1380,1455,75,,23.87,,,,,,True
1417,1417,unknown,19279,279,2,0,,36583,38586,0,1380,1430,50,,23.212,,,,,,True
1418,1418,unknown,11280,280,2,0,,20163,39590,0,1380,1441,61,,24.949,,,,,,True
1419,1419,unknown,12281,281,1,0,,35628,60817,0,1380,1450,70,,36.492,,,,,,True
1420,1420,unknown,12281,281,2,0,,61417,30883,0,1380,1455,75,,40.244,,,,,,True
1421,1421,unknown,11377,377,2,0,,180,30883,0,1380,1500,120,,61.487,,,,,,True
